datetime,count
2011-01-20 00:00:00,13.694748
2011-01-20 01:00:00,2.7001185
2011-01-20 02:00:00,1.7068706
2011-01-20 03:00:00,2.472302
2011-01-20 04:00:00,2.0618196
2011-01-20 05:00:00,5.693446
2011-01-20 06:00:00,31.780281
2011-01-20 07:00:00,87.75915
2011-01-20 08:00:00,202.73682
2011-01-20 09:00:00,115.84392
2011-01-20 10:00:00,57.213474
2011-01-20 11:00:00,57.563305
2011-01-20 12:00:00,72.065414
2011-01-20 13:00:00,68.17404
2011-01-20 14:00:00,66.10912
2011-01-20 15:00:00,73.21415
2011-01-20 16:00:00,90.93445
2011-01-20 17:00:00,179.93098
2011-01-20 18:00:00,169.03683
2011-01-20 19:00:00,110.11921
2011-01-20 20:00:00,76.84053
2011-01-20 21:00:00,56.25322
2011-01-20 22:00:00,38.692875
2011-01-20 23:00:00,27.259663
2011-01-21 00:00:00,13.237207
2011-01-21 01:00:00,4.9110537
2011-01-21 02:00:00,4.270818
2011-01-21 03:00:00,0.0
2011-01-21 04:00:00,4.048346
2011-01-21 05:00:00,5.2111526
2011-01-21 06:00:00,31.394373
2011-01-21 07:00:00,76.086105
2011-01-21 08:00:00,187.54852
2011-01-21 09:00:00,111.836945
2011-01-21 10:00:00,44.133095
2011-01-21 11:00:00,55.222343
2011-01-21 12:00:00,55.73075
2011-01-21 13:00:00,49.090454
2011-01-21 14:00:00,56.939476
2011-01-21 15:00:00,62.752594
2011-01-21 16:00:00,77.65647
2011-01-21 17:00:00,140.21733
2011-01-21 18:00:00,126.60793
2011-01-21 19:00:00,77.09028
2011-01-21 20:00:00,52.703724
2011-01-21 21:00:00,42.704075
2011-01-21 22:00:00,35.709057
2011-01-21 23:00:00,27.993587
2011-01-22 00:00:00,25.777174
2011-01-22 01:00:00,15.611547
2011-01-22 02:00:00,12.460606
2011-01-22 03:00:00,4.1918406
2011-01-22 04:00:00,0.42406923
2011-01-22 06:00:00,0.0
2011-01-22 07:00:00,5.4780893
2011-01-22 08:00:00,17.126463
2011-01-22 09:00:00,36.084312
2011-01-22 10:00:00,54.017815
2011-01-22 11:00:00,64.89242
2011-01-22 12:00:00,78.51443
2011-01-22 13:00:00,89.13035
2011-01-22 14:00:00,88.37466
2011-01-22 15:00:00,89.83406
2011-01-22 16:00:00,87.456345
2011-01-22 17:00:00,91.47936
2011-01-22 18:00:00,67.39734
2011-01-22 19:00:00,49.61857
2011-01-22 20:00:00,40.122154
2011-01-22 21:00:00,32.138023
2011-01-22 22:00:00,29.899271
2011-01-22 23:00:00,25.731733
2011-01-23 00:00:00,28.412958
2011-01-23 01:00:00,21.46272
2011-01-23 02:00:00,15.074211
2011-01-23 03:00:00,8.0020485
2011-01-23 05:00:00,0.7340486
2011-01-23 06:00:00,0.0
2011-01-23 07:00:00,1.2023623
2011-01-23 08:00:00,10.9416065
2011-01-23 09:00:00,27.888521
2011-01-23 10:00:00,56.225502
2011-01-23 11:00:00,68.6421
2011-01-23 12:00:00,77.863815
2011-01-23 13:00:00,82.59849
2011-01-23 14:00:00,80.45804
2011-01-23 15:00:00,81.63299
2011-01-23 16:00:00,75.535355
2011-01-23 17:00:00,71.41322
2011-01-23 18:00:00,66.401886
2011-01-23 19:00:00,50.24108
2011-01-23 20:00:00,42.322216
2011-01-23 21:00:00,30.6543
2011-01-23 22:00:00,25.184744
2011-01-23 23:00:00,18.32071
2011-01-24 00:00:00,10.96332
2011-01-24 01:00:00,4.215237
2011-01-24 03:00:00,1.8400168
2011-01-24 04:00:00,1.3703288
2011-01-24 05:00:00,3.6263955
2011-01-24 06:00:00,24.371576
2011-01-24 07:00:00,61.8342
2011-01-24 08:00:00,164.52121
2011-01-24 09:00:00,90.023415
2011-01-24 10:00:00,34.95393
2011-01-24 11:00:00,35.808296
2011-01-24 12:00:00,46.32212
2011-01-24 13:00:00,49.80661
2011-01-24 14:00:00,42.61922
2011-01-24 15:00:00,53.964024
2011-01-24 16:00:00,68.78152
2011-01-24 17:00:00,142.05138
2011-01-24 18:00:00,142.20186
2011-01-24 19:00:00,97.69597
2011-01-24 20:00:00,65.80805
2011-01-24 21:00:00,42.60247
2011-01-24 22:00:00,23.360735
2011-01-24 23:00:00,14.52503
2011-01-25 00:00:00,6.6515937
2011-01-25 01:00:00,1.3257134
2011-01-25 02:00:00,0.2658828
2011-01-25 04:00:00,0.0
2011-01-25 05:00:00,3.3581414
2011-01-25 06:00:00,23.545202
2011-01-25 07:00:00,71.92008
2011-01-25 08:00:00,175.007
2011-01-25 09:00:00,104.40698
2011-01-25 10:00:00,43.550602
2011-01-25 11:00:00,41.49546
2011-01-25 12:00:00,66.991066
2011-01-25 13:00:00,67.79623
2011-01-25 14:00:00,60.24399
2011-01-25 15:00:00,65.494156
2011-01-25 16:00:00,84.00309
2011-01-25 17:00:00,191.08046
2011-01-25 18:00:00,180.41006
2011-01-25 19:00:00,112.47298
2011-01-25 20:00:00,71.88032
2011-01-25 21:00:00,53.173313
2011-01-25 22:00:00,33.34809
2011-01-25 23:00:00,19.312233
2011-01-26 00:00:00,8.847703
2011-01-26 01:00:00,3.3990116
2011-01-26 02:00:00,0.69107884
2011-01-26 05:00:00,0.0
2011-01-26 06:00:00,10.334678
2011-01-26 07:00:00,47.707405
2011-01-26 08:00:00,132.61765
2011-01-26 09:00:00,73.14305
2011-01-26 10:00:00,23.71304
2011-01-26 11:00:00,25.678411
2011-01-26 12:00:00,24.677746
2011-01-26 13:00:00,30.023977
2011-01-26 14:00:00,28.29504
2011-01-26 15:00:00,21.849102
2011-01-26 16:00:00,50.285942
2011-01-26 17:00:00,78.00375
2011-01-27 16:00:00,79.45702
2011-01-27 17:00:00,157.85625
2011-01-27 18:00:00,151.67747
2011-01-27 19:00:00,103.81955
2011-01-27 20:00:00,77.76539
2011-01-27 21:00:00,57.878716
2011-01-27 22:00:00,40.95572
2011-01-27 23:00:00,24.670624
2011-01-28 00:00:00,12.711677
2011-01-28 01:00:00,5.600868
2011-01-28 02:00:00,3.17381
2011-01-28 03:00:00,1.8319585
2011-01-28 05:00:00,3.453673
2011-01-28 06:00:00,27.150696
2011-01-28 07:00:00,75.8233
2011-01-28 08:00:00,191.56026
2011-01-28 09:00:00,88.80601
2011-01-28 10:00:00,41.10656
2011-01-28 11:00:00,39.771484
2011-01-28 12:00:00,44.65769
2011-01-28 13:00:00,43.595127
2011-01-28 14:00:00,35.306034
2011-01-28 15:00:00,58.819054
2011-01-28 16:00:00,78.48888
2011-01-28 17:00:00,165.33408
2011-01-28 18:00:00,141.0577
2011-01-28 19:00:00,101.27679
2011-01-28 20:00:00,67.16722
2011-01-28 21:00:00,49.888756
2011-01-28 22:00:00,40.702885
2011-01-28 23:00:00,37.46606
2011-01-29 00:00:00,28.759127
2011-01-29 01:00:00,20.653608
2011-01-29 02:00:00,15.197001
2011-01-29 03:00:00,7.1777287
2011-01-29 04:00:00,0.6251249
2011-01-29 06:00:00,0.0
2011-01-29 07:00:00,3.5077574
2011-01-29 08:00:00,19.080719
2011-01-29 09:00:00,41.0825
2011-01-29 10:00:00,61.036335
2011-01-29 11:00:00,73.18999
2011-01-29 12:00:00,89.624756
2011-01-29 13:00:00,92.8594
2011-01-29 14:00:00,84.89436
2011-01-29 15:00:00,91.61189
2011-01-29 16:00:00,93.16263
2011-01-29 17:00:00,91.78189
2011-01-29 18:00:00,79.6246
2011-01-29 19:00:00,57.011723
2011-01-29 20:00:00,45.580402
2011-01-29 21:00:00,36.85879
2011-01-29 22:00:00,28.199015
2011-01-29 23:00:00,24.175365
2011-01-30 00:00:00,28.390089
2011-01-30 01:00:00,25.20187
2011-01-30 02:00:00,17.166111
2011-01-30 03:00:00,9.916153
2011-01-30 04:00:00,3.5204978
2011-01-30 05:00:00,2.4463518
2011-01-30 07:00:00,2.9833357
2011-01-30 08:00:00,21.576902
2011-01-30 09:00:00,33.596012
2011-01-30 10:00:00,69.035545
2011-01-30 11:00:00,80.78914
2011-01-30 12:00:00,122.31631
2011-01-30 13:00:00,104.43748
2011-01-30 14:00:00,102.77136
2011-01-30 15:00:00,114.26717
2011-01-30 16:00:00,113.623604
2011-01-30 17:00:00,95.17583
2011-01-30 18:00:00,80.30011
2011-01-30 19:00:00,51.52386
2011-01-30 20:00:00,43.967075
2011-01-30 21:00:00,33.242485
2011-01-30 22:00:00,23.918787
2011-01-30 23:00:00,15.582962
2011-01-31 00:00:00,10.570671
2011-01-31 01:00:00,3.5769813
2011-01-31 02:00:00,2.0943713
2011-01-31 03:00:00,0.82334256
2011-01-31 04:00:00,0.94750124
2011-01-31 05:00:00,0.0
2011-01-31 06:00:00,19.776138
2011-01-31 07:00:00,64.47332
2011-01-31 08:00:00,166.09586
2011-01-31 09:00:00,93.202034
2011-01-31 10:00:00,36.272896
2011-01-31 11:00:00,39.688976
2011-01-31 12:00:00,49.423126
2011-01-31 13:00:00,49.718903
2011-01-31 14:00:00,47.45692
2011-01-31 15:00:00,50.3465
2011-01-31 16:00:00,70.56572
2011-01-31 17:00:00,149.20088
2011-01-31 18:00:00,145.38208
2011-01-31 19:00:00,117.28707
2011-01-31 20:00:00,56.86484
2011-01-31 21:00:00,41.524082
2011-01-31 22:00:00,29.830875
2011-01-31 23:00:00,17.21327
2011-02-20 00:00:00,28.013426
2011-02-20 01:00:00,21.796553
2011-02-20 02:00:00,17.046978
2011-02-20 03:00:00,5.1734476
2011-02-20 04:00:00,0.0
2011-02-20 06:00:00,0.67134523
2011-02-20 07:00:00,4.264118
2011-02-20 08:00:00,18.978613
2011-02-20 09:00:00,41.579884
2011-02-20 10:00:00,91.85327
2011-02-20 11:00:00,120.40117
2011-02-20 12:00:00,147.82977
2011-02-20 13:00:00,158.41322
2011-02-20 14:00:00,157.06598
2011-02-20 15:00:00,163.93947
2011-02-20 16:00:00,159.14146
2011-02-20 17:00:00,138.4614
2011-02-20 18:00:00,104.88362
2011-02-20 19:00:00,75.767685
2011-02-20 20:00:00,44.92715
2011-02-20 21:00:00,44.885586
2011-02-20 22:00:00,41.680344
2011-02-20 23:00:00,26.49129
2011-02-21 00:00:00,27.415127
2011-02-21 01:00:00,19.064217
2011-02-21 02:00:00,12.727927
2011-02-21 03:00:00,6.1688566
2011-02-21 04:00:00,0.0
2011-02-21 05:00:00,1.009916
2011-02-21 06:00:00,22.3077
2011-02-21 07:00:00,72.43496
2011-02-21 08:00:00,120.59568
2011-02-21 09:00:00,91.44788
2011-02-21 10:00:00,83.429825
2011-02-21 11:00:00,96.35402
2011-02-21 12:00:00,115.32825
2011-02-21 13:00:00,75.52062
2011-02-21 14:00:00,115.3683
2011-02-21 15:00:00,108.08325
2011-02-21 16:00:00,87.78745
2011-02-21 17:00:00,144.42383
2011-02-21 18:00:00,100.14231
2011-02-21 19:00:00,91.73069
2011-02-21 20:00:00,55.877106
2011-02-21 21:00:00,42.537975
2011-02-21 22:00:00,25.455774
2011-02-21 23:00:00,17.686932
2011-02-22 06:00:00,27.691086
2011-02-22 07:00:00,79.90071
2011-02-22 08:00:00,192.28128
2011-02-22 09:00:00,113.97109
2011-02-22 10:00:00,46.256622
2011-02-22 11:00:00,42.19935
2011-02-22 12:00:00,62.22381
2011-02-22 13:00:00,70.38264
2011-02-22 14:00:00,62.94344
2011-02-22 15:00:00,70.90245
2011-02-22 16:00:00,86.18554
2011-02-22 17:00:00,168.50067
2011-02-22 18:00:00,173.81088
2011-02-22 19:00:00,109.739914
2011-02-22 20:00:00,81.223274
2011-02-22 21:00:00,60.312454
2011-02-22 22:00:00,39.839092
2011-02-22 23:00:00,27.488802
2011-02-23 00:00:00,10.192144
2011-02-23 01:00:00,3.6618092
2011-02-23 02:00:00,2.0582361
2011-02-23 03:00:00,1.7259632
2011-02-23 05:00:00,4.687212
2011-02-23 06:00:00,30.372955
2011-02-23 07:00:00,93.93612
2011-02-23 08:00:00,211.29727
2011-02-23 09:00:00,127.803246
2011-02-23 10:00:00,54.294365
2011-02-23 11:00:00,50.84108
2011-02-23 12:00:00,80.05617
2011-02-23 13:00:00,87.05797
2011-02-23 14:00:00,79.24597
2011-02-23 15:00:00,91.66709
2011-02-23 16:00:00,103.79105
2011-02-23 17:00:00,223.7415
2011-02-23 18:00:00,209.2056
2011-02-23 19:00:00,135.51697
2011-02-23 20:00:00,87.55343
2011-02-23 21:00:00,61.562702
2011-02-23 22:00:00,45.84097
2011-02-23 23:00:00,31.714392
2011-02-24 00:00:00,13.296453
2011-02-24 01:00:00,6.4098673
2011-02-24 02:00:00,3.594488
2011-02-24 03:00:00,2.6535773
2011-02-24 05:00:00,5.551909
2011-02-24 06:00:00,32.834484
2011-02-24 07:00:00,103.40373
2011-02-24 08:00:00,237.40637
2011-02-24 09:00:00,128.1305
2011-02-24 10:00:00,57.267624
2011-02-24 11:00:00,72.96718
2011-02-24 12:00:00,82.82284
2011-02-24 13:00:00,81.60605
2011-02-24 14:00:00,73.424286
2011-02-24 15:00:00,44.34943
2011-02-24 16:00:00,62.454784
2011-02-24 17:00:00,171.26698
2011-02-24 18:00:00,142.66809
2011-02-24 19:00:00,78.8076
2011-02-24 20:00:00,72.49011
2011-02-24 21:00:00,65.4336
2011-02-24 22:00:00,22.680391
2011-02-24 23:00:00,32.041058
2011-02-25 00:00:00,10.774279
2011-02-25 01:00:00,5.6366677
2011-02-25 02:00:00,3.9293857
2011-02-25 03:00:00,2.3170104
2011-02-25 05:00:00,5.0182467
2011-02-25 06:00:00,34.26093
2011-02-25 07:00:00,73.93777
2011-02-25 08:00:00,181.61127
2011-02-25 09:00:00,80.48824
2011-02-25 10:00:00,41.95732
2011-02-25 11:00:00,106.9164
2011-02-25 12:00:00,121.14022
2011-02-25 13:00:00,119.87403
2011-02-25 14:00:00,116.84878
2011-02-25 15:00:00,129.29588
2011-02-25 16:00:00,103.027824
2011-02-25 17:00:00,167.76476
2011-02-25 18:00:00,147.71964
2011-02-25 19:00:00,102.762825
2011-02-25 20:00:00,57.367367
2011-02-25 21:00:00,58.062355
2011-02-25 22:00:00,48.862736
2011-02-25 23:00:00,39.30859
2011-02-26 00:00:00,28.66611
2011-02-26 01:00:00,21.427195
2011-02-26 02:00:00,16.580568
2011-02-26 03:00:00,8.679651
2011-02-26 04:00:00,1.9259454
2011-02-26 05:00:00,0.42669278
2011-02-26 06:00:00,1.2126805
2011-02-26 07:00:00,11.788277
2011-02-26 08:00:00,36.729298
2011-02-26 09:00:00,59.610943
2011-02-26 10:00:00,96.99519
2011-02-26 11:00:00,120.41872
2011-02-26 12:00:00,140.69359
2011-02-26 13:00:00,142.31804
2011-02-26 14:00:00,135.19362
2011-02-26 15:00:00,144.02885
2011-02-26 16:00:00,143.15596
2011-02-26 17:00:00,137.92436
2011-02-26 18:00:00,107.40062
2011-02-26 19:00:00,73.593185
2011-02-26 20:00:00,62.384518
2011-02-26 21:00:00,46.721416
2011-02-26 22:00:00,42.029152
2011-02-26 23:00:00,33.970795
2011-02-27 00:00:00,33.319042
2011-02-27 01:00:00,30.677359
2011-02-27 02:00:00,23.903435
2011-02-27 03:00:00,13.849023
2011-02-27 04:00:00,5.1696053
2011-02-27 06:00:00,3.840724
2011-02-27 07:00:00,9.814043
2011-02-27 08:00:00,34.7878
2011-02-27 09:00:00,62.096825
2011-02-27 10:00:00,94.63539
2011-02-27 11:00:00,142.13734
2011-02-27 12:00:00,173.24889
2011-02-27 13:00:00,182.5077
2011-02-27 14:00:00,191.5068
2011-02-27 15:00:00,222.96858
2011-02-27 16:00:00,236.1595
2011-02-27 17:00:00,151.6312
2011-02-27 18:00:00,117.7913
2011-02-27 19:00:00,89.36593
2011-02-27 20:00:00,69.29429
2011-02-27 21:00:00,56.9465
2011-02-27 22:00:00,47.769333
2011-02-27 23:00:00,34.23946
2011-02-28 00:00:00,13.956406
2011-02-28 01:00:00,9.616117
2011-02-28 03:00:00,7.505359
2011-02-28 05:00:00,4.210968
2011-02-28 06:00:00,34.249916
2011-02-28 07:00:00,102.53614
2011-02-28 08:00:00,194.57445
2011-02-28 09:00:00,138.65312
2011-02-28 10:00:00,76.12834
2011-02-28 11:00:00,98.29018
2011-02-28 12:00:00,118.03186
2011-02-28 13:00:00,60.633415
2011-02-28 14:00:00,40.397682
2011-02-28 15:00:00,42.016083
2011-02-28 16:00:00,77.93474
2011-02-28 17:00:00,105.507515
2011-02-28 18:00:00,126.525375
2011-02-28 19:00:00,74.891426
2011-02-28 20:00:00,48.228535
2011-02-28 21:00:00,59.181023
2011-02-28 22:00:00,18.322939
2011-02-28 23:00:00,15.093124
2011-03-20 00:00:00,34.238453
2011-03-20 01:00:00,30.495117
2011-03-20 02:00:00,18.991549
2011-03-20 03:00:00,11.829042
2011-03-20 04:00:00,2.5978627
2011-03-20 05:00:00,2.3519218
2011-03-20 06:00:00,3.6037385
2011-03-20 07:00:00,12.481058
2011-03-20 08:00:00,39.13272
2011-03-20 09:00:00,70.21985
2011-03-20 10:00:00,116.95132
2011-03-20 11:00:00,164.03539
2011-03-20 12:00:00,193.86482
2011-03-20 13:00:00,207.12947
2011-03-20 14:00:00,209.57523
2011-03-20 15:00:00,222.17957
2011-03-20 16:00:00,219.13075
2011-03-20 17:00:00,190.1579
2011-03-20 18:00:00,161.0589
2011-03-20 19:00:00,105.51714
2011-03-20 20:00:00,79.11439
2011-03-20 21:00:00,55.048435
2011-03-20 22:00:00,46.642677
2011-03-20 23:00:00,18.871853
2011-03-21 00:00:00,18.001225
2011-03-21 01:00:00,3.9690275
2011-03-21 02:00:00,2.6023388
2011-03-21 03:00:00,0.026589679
2011-03-21 05:00:00,2.7421443
2011-03-21 06:00:00,27.477528
2011-03-21 07:00:00,66.26105
2011-03-21 08:00:00,231.40904
2011-03-21 09:00:00,119.72347
2011-03-21 10:00:00,54.745117
2011-03-21 11:00:00,69.312004
2011-03-21 12:00:00,97.16609
2011-03-21 13:00:00,125.52499
2011-03-21 14:00:00,116.768486
2011-03-21 15:00:00,132.47812
2011-03-21 16:00:00,162.90338
2011-03-21 17:00:00,347.19827
2011-03-21 18:00:00,334.7718
2011-03-21 19:00:00,260.923
2011-03-21 20:00:00,168.89662
2011-03-21 21:00:00,75.769684
2011-03-21 22:00:00,55.132816
2011-03-21 23:00:00,44.07089
2011-03-22 00:00:00,25.135702
2011-03-22 01:00:00,8.052333
2011-03-22 02:00:00,3.688771
2011-03-22 03:00:00,2.349926
2011-03-22 04:00:00,2.1305783
2011-03-22 05:00:00,10.482956
2011-03-22 06:00:00,55.32176
2011-03-22 07:00:00,146.78624
2011-03-22 08:00:00,271.45706
2011-03-22 09:00:00,138.5485
2011-03-22 10:00:00,84.4531
2011-03-22 11:00:00,87.23853
2011-03-22 12:00:00,120.74448
2011-03-22 13:00:00,130.7593
2011-03-22 14:00:00,119.308235
2011-03-22 15:00:00,132.54723
2011-03-22 16:00:00,177.83812
2011-03-22 17:00:00,337.30472
2011-03-22 18:00:00,327.62912
2011-03-22 19:00:00,188.78401
2011-03-22 20:00:00,125.98056
2011-03-22 21:00:00,91.49715
2011-03-22 22:00:00,59.601627
2011-03-22 23:00:00,41.447124
2011-03-23 00:00:00,14.80092
2011-03-23 01:00:00,4.58657
2011-03-23 02:00:00,3.3265114
2011-03-23 03:00:00,0.12485425
2011-03-23 05:00:00,13.2589035
2011-03-23 06:00:00,38.501255
2011-03-23 07:00:00,111.06279
2011-03-23 08:00:00,267.63412
2011-03-23 09:00:00,133.19484
2011-03-23 10:00:00,52.194397
2011-03-23 11:00:00,56.92551
2011-03-23 12:00:00,64.86864
2011-03-23 13:00:00,65.92373
2011-03-23 14:00:00,65.60471
2011-03-23 15:00:00,77.598465
2011-03-23 16:00:00,127.789116
2011-03-23 17:00:00,253.70508
2011-03-23 18:00:00,154.00137
2011-03-23 19:00:00,112.29682
2011-03-23 20:00:00,27.560457
2011-03-23 21:00:00,25.870667
2011-03-23 22:00:00,33.94586
2011-03-23 23:00:00,19.08496
2011-03-24 00:00:00,10.533949
2011-03-24 01:00:00,4.1236887
2011-03-24 02:00:00,2.539362
2011-03-24 03:00:00,4.108939
2011-03-24 04:00:00,3.763044
2011-03-24 05:00:00,5.4300766
2011-03-24 06:00:00,39.08288
2011-03-24 07:00:00,74.02232
2011-03-24 08:00:00,145.7345
2011-03-24 09:00:00,122.53421
2011-03-24 10:00:00,52.54612
2011-03-24 11:00:00,57.772507
2011-03-24 12:00:00,76.38253
2011-03-24 13:00:00,87.0246
2011-03-24 14:00:00,83.70122
2011-03-24 15:00:00,80.7978
2011-03-24 16:00:00,111.4263
2011-03-24 17:00:00,226.65143
2011-03-24 18:00:00,210.37787
2011-03-24 19:00:00,148.78476
2011-03-24 20:00:00,100.77024
2011-03-24 21:00:00,78.81532
2011-03-24 22:00:00,58.05016
2011-03-24 23:00:00,41.608265
2011-03-25 00:00:00,16.627821
2011-03-25 01:00:00,5.521487
2011-03-25 02:00:00,2.1769314
2011-03-25 03:00:00,0.72130847
2011-03-25 04:00:00,0.26069027
2011-03-25 05:00:00,7.549232
2011-03-25 06:00:00,35.549896
2011-03-25 07:00:00,118.914505
2011-03-25 08:00:00,260.41513
2011-03-25 09:00:00,148.18143
2011-03-25 10:00:00,76.61804
2011-03-25 11:00:00,87.21862
2011-03-25 12:00:00,113.68384
2011-03-25 13:00:00,114.57683
2011-03-25 14:00:00,123.62158
2011-03-25 15:00:00,110.69997
2011-03-25 16:00:00,141.63347
2011-03-25 17:00:00,244.22614
2011-03-25 18:00:00,212.06728
2011-03-25 19:00:00,133.92857
2011-03-25 20:00:00,85.42582
2011-03-25 21:00:00,66.757965
2011-03-25 22:00:00,49.30311
2011-03-25 23:00:00,37.193314
2011-03-26 00:00:00,32.820328
2011-03-26 01:00:00,23.730791
2011-03-26 02:00:00,14.153739
2011-03-26 03:00:00,4.565282
2011-03-26 04:00:00,0.0
2011-03-26 05:00:00,0.0
2011-03-26 06:00:00,2.3164833
2011-03-26 07:00:00,14.36832
2011-03-26 08:00:00,46.581863
2011-03-26 09:00:00,82.22003
2011-03-26 10:00:00,118.210304
2011-03-26 11:00:00,147.25249
2011-03-26 12:00:00,174.48329
2011-03-26 13:00:00,196.91096
2011-03-26 14:00:00,203.44942
2011-03-26 15:00:00,211.23846
2011-03-26 16:00:00,187.7272
2011-03-26 17:00:00,176.118
2011-03-26 18:00:00,152.15587
2011-03-26 19:00:00,104.63522
2011-03-26 20:00:00,71.04105
2011-03-26 21:00:00,51.50138
2011-03-26 22:00:00,49.740726
2011-03-26 23:00:00,33.6519
2011-03-27 00:00:00,33.98587
2011-03-27 01:00:00,24.594044
2011-03-27 02:00:00,16.865065
2011-03-27 03:00:00,6.8577886
2011-03-27 04:00:00,5.269346
2011-03-27 06:00:00,4.8693185
2011-03-27 07:00:00,12.171879
2011-03-27 08:00:00,32.717587
2011-03-27 09:00:00,68.15384
2011-03-27 10:00:00,104.16061
2011-03-27 11:00:00,141.38423
2011-03-27 12:00:00,165.68748
2011-03-27 13:00:00,183.85956
2011-03-27 14:00:00,187.93948
2011-03-27 15:00:00,185.78423
2011-03-27 16:00:00,187.45367
2011-03-27 17:00:00,182.24222
2011-03-27 18:00:00,141.88123
2011-03-27 19:00:00,111.48539
2011-03-27 20:00:00,74.93416
2011-03-27 21:00:00,51.77096
2011-03-27 22:00:00,45.123314
2011-03-27 23:00:00,30.420378
2011-03-28 00:00:00,13.039741
2011-03-28 01:00:00,4.6546583
2011-03-28 02:00:00,3.4886072
2011-03-28 03:00:00,2.0299482
2011-03-28 05:00:00,6.919478
2011-03-28 06:00:00,37.09183
2011-03-28 07:00:00,112.55809
2011-03-28 08:00:00,233.54918
2011-03-28 09:00:00,124.23382
2011-03-28 10:00:00,66.889915
2011-03-28 11:00:00,71.1339
2011-03-28 12:00:00,94.65429
2011-03-28 13:00:00,94.15916
2011-03-28 14:00:00,87.690605
2011-03-28 15:00:00,90.56934
2011-03-28 16:00:00,122.54337
2011-03-28 17:00:00,248.26602
2011-03-28 18:00:00,225.52812
2011-03-28 19:00:00,162.91946
2011-03-28 20:00:00,107.44253
2011-03-28 21:00:00,77.529045
2011-03-28 22:00:00,45.140263
2011-03-28 23:00:00,23.420118
2011-03-29 00:00:00,10.078489
2011-03-29 01:00:00,2.0367248
2011-03-29 02:00:00,1.2705514
2011-03-29 03:00:00,0.8089078
2011-03-29 04:00:00,0.5812251
2011-03-29 05:00:00,9.716502
2011-03-29 06:00:00,44.354683
2011-03-29 07:00:00,131.81662
2011-03-29 08:00:00,260.1239
2011-03-29 09:00:00,140.79031
2011-03-29 10:00:00,72.41555
2011-03-29 11:00:00,68.37666
2011-03-29 12:00:00,104.16441
2011-03-29 13:00:00,93.554955
2011-03-29 14:00:00,94.53233
2011-03-29 15:00:00,104.06255
2011-03-29 16:00:00,138.04561
2011-03-29 17:00:00,297.79376
2011-03-29 18:00:00,272.1845
2011-03-29 19:00:00,172.25989
2011-03-29 20:00:00,119.53058
2011-03-29 21:00:00,73.26992
2011-03-29 22:00:00,52.522335
2011-03-29 23:00:00,34.982296
2011-03-30 00:00:00,12.860644
2011-03-30 01:00:00,3.2171504
2011-03-30 02:00:00,0.51240295
2011-03-30 03:00:00,0.0
2011-03-30 04:00:00,0.0
2011-03-30 05:00:00,9.825844
2011-03-30 06:00:00,48.347694
2011-03-30 07:00:00,136.15262
2011-03-30 08:00:00,273.4995
2011-03-30 09:00:00,142.17303
2011-03-30 10:00:00,68.01343
2011-03-30 11:00:00,69.020035
2011-03-30 12:00:00,94.527016
2011-03-30 13:00:00,90.10702
2011-03-30 14:00:00,76.87088
2011-03-30 15:00:00,37.770897
2011-03-30 16:00:00,59.925064
2011-03-30 17:00:00,127.09223
2011-03-30 18:00:00,142.4975
2011-03-30 19:00:00,102.98553
2011-03-30 20:00:00,52.281166
2011-03-30 21:00:00,42.42955
2011-03-30 22:00:00,21.676922
2011-03-30 23:00:00,9.159075
2011-03-31 00:00:00,11.651826
2011-03-31 01:00:00,11.624038
2011-03-31 02:00:00,12.039473
2011-03-31 03:00:00,8.017372
2011-03-31 04:00:00,8.097274
2011-03-31 05:00:00,13.828485
2011-03-31 06:00:00,34.793503
2011-03-31 07:00:00,75.655426
2011-03-31 08:00:00,220.03505
2011-03-31 09:00:00,84.96751
2011-03-31 10:00:00,47.131306
2011-03-31 11:00:00,60.355896
2011-03-31 12:00:00,68.45009
2011-03-31 13:00:00,70.78694
2011-03-31 14:00:00,63.513416
2011-03-31 15:00:00,47.31676
2011-03-31 16:00:00,95.77628
2011-03-31 17:00:00,183.06898
2011-03-31 18:00:00,201.04979
2011-03-31 19:00:00,142.68289
2011-03-31 20:00:00,57.33987
2011-03-31 21:00:00,56.233257
2011-03-31 22:00:00,21.493332
2011-03-31 23:00:00,22.495037
2011-04-20 00:00:00,29.15646
2011-04-20 01:00:00,8.697488
2011-04-20 02:00:00,6.8950014
2011-04-20 03:00:00,0.0
2011-04-20 04:00:00,2.060356
2011-04-20 05:00:00,12.304928
2011-04-20 06:00:00,67.00424
2011-04-20 07:00:00,189.3515
2011-04-20 08:00:00,370.94586
2011-04-20 09:00:00,183.11
2011-04-20 10:00:00,111.86265
2011-04-20 11:00:00,116.889404
2011-04-20 12:00:00,155.85173
2011-04-20 13:00:00,149.94022
2011-04-20 14:00:00,142.58507
2011-04-20 15:00:00,146.60971
2011-04-20 16:00:00,215.46976
2011-04-20 17:00:00,418.03552
2011-04-20 18:00:00,407.64908
2011-04-20 19:00:00,306.77985
2011-04-20 20:00:00,216.40126
2011-04-20 21:00:00,173.36244
2011-04-20 22:00:00,114.490974
2011-04-20 23:00:00,66.549255
2011-04-21 00:00:00,30.472414
2011-04-21 01:00:00,9.409731
2011-04-21 02:00:00,7.210098
2011-04-21 03:00:00,0.0
2011-04-21 04:00:00,0.18078972
2011-04-21 05:00:00,17.151329
2011-04-21 06:00:00,56.98325
2011-04-21 07:00:00,186.2529
2011-04-21 08:00:00,315.11148
2011-04-21 09:00:00,168.9079
2011-04-21 10:00:00,104.318886
2011-04-21 11:00:00,119.62249
2011-04-21 12:00:00,162.61295
2011-04-21 13:00:00,151.80026
2011-04-21 14:00:00,139.92783
2011-04-21 15:00:00,147.12769
2011-04-21 16:00:00,203.26836
2011-04-21 17:00:00,427.4477
2011-04-21 18:00:00,361.35303
2011-04-21 19:00:00,253.12914
2011-04-21 20:00:00,180.9698
2011-04-21 21:00:00,129.86938
2011-04-21 22:00:00,99.28457
2011-04-21 23:00:00,66.191246
2011-04-22 00:00:00,33.637306
2011-04-22 01:00:00,13.464816
2011-04-22 02:00:00,7.901751
2011-04-22 03:00:00,4.2739286
2011-04-22 04:00:00,2.531075
2011-04-22 05:00:00,12.069901
2011-04-22 06:00:00,58.464333
2011-04-22 07:00:00,157.0149
2011-04-22 08:00:00,313.3876
2011-04-22 09:00:00,129.66238
2011-04-22 10:00:00,105.18634
2011-04-22 11:00:00,86.4944
2011-04-22 12:00:00,104.92988
2011-04-22 13:00:00,86.60169
2011-04-22 14:00:00,61.104908
2011-04-22 15:00:00,82.4846
2011-04-22 16:00:00,124.72709
2011-04-22 17:00:00,179.25272
2011-04-22 18:00:00,157.71013
2011-04-22 19:00:00,117.22912
2011-04-22 20:00:00,80.161575
2011-04-22 21:00:00,59.77672
2011-04-22 22:00:00,47.34952
2011-04-22 23:00:00,48.998585
2011-04-23 00:00:00,36.83912
2011-04-23 01:00:00,30.37151
2011-04-23 02:00:00,30.854664
2011-04-23 03:00:00,16.838875
2011-04-23 04:00:00,6.350301
2011-04-23 05:00:00,6.1662426
2011-04-23 06:00:00,8.191194
2011-04-23 07:00:00,25.833845
2011-04-23 08:00:00,55.26046
2011-04-23 09:00:00,85.23171
2011-04-23 10:00:00,153.24121
2011-04-23 11:00:00,192.92973
2011-04-23 12:00:00,224.0858
2011-04-23 13:00:00,254.31621
2011-04-23 14:00:00,289.23416
2011-04-23 15:00:00,323.87732
2011-04-23 16:00:00,320.38007
2011-04-23 17:00:00,302.60648
2011-04-23 18:00:00,260.84952
2011-04-23 19:00:00,185.22264
2011-04-23 20:00:00,122.279945
2011-04-23 21:00:00,108.87467
2011-04-23 22:00:00,87.03923
2011-04-23 23:00:00,64.633385
2011-04-24 00:00:00,69.048935
2011-04-24 01:00:00,49.97031
2011-04-24 02:00:00,34.6729
2011-04-24 03:00:00,13.741832
2011-04-24 04:00:00,0.6037845
2011-04-24 05:00:00,1.1541561
2011-04-24 06:00:00,1.9814004
2011-04-24 07:00:00,25.848001
2011-04-24 08:00:00,64.48985
2011-04-24 09:00:00,122.07976
2011-04-24 10:00:00,212.12253
2011-04-24 11:00:00,329.6301
2011-04-24 12:00:00,337.84586
2011-04-24 13:00:00,364.75916
2011-04-24 14:00:00,359.06134
2011-04-24 15:00:00,360.16708
2011-04-24 16:00:00,369.62476
2011-04-24 17:00:00,328.91675
2011-04-24 18:00:00,295.75244
2011-04-24 19:00:00,171.25888
2011-04-24 20:00:00,112.60409
2011-04-24 21:00:00,52.783134
2011-04-24 22:00:00,22.831223
2011-04-24 23:00:00,31.657352
2011-04-25 00:00:00,15.844801
2011-04-25 01:00:00,11.397697
2011-04-25 02:00:00,6.894524
2011-04-25 03:00:00,2.1067727
2011-04-25 04:00:00,2.1187193
2011-04-25 05:00:00,8.740385
2011-04-25 06:00:00,55.787514
2011-04-25 07:00:00,169.78311
2011-04-25 08:00:00,324.38193
2011-04-25 09:00:00,181.28845
2011-04-25 10:00:00,102.72968
2011-04-25 11:00:00,114.910416
2011-04-25 12:00:00,133.40535
2011-04-25 13:00:00,144.83891
2011-04-25 14:00:00,141.98822
2011-04-25 15:00:00,150.20021
2011-04-25 16:00:00,227.03627
2011-04-25 17:00:00,433.638
2011-04-25 18:00:00,430.56546
2011-04-25 19:00:00,308.7518
2011-04-25 20:00:00,225.48328
2011-04-25 21:00:00,148.66948
2011-04-25 22:00:00,81.154396
2011-04-25 23:00:00,46.902958
2011-04-26 00:00:00,24.90232
2011-04-26 01:00:00,9.046189
2011-04-26 02:00:00,3.2405474
2011-04-26 03:00:00,0.13173601
2011-04-26 04:00:00,0.0
2011-04-26 05:00:00,10.082862
2011-04-26 06:00:00,76.20428
2011-04-26 07:00:00,240.44615
2011-04-26 08:00:00,367.57678
2011-04-26 09:00:00,181.67654
2011-04-26 10:00:00,106.29061
2011-04-26 11:00:00,117.868546
2011-04-26 12:00:00,151.51689
2011-04-26 13:00:00,154.22813
2011-04-26 14:00:00,139.37335
2011-04-26 15:00:00,145.49777
2011-04-26 16:00:00,233.8274
2011-04-26 17:00:00,445.88803
2011-04-26 18:00:00,425.66
2011-04-26 19:00:00,284.1808
2011-04-26 20:00:00,210.85262
2011-04-26 21:00:00,156.28555
2011-04-26 22:00:00,90.445885
2011-04-26 23:00:00,52.6473
2011-04-27 00:00:00,23.916378
2011-04-27 01:00:00,7.928111
2011-04-27 02:00:00,4.2106314
2011-04-27 03:00:00,2.2976296
2011-04-27 04:00:00,0.0
2011-04-27 05:00:00,3.2071922
2011-04-27 06:00:00,61.21338
2011-04-27 07:00:00,207.53836
2011-04-27 08:00:00,329.62283
2011-04-27 09:00:00,177.30464
2011-04-27 10:00:00,98.610954
2011-04-27 11:00:00,100.246
2011-04-27 12:00:00,126.377495
2011-04-27 13:00:00,130.29826
2011-04-27 14:00:00,130.03711
2011-04-27 15:00:00,131.68553
2011-04-27 16:00:00,209.53304
2011-04-27 17:00:00,284.793
2011-04-27 18:00:00,241.5679
2011-04-27 19:00:00,263.12433
2011-04-27 20:00:00,172.9812
2011-04-27 21:00:00,125.3908
2011-04-27 22:00:00,68.40952
2011-04-27 23:00:00,45.016018
2011-04-28 00:00:00,33.111607
2011-04-28 01:00:00,12.551236
2011-04-28 02:00:00,3.466729
2011-04-28 03:00:00,3.4405153
2011-04-28 04:00:00,4.35949
2011-04-28 05:00:00,17.252705
2011-04-28 06:00:00,79.30715
2011-04-28 07:00:00,228.55496
2011-04-28 08:00:00,348.315
2011-04-28 09:00:00,171.75769
2011-04-28 10:00:00,110.11374
2011-04-28 11:00:00,101.161644
2011-04-28 12:00:00,143.12628
2011-04-28 13:00:00,123.21904
2011-04-28 14:00:00,116.33958
2011-04-28 15:00:00,150.59303
2011-04-28 16:00:00,211.4404
2011-04-28 17:00:00,397.0197
2011-04-28 18:00:00,375.23172
2011-04-28 19:00:00,286.91238
2011-04-28 20:00:00,225.68285
2011-04-28 21:00:00,174.42519
2011-04-28 22:00:00,120.59706
2011-04-28 23:00:00,90.3612
2011-04-29 00:00:00,41.631695
2011-04-29 01:00:00,17.078218
2011-04-29 02:00:00,15.144332
2011-04-29 03:00:00,7.319752
2011-04-29 04:00:00,5.9387717
2011-04-29 05:00:00,17.29696
2011-04-29 06:00:00,75.02482
2011-04-29 07:00:00,216.60583
2011-04-29 08:00:00,389.6911
2011-04-29 09:00:00,201.72507
2011-04-29 10:00:00,141.68329
2011-04-29 11:00:00,163.12695
2011-04-29 12:00:00,210.26227
2011-04-29 13:00:00,214.80656
2011-04-29 14:00:00,201.39882
2011-04-29 15:00:00,197.11873
2011-04-29 16:00:00,257.50998
2011-04-29 17:00:00,399.22806
2011-04-29 18:00:00,375.47803
2011-04-29 19:00:00,237.22186
2011-04-29 20:00:00,181.86932
2011-04-29 21:00:00,126.890785
2011-04-29 22:00:00,106.6535
2011-04-29 23:00:00,79.32768
2011-04-30 00:00:00,58.904472
2011-04-30 01:00:00,45.51133
2011-04-30 02:00:00,36.19211
2011-04-30 03:00:00,16.86369
2011-04-30 04:00:00,5.408802
2011-04-30 05:00:00,5.4495177
2011-04-30 06:00:00,16.280117
2011-04-30 07:00:00,48.628193
2011-04-30 08:00:00,89.97896
2011-04-30 09:00:00,142.20927
2011-04-30 10:00:00,222.97754
2011-04-30 11:00:00,300.56335
2011-04-30 12:00:00,342.9926
2011-04-30 13:00:00,361.26807
2011-04-30 14:00:00,347.13965
2011-04-30 15:00:00,360.52234
2011-04-30 16:00:00,358.79633
2011-04-30 17:00:00,339.92032
2011-04-30 18:00:00,282.99887
2011-04-30 19:00:00,223.06998
2011-04-30 20:00:00,140.55742
2011-04-30 21:00:00,110.1429
2011-04-30 22:00:00,86.37741
2011-04-30 23:00:00,76.226555
2011-05-20 00:00:00,43.332706
2011-05-20 01:00:00,17.581234
2011-05-20 02:00:00,13.21138
2011-05-20 03:00:00,6.8680553
2011-05-20 04:00:00,7.0866632
2011-05-20 05:00:00,22.749775
2011-05-20 06:00:00,107.71218
2011-05-20 07:00:00,287.22885
2011-05-20 08:00:00,444.02533
2011-05-20 09:00:00,234.50905
2011-05-20 10:00:00,166.0729
2011-05-20 11:00:00,199.74014
2011-05-20 12:00:00,246.92647
2011-05-20 13:00:00,233.93785
2011-05-20 14:00:00,239.25508
2011-05-20 15:00:00,246.45956
2011-05-20 16:00:00,349.59967
2011-05-20 17:00:00,517.0322
2011-05-20 18:00:00,501.2477
2011-05-20 19:00:00,341.44827
2011-05-20 20:00:00,251.2938
2011-05-20 21:00:00,202.02228
2011-05-20 22:00:00,150.37492
2011-05-20 23:00:00,139.18283
2011-05-21 00:00:00,101.238625
2011-05-21 01:00:00,70.74012
2011-05-21 02:00:00,56.23208
2011-05-21 03:00:00,27.003672
2011-05-21 04:00:00,12.6629505
2011-05-21 05:00:00,13.709089
2011-05-21 06:00:00,27.946976
2011-05-21 07:00:00,68.28351
2011-05-21 08:00:00,135.43224
2011-05-21 09:00:00,208.99832
2011-05-21 10:00:00,280.4033
2011-05-21 11:00:00,387.72537
2011-05-21 12:00:00,425.48563
2011-05-21 13:00:00,433.60516
2011-05-21 14:00:00,425.21198
2011-05-21 15:00:00,419.201
2011-05-21 16:00:00,427.75986
2011-05-21 17:00:00,410.97058
2011-05-21 18:00:00,369.01068
2011-05-21 19:00:00,321.00327
2011-05-21 20:00:00,232.14732
2011-05-21 21:00:00,205.72354
2011-05-21 22:00:00,153.53517
2011-05-21 23:00:00,124.04601
2011-05-22 00:00:00,102.97804
2011-05-22 01:00:00,74.7869
2011-05-22 02:00:00,53.897587
2011-05-22 03:00:00,26.251959
2011-05-22 04:00:00,9.682231
2011-05-22 05:00:00,10.646031
2011-05-22 06:00:00,15.788136
2011-05-22 07:00:00,49.4738
2011-05-22 08:00:00,104.16345
2011-05-22 09:00:00,179.58003
2011-05-22 10:00:00,275.09964
2011-05-22 11:00:00,381.76617
2011-05-22 12:00:00,401.88312
2011-05-22 13:00:00,417.18274
2011-05-22 14:00:00,346.7394
2011-05-22 15:00:00,403.10303
2011-05-22 16:00:00,429.49005
2011-05-22 17:00:00,392.28076
2011-05-22 18:00:00,356.2347
2011-05-22 19:00:00,308.73904
2011-05-22 20:00:00,235.02342
2011-05-22 21:00:00,176.68254
2011-05-22 22:00:00,109.667725
2011-05-22 23:00:00,73.19537
2011-05-23 00:00:00,37.378136
2011-05-23 01:00:00,17.53777
2011-05-23 02:00:00,20.865341
2011-05-23 03:00:00,10.968167
2011-05-23 04:00:00,6.172602
2011-05-23 05:00:00,17.696007
2011-05-23 06:00:00,89.23746
2011-05-23 07:00:00,225.80658
2011-05-23 08:00:00,386.34964
2011-05-23 09:00:00,199.54315
2011-05-23 10:00:00,116.97561
2011-05-23 11:00:00,144.28377
2011-05-23 12:00:00,179.12166
2011-05-23 13:00:00,179.84029
2011-05-23 14:00:00,179.27547
2011-05-23 15:00:00,179.33754
2011-05-23 16:00:00,280.284
2011-05-23 17:00:00,454.2337
2011-05-23 18:00:00,471.15833
2011-05-23 19:00:00,364.4271
2011-05-23 20:00:00,229.98424
2011-05-23 21:00:00,152.15413
2011-05-23 22:00:00,81.43183
2011-05-23 23:00:00,69.36778
2011-05-24 00:00:00,21.073408
2011-05-24 01:00:00,8.707046
2011-05-24 02:00:00,6.1110134
2011-05-24 03:00:00,2.6488936
2011-05-24 04:00:00,5.234876
2011-05-24 05:00:00,11.864043
2011-05-24 06:00:00,90.75365
2011-05-24 07:00:00,194.7417
2011-05-24 08:00:00,307.71512
2011-05-24 09:00:00,221.63513
2011-05-24 10:00:00,126.41399
2011-05-24 11:00:00,146.50371
2011-05-24 12:00:00,189.18744
2011-05-24 13:00:00,184.10602
2011-05-24 14:00:00,168.15836
2011-05-24 15:00:00,177.03682
2011-05-24 16:00:00,296.7159
2011-05-24 17:00:00,535.69556
2011-05-24 18:00:00,517.6437
2011-05-24 19:00:00,376.08942
2011-05-24 20:00:00,285.83994
2011-05-24 21:00:00,206.66681
2011-05-24 22:00:00,111.98857
2011-05-24 23:00:00,109.681175
2011-05-25 00:00:00,32.613094
2011-05-25 01:00:00,23.124424
2011-05-25 02:00:00,8.292566
2011-05-25 03:00:00,4.7411423
2011-05-25 04:00:00,3.3154175
2011-05-25 05:00:00,26.913198
2011-05-25 06:00:00,99.941124
2011-05-25 07:00:00,322.67038
2011-05-25 08:00:00,451.19785
2011-05-25 09:00:00,219.46828
2011-05-25 10:00:00,135.61488
2011-05-25 11:00:00,150.53584
2011-05-25 12:00:00,195.30832
2011-05-25 13:00:00,180.4085
2011-05-25 14:00:00,170.72499
2011-05-25 15:00:00,174.78947
2011-05-25 16:00:00,280.9214
2011-05-25 17:00:00,550.756
2011-05-25 18:00:00,529.4781
2011-05-25 19:00:00,398.38376
2011-05-25 20:00:00,308.4262
2011-05-25 21:00:00,222.8386
2011-05-25 22:00:00,162.40657
2011-05-25 23:00:00,114.73739
2011-05-26 00:00:00,47.961308
2011-05-26 01:00:00,21.349276
2011-05-26 02:00:00,11.679638
2011-05-26 03:00:00,7.3470993
2011-05-26 04:00:00,7.6610093
2011-05-26 05:00:00,29.031475
2011-05-26 06:00:00,94.5289
2011-05-26 07:00:00,235.54391
2011-05-26 08:00:00,433.3881
2011-05-26 09:00:00,223.35062
2011-05-26 10:00:00,135.54198
2011-05-26 11:00:00,153.0223
2011-05-26 12:00:00,185.37741
2011-05-26 13:00:00,176.82433
2011-05-26 14:00:00,165.70172
2011-05-26 15:00:00,168.4604
2011-05-26 16:00:00,274.30234
2011-05-26 17:00:00,530.8669
2011-05-26 18:00:00,510.6887
2011-05-26 19:00:00,366.77756
2011-05-26 20:00:00,300.37143
2011-05-26 21:00:00,231.98827
2011-05-26 22:00:00,174.60149
2011-05-26 23:00:00,131.3283
2011-05-27 00:00:00,63.98687
2011-05-27 01:00:00,28.321726
2011-05-27 02:00:00,23.27661
2011-05-27 03:00:00,10.690345
2011-05-27 04:00:00,11.067267
2011-05-27 05:00:00,43.81987
2011-05-27 06:00:00,109.00431
2011-05-27 07:00:00,290.35953
2011-05-27 08:00:00,453.87503
2011-05-27 09:00:00,240.20245
2011-05-27 10:00:00,162.03734
2011-05-27 11:00:00,178.69345
2011-05-27 12:00:00,227.95387
2011-05-27 13:00:00,237.35979
2011-05-27 14:00:00,220.54941
2011-05-27 15:00:00,231.28241
2011-05-27 16:00:00,322.2876
2011-05-27 17:00:00,538.0418
2011-05-27 18:00:00,445.41458
2011-05-27 19:00:00,295.16693
2011-05-27 20:00:00,240.11491
2011-05-27 21:00:00,170.51672
2011-05-27 22:00:00,162.6527
2011-05-27 23:00:00,140.41635
2011-05-28 00:00:00,105.92976
2011-05-28 01:00:00,79.76308
2011-05-28 02:00:00,52.88941
2011-05-28 03:00:00,27.131802
2011-05-28 04:00:00,12.146435
2011-05-28 05:00:00,13.91703
2011-05-28 06:00:00,27.33389
2011-05-28 07:00:00,67.31635
2011-05-28 08:00:00,127.01474
2011-05-28 09:00:00,205.84418
2011-05-28 10:00:00,279.2494
2011-05-28 11:00:00,376.8773
2011-05-28 12:00:00,397.937
2011-05-28 13:00:00,421.78198
2011-05-28 14:00:00,398.16278
2011-05-28 15:00:00,413.9175
2011-05-28 16:00:00,407.0919
2011-05-28 17:00:00,426.55246
2011-05-28 18:00:00,353.9989
2011-05-28 19:00:00,302.39517
2011-05-28 20:00:00,258.68454
2011-05-28 21:00:00,206.51938
2011-05-28 22:00:00,164.91185
2011-05-28 23:00:00,130.89029
2011-05-29 00:00:00,111.677765
2011-05-29 01:00:00,85.05436
2011-05-29 02:00:00,62.365566
2011-05-29 03:00:00,31.22084
2011-05-29 04:00:00,11.510687
2011-05-29 05:00:00,12.904575
2011-05-29 06:00:00,25.269018
2011-05-29 07:00:00,50.89653
2011-05-29 08:00:00,98.27573
2011-05-29 09:00:00,110.27318
2011-05-29 10:00:00,233.74123
2011-05-29 11:00:00,288.7538
2011-05-29 12:00:00,355.78845
2011-05-29 13:00:00,412.73154
2011-05-29 14:00:00,365.7227
2011-05-29 15:00:00,365.23007
2011-05-29 16:00:00,364.90268
2011-05-29 17:00:00,327.10275
2011-05-29 18:00:00,289.06857
2011-05-29 19:00:00,282.03967
2011-05-29 20:00:00,217.42136
2011-05-29 21:00:00,163.33792
2011-05-29 22:00:00,119.34175
2011-05-29 23:00:00,104.80224
2011-05-30 00:00:00,83.12416
2011-05-30 01:00:00,74.51542
2011-05-30 02:00:00,45.444675
2011-05-30 03:00:00,25.774996
2011-05-30 04:00:00,21.657696
2011-05-30 05:00:00,35.076904
2011-05-30 06:00:00,54.414852
2011-05-30 07:00:00,114.50273
2011-05-30 08:00:00,184.44977
2011-05-30 09:00:00,213.20593
2011-05-30 10:00:00,250.35612
2011-05-30 11:00:00,312.9065
2011-05-30 12:00:00,315.49728
2011-05-30 13:00:00,320.3953
2011-05-30 14:00:00,316.4295
2011-05-30 15:00:00,308.22372
2011-05-30 16:00:00,325.3606
2011-05-30 17:00:00,436.51434
2011-05-30 18:00:00,426.55206
2011-05-30 19:00:00,307.53995
2011-05-30 20:00:00,328.6528
2011-05-30 21:00:00,273.11475
2011-05-30 22:00:00,179.98053
2011-05-30 23:00:00,86.35332
2011-05-31 00:00:00,35.21438
2011-05-31 01:00:00,19.907223
2011-05-31 02:00:00,10.323707
2011-05-31 03:00:00,5.034134
2011-05-31 04:00:00,5.231535
2011-05-31 05:00:00,25.204515
2011-05-31 06:00:00,116.42455
2011-05-31 07:00:00,314.49927
2011-05-31 08:00:00,447.5518
2011-05-31 09:00:00,203.74289
2011-05-31 10:00:00,118.8348
2011-05-31 11:00:00,124.070915
2011-05-31 12:00:00,161.22078
2011-05-31 13:00:00,161.9179
2011-05-31 14:00:00,136.57957
2011-05-31 15:00:00,155.10358
2011-05-31 16:00:00,249.41212
2011-05-31 17:00:00,524.53937
2011-05-31 18:00:00,520.2146
2011-05-31 19:00:00,382.24625
2011-05-31 20:00:00,294.8354
2011-05-31 21:00:00,222.83588
2011-05-31 22:00:00,152.13687
2011-05-31 23:00:00,106.95828
2011-06-20 00:00:00,37.363274
2011-06-20 01:00:00,18.536158
2011-06-20 02:00:00,12.582401
2011-06-20 03:00:00,12.2437105
2011-06-20 04:00:00,20.442152
2011-06-20 05:00:00,33.63907
2011-06-20 06:00:00,88.062195
2011-06-20 07:00:00,162.99107
2011-06-20 08:00:00,286.81375
2011-06-20 09:00:00,213.01772
2011-06-20 10:00:00,121.363365
2011-06-20 11:00:00,124.71199
2011-06-20 12:00:00,175.36107
2011-06-20 13:00:00,176.50133
2011-06-20 14:00:00,172.639
2011-06-20 15:00:00,187.70978
2011-06-20 16:00:00,294.5034
2011-06-20 17:00:00,539.50366
2011-06-20 18:00:00,535.16656
2011-06-20 19:00:00,386.4656
2011-06-20 20:00:00,285.04248
2011-06-20 21:00:00,213.6147
2011-06-20 22:00:00,134.3782
2011-06-20 23:00:00,80.55602
2011-06-21 00:00:00,35.09475
2011-06-21 01:00:00,13.330996
2011-06-21 02:00:00,12.396865
2011-06-21 03:00:00,8.843456
2011-06-21 04:00:00,5.294851
2011-06-21 05:00:00,22.928228
2011-06-21 06:00:00,105.07047
2011-06-21 07:00:00,238.72964
2011-06-21 08:00:00,405.57452
2011-06-21 09:00:00,212.12589
2011-06-21 10:00:00,122.514946
2011-06-21 11:00:00,109.899734
2011-06-21 12:00:00,163.23923
2011-06-21 13:00:00,166.27678
2011-06-21 14:00:00,163.15167
2011-06-21 15:00:00,175.33702
2011-06-21 16:00:00,275.19028
2011-06-21 17:00:00,538.1241
2011-06-21 18:00:00,450.84085
2011-06-21 19:00:00,339.31824
2011-06-21 20:00:00,202.28027
2011-06-21 21:00:00,227.78041
2011-06-21 22:00:00,148.4257
2011-06-21 23:00:00,100.2024
2011-06-22 00:00:00,40.63007
2011-06-22 01:00:00,18.210857
2011-06-22 02:00:00,10.448527
2011-06-22 03:00:00,7.372376
2011-06-22 04:00:00,6.004683
2011-06-22 05:00:00,26.521948
2011-06-22 06:00:00,112.45675
2011-06-22 07:00:00,314.39398
2011-06-22 08:00:00,447.3541
2011-06-22 09:00:00,222.7985
2011-06-22 10:00:00,117.04687
2011-06-22 11:00:00,127.518105
2011-06-22 12:00:00,174.19958
2011-06-22 13:00:00,148.68375
2011-06-22 14:00:00,155.0001
2011-06-22 15:00:00,144.50739
2011-06-22 16:00:00,243.84183
2011-06-22 17:00:00,508.35318
2011-06-22 18:00:00,461.45886
2011-06-22 19:00:00,369.3131
2011-06-22 20:00:00,283.15958
2011-06-22 21:00:00,218.21602
2011-06-22 22:00:00,153.78468
2011-06-22 23:00:00,101.87151
2011-06-23 00:00:00,47.499516
2011-06-23 01:00:00,22.124086
2011-06-23 02:00:00,13.58784
2011-06-23 03:00:00,11.531027
2011-06-23 04:00:00,11.1874485
2011-06-23 05:00:00,30.750673
2011-06-23 06:00:00,120.48417
2011-06-23 07:00:00,317.69162
2011-06-23 08:00:00,434.87335
2011-06-23 09:00:00,211.5114
2011-06-23 10:00:00,128.73657
2011-06-23 11:00:00,117.707
2011-06-23 12:00:00,172.15279
2011-06-23 13:00:00,165.14438
2011-06-23 14:00:00,141.62825
2011-06-23 15:00:00,175.83168
2011-06-23 16:00:00,250.01045
2011-06-23 17:00:00,431.4037
2011-06-23 18:00:00,446.0904
2011-06-23 19:00:00,337.97046
2011-06-23 20:00:00,285.18802
2011-06-23 21:00:00,225.98022
2011-06-23 22:00:00,156.39198
2011-06-23 23:00:00,118.43046
2011-06-24 00:00:00,64.2007
2011-06-24 01:00:00,29.830921
2011-06-24 02:00:00,20.297163
2011-06-24 03:00:00,10.518229
2011-06-24 04:00:00,6.8723464
2011-06-24 05:00:00,24.600267
2011-06-24 06:00:00,108.04063
2011-06-24 07:00:00,279.0252
2011-06-24 08:00:00,445.9235
2011-06-24 09:00:00,238.41345
2011-06-24 10:00:00,149.9607
2011-06-24 11:00:00,180.57733
2011-06-24 12:00:00,230.83484
2011-06-24 13:00:00,244.22217
2011-06-24 14:00:00,220.09607
2011-06-24 15:00:00,231.95258
2011-06-24 16:00:00,329.66388
2011-06-24 17:00:00,567.3517
2011-06-24 18:00:00,505.14868
2011-06-24 19:00:00,372.9095
2011-06-24 20:00:00,287.61563
2011-06-24 21:00:00,239.7799
2011-06-24 22:00:00,200.69899
2011-06-24 23:00:00,176.27556
2011-06-25 00:00:00,125.023476
2011-06-25 01:00:00,87.129684
2011-06-25 02:00:00,69.26725
2011-06-25 03:00:00,36.119064
2011-06-25 04:00:00,18.882914
2011-06-25 05:00:00,17.495039
2011-06-25 06:00:00,41.517582
2011-06-25 07:00:00,85.38094
2011-06-25 08:00:00,156.13895
2011-06-25 09:00:00,217.57523
2011-06-25 10:00:00,294.2039
2011-06-25 11:00:00,380.69876
2011-06-25 12:00:00,437.6349
2011-06-25 13:00:00,439.34402
2011-06-25 14:00:00,406.94626
2011-06-25 15:00:00,397.46484
2011-06-25 16:00:00,430.45633
2011-06-25 17:00:00,456.16666
2011-06-25 18:00:00,384.9413
2011-06-25 19:00:00,338.03143
2011-06-25 20:00:00,278.82092
2011-06-25 21:00:00,237.02802
2011-06-25 22:00:00,207.0531
2011-06-25 23:00:00,157.09877
2011-06-26 00:00:00,112.592026
2011-06-26 01:00:00,89.98843
2011-06-26 02:00:00,74.80508
2011-06-26 03:00:00,33.756374
2011-06-26 04:00:00,14.735297
2011-06-26 05:00:00,11.83799
2011-06-26 06:00:00,21.54427
2011-06-26 07:00:00,55.90941
2011-06-26 08:00:00,114.44265
2011-06-26 09:00:00,184.56961
2011-06-26 10:00:00,287.8839
2011-06-26 11:00:00,382.65543
2011-06-26 12:00:00,434.97125
2011-06-26 13:00:00,415.29935
2011-06-26 14:00:00,417.07138
2011-06-26 15:00:00,392.08783
2011-06-26 16:00:00,425.22803
2011-06-26 17:00:00,399.7798
2011-06-26 18:00:00,350.42862
2011-06-26 19:00:00,310.10516
2011-06-26 20:00:00,238.42426
2011-06-26 21:00:00,189.11127
2011-06-26 22:00:00,176.03008
2011-06-26 23:00:00,124.392525
2011-06-27 00:00:00,31.958172
2011-06-27 01:00:00,16.285526
2011-06-27 02:00:00,10.661587
2011-06-27 03:00:00,7.088937
2011-06-27 04:00:00,10.029012
2011-06-27 05:00:00,27.921106
2011-06-27 06:00:00,109.66981
2011-06-27 07:00:00,298.99118
2011-06-27 08:00:00,394.5269
2011-06-27 09:00:00,212.77788
2011-06-27 10:00:00,132.84082
2011-06-27 11:00:00,156.48064
2011-06-27 12:00:00,190.80614
2011-06-27 13:00:00,181.40152
2011-06-27 14:00:00,166.42058
2011-06-27 15:00:00,165.62567
2011-06-27 16:00:00,285.3495
2011-06-27 17:00:00,564.1289
2011-06-27 18:00:00,536.477
2011-06-27 19:00:00,395.641
2011-06-27 20:00:00,284.77878
2011-06-27 21:00:00,206.55632
2011-06-27 22:00:00,130.89621
2011-06-27 23:00:00,87.148994
2011-06-28 00:00:00,32.33096
2011-06-28 01:00:00,16.247816
2011-06-28 02:00:00,10.271028
2011-06-28 03:00:00,6.4560723
2011-06-28 04:00:00,5.98005
2011-06-28 05:00:00,24.558731
2011-06-28 06:00:00,115.84774
2011-06-28 07:00:00,307.84204
2011-06-28 08:00:00,431.51486
2011-06-28 09:00:00,208.9709
2011-06-28 10:00:00,133.01889
2011-06-28 11:00:00,144.13803
2011-06-28 12:00:00,171.68051
2011-06-28 13:00:00,164.48616
2011-06-28 14:00:00,146.41733
2011-06-28 15:00:00,150.62813
2011-06-28 16:00:00,251.40111
2011-06-28 17:00:00,442.91672
2011-06-28 18:00:00,434.53677
2011-06-28 19:00:00,363.27878
2011-06-28 20:00:00,286.19894
2011-06-28 21:00:00,208.30794
2011-06-28 22:00:00,135.5339
2011-06-28 23:00:00,92.12273
2011-06-29 00:00:00,35.616642
2011-06-29 01:00:00,18.430355
2011-06-29 02:00:00,11.769051
2011-06-29 03:00:00,4.7312098
2011-06-29 04:00:00,5.368379
2011-06-29 05:00:00,28.702635
2011-06-29 06:00:00,113.786964
2011-06-29 07:00:00,322.9938
2011-06-29 08:00:00,462.39145
2011-06-29 09:00:00,219.83826
2011-06-29 10:00:00,128.98666
2011-06-29 11:00:00,162.3567
2011-06-29 12:00:00,206.7901
2011-06-29 13:00:00,180.81555
2011-06-29 14:00:00,172.52344
2011-06-29 15:00:00,184.57552
2011-06-29 16:00:00,282.56268
2011-06-29 17:00:00,573.3099
2011-06-29 18:00:00,562.78906
2011-06-29 19:00:00,399.35736
2011-06-29 20:00:00,302.57004
2011-06-29 21:00:00,253.61964
2011-06-29 22:00:00,183.05408
2011-06-29 23:00:00,126.94312
2011-06-30 00:00:00,48.765736
2011-06-30 01:00:00,21.459932
2011-06-30 02:00:00,13.579973
2011-06-30 03:00:00,10.211895
2011-06-30 04:00:00,9.647463
2011-06-30 05:00:00,35.497604
2011-06-30 06:00:00,119.10404
2011-06-30 07:00:00,328.20956
2011-06-30 08:00:00,454.50446
2011-06-30 09:00:00,216.13383
2011-06-30 10:00:00,132.47975
2011-06-30 11:00:00,165.91765
2011-06-30 12:00:00,212.54315
2011-06-30 13:00:00,199.13414
2011-06-30 14:00:00,175.73257
2011-06-30 15:00:00,188.36906
2011-06-30 16:00:00,294.5049
2011-06-30 17:00:00,571.5522
2011-06-30 18:00:00,562.9978
2011-06-30 19:00:00,395.59323
2011-06-30 20:00:00,307.8035
2011-06-30 21:00:00,242.42418
2011-06-30 22:00:00,190.51587
2011-06-30 23:00:00,142.00742
2011-07-20 00:00:00,40.09134
2011-07-20 01:00:00,19.225
2011-07-20 02:00:00,13.274995
2011-07-20 03:00:00,8.435022
2011-07-20 04:00:00,6.8597336
2011-07-20 05:00:00,26.581007
2011-07-20 06:00:00,115.1911
2011-07-20 07:00:00,292.78595
2011-07-20 08:00:00,436.67325
2011-07-20 09:00:00,205.46024
2011-07-20 10:00:00,122.00758
2011-07-20 11:00:00,129.96065
2011-07-20 12:00:00,161.97472
2011-07-20 13:00:00,164.45993
2011-07-20 14:00:00,160.56215
2011-07-20 15:00:00,161.04843
2011-07-20 16:00:00,234.95468
2011-07-20 17:00:00,518.41345
2011-07-20 18:00:00,511.9152
2011-07-20 19:00:00,344.78745
2011-07-20 20:00:00,288.05914
2011-07-20 21:00:00,232.92232
2011-07-20 22:00:00,160.98093
2011-07-20 23:00:00,117.45621
2011-07-21 00:00:00,50.546726
2011-07-21 01:00:00,21.190552
2011-07-21 02:00:00,15.33411
2011-07-21 03:00:00,12.368533
2011-07-21 04:00:00,12.270976
2011-07-21 05:00:00,32.863518
2011-07-21 06:00:00,122.31517
2011-07-21 07:00:00,293.88748
2011-07-21 08:00:00,425.9145
2011-07-21 09:00:00,198.96608
2011-07-21 10:00:00,121.504555
2011-07-21 11:00:00,138.26
2011-07-21 12:00:00,168.41179
2011-07-21 13:00:00,164.96342
2011-07-21 14:00:00,157.14542
2011-07-21 15:00:00,155.52002
2011-07-21 16:00:00,236.41736
2011-07-21 17:00:00,483.8468
2011-07-21 18:00:00,467.493
2011-07-21 19:00:00,312.6124
2011-07-21 20:00:00,270.56958
2011-07-21 21:00:00,223.90933
2011-07-21 22:00:00,162.1971
2011-07-21 23:00:00,119.22367
2011-07-22 00:00:00,68.266685
2011-07-22 01:00:00,23.905996
2011-07-22 02:00:00,22.660902
2011-07-22 03:00:00,11.791979
2011-07-22 04:00:00,18.045753
2011-07-22 05:00:00,34.459354
2011-07-22 06:00:00,117.83869
2011-07-22 07:00:00,281.20892
2011-07-22 08:00:00,412.12115
2011-07-22 09:00:00,205.89969
2011-07-22 10:00:00,141.63556
2011-07-22 11:00:00,158.45717
2011-07-22 12:00:00,183.7474
2011-07-22 13:00:00,184.13832
2011-07-22 14:00:00,180.0658
2011-07-22 15:00:00,186.14163
2011-07-22 16:00:00,233.49812
2011-07-22 17:00:00,460.2029
2011-07-22 18:00:00,450.87506
2011-07-22 19:00:00,321.20996
2011-07-22 20:00:00,252.94681
2011-07-22 21:00:00,229.31453
2011-07-22 22:00:00,184.6208
2011-07-22 23:00:00,149.41672
2011-07-23 00:00:00,107.55712
2011-07-23 01:00:00,89.214584
2011-07-23 02:00:00,63.719395
2011-07-23 03:00:00,41.350594
2011-07-23 04:00:00,20.826397
2011-07-23 05:00:00,23.914366
2011-07-23 06:00:00,42.471302
2011-07-23 07:00:00,87.83679
2011-07-23 08:00:00,142.44322
2011-07-23 09:00:00,205.53879
2011-07-23 10:00:00,284.22324
2011-07-23 11:00:00,322.59308
2011-07-23 12:00:00,325.40295
2011-07-23 13:00:00,321.90552
2011-07-23 14:00:00,296.65274
2011-07-23 15:00:00,289.13565
2011-07-23 16:00:00,295.26025
2011-07-23 17:00:00,331.83063
2011-07-23 18:00:00,317.3389
2011-07-23 19:00:00,304.9834
2011-07-23 20:00:00,285.59833
2011-07-23 21:00:00,245.3001
2011-07-23 22:00:00,206.6535
2011-07-23 23:00:00,173.99979
2011-07-24 00:00:00,122.94986
2011-07-24 01:00:00,97.6135
2011-07-24 02:00:00,77.663795
2011-07-24 03:00:00,38.591183
2011-07-24 04:00:00,23.171612
2011-07-24 05:00:00,26.695827
2011-07-24 06:00:00,30.937006
2011-07-24 07:00:00,81.16962
2011-07-24 08:00:00,121.951996
2011-07-24 09:00:00,178.60803
2011-07-24 10:00:00,280.27594
2011-07-24 11:00:00,348.58646
2011-07-24 12:00:00,344.49518
2011-07-24 13:00:00,374.089
2011-07-24 14:00:00,348.28568
2011-07-24 15:00:00,319.76172
2011-07-24 16:00:00,321.54114
2011-07-24 17:00:00,330.47104
2011-07-24 18:00:00,333.63702
2011-07-24 19:00:00,307.0869
2011-07-24 20:00:00,279.08987
2011-07-24 21:00:00,198.5438
2011-07-24 22:00:00,146.8968
2011-07-24 23:00:00,102.66689
2011-07-25 00:00:00,43.536457
2011-07-25 01:00:00,26.350918
2011-07-25 02:00:00,18.059076
2011-07-25 03:00:00,12.420812
2011-07-25 04:00:00,12.391705
2011-07-25 05:00:00,30.296732
2011-07-25 06:00:00,115.68646
2011-07-25 07:00:00,295.32602
2011-07-25 08:00:00,399.5946
2011-07-25 09:00:00,185.29164
2011-07-25 10:00:00,110.77801
2011-07-25 11:00:00,138.8823
2011-07-25 12:00:00,171.21974
2011-07-25 13:00:00,141.92221
2011-07-25 14:00:00,126.019325
2011-07-25 15:00:00,119.15508
2011-07-25 16:00:00,192.74034
2011-07-25 17:00:00,457.5023
2011-07-25 18:00:00,472.38382
2011-07-25 19:00:00,372.7187
2011-07-25 20:00:00,280.4803
2011-07-25 21:00:00,171.55783
2011-07-25 22:00:00,120.53211
2011-07-25 23:00:00,81.29733
2011-07-26 00:00:00,39.6778
2011-07-26 01:00:00,17.648823
2011-07-26 02:00:00,14.7338705
2011-07-26 03:00:00,11.196429
2011-07-26 04:00:00,10.327981
2011-07-26 05:00:00,29.980824
2011-07-26 06:00:00,116.382965
2011-07-26 07:00:00,323.768
2011-07-26 08:00:00,445.14627
2011-07-26 09:00:00,214.66724
2011-07-26 10:00:00,134.56917
2011-07-26 11:00:00,145.25862
2011-07-26 12:00:00,183.29265
2011-07-26 13:00:00,182.90823
2011-07-26 14:00:00,165.98622
2011-07-26 15:00:00,173.44016
2011-07-26 16:00:00,278.94977
2011-07-26 17:00:00,568.3641
2011-07-26 18:00:00,563.7092
2011-07-26 19:00:00,396.93198
2011-07-26 20:00:00,307.7609
2011-07-26 21:00:00,250.41846
2011-07-26 22:00:00,177.96848
2011-07-26 23:00:00,110.775826
2011-07-27 00:00:00,48.862183
2011-07-27 01:00:00,23.183022
2011-07-27 02:00:00,14.726335
2011-07-27 03:00:00,9.968121
2011-07-27 04:00:00,10.332435
2011-07-27 05:00:00,32.804028
2011-07-27 06:00:00,118.438225
2011-07-27 07:00:00,323.09946
2011-07-27 08:00:00,453.1045
2011-07-27 09:00:00,215.62596
2011-07-27 10:00:00,123.5336
2011-07-27 11:00:00,147.54826
2011-07-27 12:00:00,195.89008
2011-07-27 13:00:00,181.77565
2011-07-27 14:00:00,172.80646
2011-07-27 15:00:00,178.81734
2011-07-27 16:00:00,285.62323
2011-07-27 17:00:00,575.2281
2011-07-27 18:00:00,585.3142
2011-07-27 19:00:00,404.18753
2011-07-27 20:00:00,307.72012
2011-07-27 21:00:00,237.9647
2011-07-27 22:00:00,175.60359
2011-07-27 23:00:00,116.99611
2011-07-28 00:00:00,51.880737
2011-07-28 01:00:00,20.283432
2011-07-28 02:00:00,13.824301
2011-07-28 03:00:00,6.094142
2011-07-28 04:00:00,8.383355
2011-07-28 05:00:00,27.915201
2011-07-28 06:00:00,109.58617
2011-07-28 07:00:00,320.10803
2011-07-28 08:00:00,443.639
2011-07-28 09:00:00,211.83788
2011-07-28 10:00:00,130.45587
2011-07-28 11:00:00,133.66283
2011-07-28 12:00:00,173.5543
2011-07-28 13:00:00,167.94017
2011-07-28 14:00:00,157.08614
2011-07-28 15:00:00,159.65056
2011-07-28 16:00:00,260.9129
2011-07-28 17:00:00,531.6298
2011-07-28 18:00:00,493.40607
2011-07-28 19:00:00,369.9976
2011-07-28 20:00:00,277.19885
2011-07-28 21:00:00,219.13492
2011-07-28 22:00:00,142.94125
2011-07-28 23:00:00,133.35854
2011-07-29 00:00:00,65.40033
2011-07-29 01:00:00,33.767815
2011-07-29 02:00:00,23.53961
2011-07-29 03:00:00,14.03042
2011-07-29 04:00:00,13.33491
2011-07-29 05:00:00,31.398113
2011-07-29 06:00:00,121.5263
2011-07-29 07:00:00,289.40152
2011-07-29 08:00:00,423.50894
2011-07-29 09:00:00,207.82086
2011-07-29 10:00:00,143.56778
2011-07-29 11:00:00,168.85135
2011-07-29 12:00:00,175.85498
2011-07-29 13:00:00,173.50206
2011-07-29 14:00:00,174.18465
2011-07-29 15:00:00,175.18617
2011-07-29 16:00:00,257.85104
2011-07-29 17:00:00,469.23373
2011-07-29 18:00:00,425.32974
2011-07-29 19:00:00,301.36734
2011-07-29 20:00:00,271.88318
2011-07-29 21:00:00,245.23122
2011-07-29 22:00:00,209.7457
2011-07-29 23:00:00,168.25955
2011-07-30 00:00:00,127.01893
2011-07-30 01:00:00,91.345894
2011-07-30 02:00:00,74.08392
2011-07-30 03:00:00,43.65575
2011-07-30 04:00:00,18.005596
2011-07-30 05:00:00,17.537066
2011-07-30 06:00:00,29.990637
2011-07-30 07:00:00,81.04993
2011-07-30 08:00:00,144.71231
2011-07-30 09:00:00,218.99788
2011-07-30 10:00:00,301.93936
2011-07-30 11:00:00,364.38855
2011-07-30 12:00:00,395.48077
2011-07-30 13:00:00,373.33905
2011-07-30 14:00:00,331.19278
2011-07-30 15:00:00,345.68704
2011-07-30 16:00:00,352.957
2011-07-30 17:00:00,373.34628
2011-07-30 18:00:00,380.4137
2011-07-30 19:00:00,371.533
2011-07-30 20:00:00,287.56705
2011-07-30 21:00:00,260.79248
2011-07-30 22:00:00,210.93454
2011-07-30 23:00:00,177.0558
2011-07-31 00:00:00,122.90501
2011-07-31 01:00:00,98.704384
2011-07-31 02:00:00,78.31156
2011-07-31 03:00:00,32.550034
2011-07-31 04:00:00,11.299647
2011-07-31 05:00:00,14.854559
2011-07-31 06:00:00,23.959719
2011-07-31 07:00:00,80.801926
2011-07-31 08:00:00,127.46948
2011-07-31 09:00:00,193.09016
2011-07-31 10:00:00,290.65494
2011-07-31 11:00:00,336.00165
2011-07-31 12:00:00,350.55133
2011-07-31 13:00:00,358.3972
2011-07-31 14:00:00,350.0853
2011-07-31 15:00:00,334.28226
2011-07-31 16:00:00,332.44965
2011-07-31 17:00:00,346.64865
2011-07-31 18:00:00,372.81522
2011-07-31 19:00:00,326.7792
2011-07-31 20:00:00,275.76862
2011-07-31 21:00:00,220.98125
2011-07-31 22:00:00,125.2687
2011-07-31 23:00:00,107.38964
2011-08-20 00:00:00,105.50278
2011-08-20 01:00:00,82.08738
2011-08-20 02:00:00,61.480015
2011-08-20 03:00:00,26.906754
2011-08-20 04:00:00,9.222412
2011-08-20 05:00:00,8.432914
2011-08-20 06:00:00,18.50444
2011-08-20 07:00:00,46.73287
2011-08-20 08:00:00,117.587776
2011-08-20 09:00:00,205.71027
2011-08-20 10:00:00,287.29233
2011-08-20 11:00:00,364.25272
2011-08-20 12:00:00,394.61917
2011-08-20 13:00:00,380.41547
2011-08-20 14:00:00,398.27048
2011-08-20 15:00:00,391.1944
2011-08-20 16:00:00,387.5592
2011-08-20 17:00:00,403.72546
2011-08-20 18:00:00,340.39914
2011-08-20 19:00:00,306.8336
2011-08-20 20:00:00,257.47668
2011-08-20 21:00:00,191.69337
2011-08-20 22:00:00,140.67245
2011-08-20 23:00:00,121.71575
2011-08-21 00:00:00,119.05339
2011-08-21 01:00:00,90.781296
2011-08-21 02:00:00,77.483604
2011-08-21 03:00:00,33.2634
2011-08-21 04:00:00,9.965344
2011-08-21 05:00:00,10.653909
2011-08-21 06:00:00,16.196402
2011-08-21 07:00:00,43.72818
2011-08-21 08:00:00,82.623184
2011-08-21 09:00:00,172.08571
2011-08-21 10:00:00,256.7806
2011-08-21 11:00:00,330.04025
2011-08-21 12:00:00,367.02826
2011-08-21 13:00:00,378.85162
2011-08-21 14:00:00,273.4234
2011-08-21 15:00:00,264.94922
2011-08-21 16:00:00,295.02606
2011-08-21 17:00:00,260.07748
2011-08-21 18:00:00,234.66255
2011-08-21 19:00:00,267.77335
2011-08-21 20:00:00,187.15169
2011-08-21 21:00:00,147.02733
2011-08-21 22:00:00,118.4052
2011-08-21 23:00:00,84.60023
2011-08-22 00:00:00,38.796307
2011-08-22 01:00:00,15.675122
2011-08-22 02:00:00,11.100736
2011-08-22 03:00:00,7.774863
2011-08-22 04:00:00,4.5125976
2011-08-22 05:00:00,21.77434
2011-08-22 06:00:00,101.12695
2011-08-22 07:00:00,286.24664
2011-08-22 08:00:00,391.52383
2011-08-22 09:00:00,199.80333
2011-08-22 10:00:00,120.00336
2011-08-22 11:00:00,143.8802
2011-08-22 12:00:00,187.27008
2011-08-22 13:00:00,178.07057
2011-08-22 14:00:00,175.60022
2011-08-22 15:00:00,177.47826
2011-08-22 16:00:00,288.1798
2011-08-22 17:00:00,566.91394
2011-08-22 18:00:00,558.2087
2011-08-22 19:00:00,383.19708
2011-08-22 20:00:00,285.95337
2011-08-22 21:00:00,212.29977
2011-08-22 22:00:00,132.83096
2011-08-22 23:00:00,88.454895
2011-08-23 00:00:00,36.37166
2011-08-23 01:00:00,15.713607
2011-08-23 02:00:00,7.591763
2011-08-23 03:00:00,5.039187
2011-08-23 04:00:00,7.369018
2011-08-23 05:00:00,28.077316
2011-08-23 06:00:00,110.750496
2011-08-23 07:00:00,321.5875
2011-08-23 08:00:00,439.7602
2011-08-23 09:00:00,208.66354
2011-08-23 10:00:00,127.204346
2011-08-23 11:00:00,144.261
2011-08-23 12:00:00,192.59258
2011-08-23 13:00:00,201.43846
2011-08-23 14:00:00,182.8107
2011-08-23 15:00:00,195.81548
2011-08-23 16:00:00,306.41602
2011-08-23 17:00:00,593.5068
2011-08-23 18:00:00,575.4772
2011-08-23 19:00:00,376.015
2011-08-23 20:00:00,285.043
2011-08-23 21:00:00,203.42236
2011-08-23 22:00:00,153.70265
2011-08-23 23:00:00,91.982864
2011-08-24 00:00:00,40.929447
2011-08-24 01:00:00,16.348629
2011-08-24 02:00:00,9.335341
2011-08-24 03:00:00,6.4540496
2011-08-24 04:00:00,5.4139276
2011-08-24 05:00:00,25.642357
2011-08-24 06:00:00,108.91572
2011-08-24 07:00:00,312.70462
2011-08-24 08:00:00,431.76202
2011-08-24 09:00:00,210.63182
2011-08-24 10:00:00,128.25244
2011-08-24 11:00:00,147.83565
2011-08-24 12:00:00,175.35065
2011-08-24 13:00:00,180.70348
2011-08-24 14:00:00,171.41022
2011-08-24 15:00:00,171.96164
2011-08-24 16:00:00,269.47614
2011-08-24 17:00:00,546.8258
2011-08-24 18:00:00,523.3856
2011-08-24 19:00:00,360.44806
2011-08-24 20:00:00,275.58853
2011-08-24 21:00:00,209.21169
2011-08-24 22:00:00,140.06848
2011-08-24 23:00:00,84.473366
2011-08-25 00:00:00,44.184055
2011-08-25 01:00:00,18.07302
2011-08-25 02:00:00,9.779751
2011-08-25 03:00:00,4.0007205
2011-08-25 04:00:00,6.949526
2011-08-25 05:00:00,23.51138
2011-08-25 06:00:00,107.05353
2011-08-25 07:00:00,289.2815
2011-08-25 08:00:00,413.39444
2011-08-25 09:00:00,207.46367
2011-08-25 10:00:00,119.07462
2011-08-25 11:00:00,102.366104
2011-08-25 12:00:00,112.51372
2011-08-25 13:00:00,109.19999
2011-08-25 14:00:00,121.10055
2011-08-25 15:00:00,124.00136
2011-08-25 16:00:00,174.96423
2011-08-25 17:00:00,321.49576
2011-08-25 18:00:00,286.44122
2011-08-25 19:00:00,260.08072
2011-08-25 20:00:00,207.92175
2011-08-25 21:00:00,181.18573
2011-08-25 22:00:00,99.36456
2011-08-25 23:00:00,78.52009
2011-08-26 00:00:00,51.484596
2011-08-26 01:00:00,21.727568
2011-08-26 02:00:00,13.315975
2011-08-26 03:00:00,5.801576
2011-08-26 04:00:00,4.9235363
2011-08-26 05:00:00,24.20361
2011-08-26 06:00:00,94.9267
2011-08-26 07:00:00,265.73682
2011-08-26 08:00:00,401.601
2011-08-26 09:00:00,228.04782
2011-08-26 10:00:00,150.03903
2011-08-26 11:00:00,166.36414
2011-08-26 12:00:00,213.0033
2011-08-26 13:00:00,225.14326
2011-08-26 14:00:00,186.90652
2011-08-26 15:00:00,217.82065
2011-08-26 16:00:00,291.19315
2011-08-26 17:00:00,384.89883
2011-08-26 18:00:00,347.04486
2011-08-26 19:00:00,259.32855
2011-08-26 20:00:00,211.47557
2011-08-26 21:00:00,180.99855
2011-08-26 22:00:00,138.09364
2011-08-26 23:00:00,124.160095
2011-08-27 00:00:00,114.04375
2011-08-27 01:00:00,86.062096
2011-08-27 02:00:00,67.294655
2011-08-27 03:00:00,31.861574
2011-08-27 04:00:00,11.619651
2011-08-27 05:00:00,5.8736796
2011-08-27 06:00:00,16.000513
2011-08-27 07:00:00,50.924168
2011-08-27 08:00:00,108.74665
2011-08-27 09:00:00,163.89117
2011-08-27 10:00:00,237.27646
2011-08-27 11:00:00,188.38582
2011-08-27 12:00:00,197.33978
2011-08-27 13:00:00,255.90263
2011-08-27 14:00:00,189.39473
2011-08-27 15:00:00,193.84142
2011-08-27 16:00:00,184.06143
2011-08-27 17:00:00,157.76967
2011-08-28 07:00:00,30.85597
2011-08-28 08:00:00,74.047714
2011-08-28 09:00:00,165.64444
2011-08-28 10:00:00,260.7347
2011-08-28 11:00:00,353.33664
2011-08-28 12:00:00,396.34204
2011-08-28 13:00:00,420.19717
2011-08-28 14:00:00,379.72025
2011-08-28 15:00:00,378.2253
2011-08-28 16:00:00,380.893
2011-08-28 17:00:00,423.401
2011-08-28 18:00:00,385.52377
2011-08-28 19:00:00,305.79688
2011-08-28 20:00:00,237.69661
2011-08-28 21:00:00,185.88649
2011-08-28 22:00:00,118.60698
2011-08-28 23:00:00,72.38886
2011-08-29 00:00:00,35.990883
2011-08-29 01:00:00,13.368961
2011-08-29 02:00:00,7.901482
2011-08-29 03:00:00,4.026612
2011-08-29 04:00:00,4.6284094
2011-08-29 05:00:00,24.19772
2011-08-29 06:00:00,105.15281
2011-08-29 07:00:00,299.02463
2011-08-29 08:00:00,411.95175
2011-08-29 09:00:00,200.78725
2011-08-29 10:00:00,117.04552
2011-08-29 11:00:00,142.89128
2011-08-29 12:00:00,196.82687
2011-08-29 13:00:00,196.15315
2011-08-29 14:00:00,176.38564
2011-08-29 15:00:00,186.80832
2011-08-29 16:00:00,297.63675
2011-08-29 17:00:00,546.59534
2011-08-29 18:00:00,545.29987
2011-08-29 19:00:00,380.32538
2011-08-29 20:00:00,282.80225
2011-08-29 21:00:00,210.36986
2011-08-29 22:00:00,137.43953
2011-08-29 23:00:00,84.765594
2011-08-30 00:00:00,35.441452
2011-08-30 01:00:00,12.822747
2011-08-30 02:00:00,8.328796
2011-08-30 03:00:00,5.436464
2011-08-30 04:00:00,7.5376945
2011-08-30 05:00:00,27.828665
2011-08-30 06:00:00,111.7599
2011-08-30 07:00:00,320.128
2011-08-30 08:00:00,447.05463
2011-08-30 09:00:00,205.12206
2011-08-30 10:00:00,127.688644
2011-08-30 11:00:00,149.67575
2011-08-30 12:00:00,198.64047
2011-08-30 13:00:00,195.83841
2011-08-30 14:00:00,179.91702
2011-08-30 15:00:00,192.99435
2011-08-30 16:00:00,298.63785
2011-08-30 17:00:00,576.7906
2011-08-30 18:00:00,562.0505
2011-08-30 19:00:00,368.71783
2011-08-30 20:00:00,273.76175
2011-08-30 21:00:00,191.24113
2011-08-30 22:00:00,135.5034
2011-08-30 23:00:00,87.69547
2011-08-31 00:00:00,30.874146
2011-08-31 01:00:00,11.603131
2011-08-31 02:00:00,6.774116
2011-08-31 03:00:00,4.8511744
2011-08-31 04:00:00,4.411648
2011-08-31 05:00:00,23.764006
2011-08-31 06:00:00,110.031715
2011-08-31 07:00:00,311.13095
2011-08-31 08:00:00,429.37274
2011-08-31 09:00:00,206.42769
2011-08-31 10:00:00,121.69338
2011-08-31 11:00:00,147.8893
2011-08-31 12:00:00,188.76675
2011-08-31 13:00:00,191.19112
2011-08-31 14:00:00,171.49062
2011-08-31 15:00:00,180.73257
2011-08-31 16:00:00,283.15445
2011-08-31 17:00:00,562.9849
2011-08-31 18:00:00,543.0074
2011-08-31 19:00:00,366.1502
2011-08-31 20:00:00,284.8802
2011-08-31 21:00:00,207.03625
2011-08-31 22:00:00,122.11393
2011-08-31 23:00:00,72.6729
2011-09-20 00:00:00,30.039341
2011-09-20 01:00:00,14.471527
2011-09-20 02:00:00,10.883334
2011-09-20 03:00:00,7.1812234
2011-09-20 04:00:00,9.514927
2011-09-20 05:00:00,27.824419
2011-09-20 06:00:00,110.7145
2011-09-20 07:00:00,286.71802
2011-09-20 08:00:00,208.09035
2011-09-20 09:00:00,131.32147
2011-09-20 10:00:00,105.98249
2011-09-20 11:00:00,79.24518
2011-09-20 12:00:00,79.85157
2011-09-20 13:00:00,79.500175
2011-09-20 14:00:00,92.83517
2011-09-20 15:00:00,133.78586
2011-09-20 16:00:00,192.4436
2011-09-20 17:00:00,358.93588
2011-09-20 18:00:00,339.3818
2011-09-20 19:00:00,273.08844
2011-09-20 20:00:00,181.71994
2011-09-20 21:00:00,139.51651
2011-09-20 22:00:00,102.92316
2011-09-20 23:00:00,76.0136
2011-09-21 00:00:00,26.980715
2011-09-21 01:00:00,13.123531
2011-09-21 02:00:00,9.924051
2011-09-21 03:00:00,5.958062
2011-09-21 04:00:00,5.6721716
2011-09-21 05:00:00,17.347826
2011-09-21 06:00:00,92.44917
2011-09-21 07:00:00,240.11618
2011-09-21 08:00:00,342.46222
2011-09-21 09:00:00,153.47711
2011-09-21 10:00:00,103.890434
2011-09-21 11:00:00,101.12861
2011-09-21 12:00:00,143.19772
2011-09-21 13:00:00,143.73567
2011-09-21 14:00:00,132.9715
2011-09-21 15:00:00,136.2883
2011-09-21 16:00:00,237.15417
2011-09-21 17:00:00,408.41345
2011-09-21 18:00:00,286.64987
2011-09-21 19:00:00,164.16211
2011-09-21 20:00:00,115.32782
2011-09-21 21:00:00,106.903885
2011-09-21 22:00:00,77.68914
2011-09-21 23:00:00,69.4789
2011-09-22 00:00:00,34.202084
2011-09-22 01:00:00,13.845715
2011-09-22 02:00:00,10.882378
2011-09-22 03:00:00,8.439717
2011-09-22 04:00:00,8.651762
2011-09-22 05:00:00,20.331362
2011-09-22 06:00:00,92.62881
2011-09-22 07:00:00,254.462
2011-09-22 08:00:00,332.31998
2011-09-22 09:00:00,165.55278
2011-09-22 10:00:00,112.639084
2011-09-22 11:00:00,111.86753
2011-09-22 12:00:00,129.81186
2011-09-22 13:00:00,123.23197
2011-09-22 14:00:00,117.56352
2011-09-22 15:00:00,139.11002
2011-09-22 16:00:00,247.07883
2011-09-22 17:00:00,412.64313
2011-09-22 18:00:00,270.75452
2011-09-22 19:00:00,214.11806
2011-09-22 20:00:00,122.8384
2011-09-22 21:00:00,123.74954
2011-09-22 22:00:00,84.78455
2011-09-22 23:00:00,65.62994
2011-09-23 00:00:00,36.173943
2011-09-23 01:00:00,18.626251
2011-09-23 02:00:00,12.565475
2011-09-23 03:00:00,9.591615
2011-09-23 04:00:00,11.776901
2011-09-23 05:00:00,20.122341
2011-09-23 06:00:00,88.116325
2011-09-23 07:00:00,140.32915
2011-09-23 08:00:00,257.475
2011-09-23 09:00:00,139.81018
2011-09-23 10:00:00,109.084305
2011-09-23 11:00:00,109.401276
2011-09-23 12:00:00,125.12754
2011-09-23 13:00:00,130.81757
2011-09-23 14:00:00,130.6807
2011-09-23 15:00:00,146.56981
2011-09-23 16:00:00,184.30347
2011-09-23 17:00:00,242.90012
2011-09-23 18:00:00,229.48352
2011-09-23 19:00:00,185.14479
2011-09-23 20:00:00,149.28955
2011-09-23 21:00:00,114.14601
2011-09-23 22:00:00,108.77509
2011-09-23 23:00:00,84.03681
2011-09-24 00:00:00,103.640495
2011-09-24 01:00:00,80.170006
2011-09-24 02:00:00,64.17427
2011-09-24 03:00:00,35.566124
2011-09-24 04:00:00,17.021807
2011-09-24 05:00:00,15.202191
2011-09-24 06:00:00,16.998169
2011-09-24 07:00:00,58.97365
2011-09-24 08:00:00,100.75404
2011-09-24 09:00:00,181.63446
2011-09-24 10:00:00,256.97943
2011-09-24 11:00:00,301.63266
2011-09-24 12:00:00,332.56857
2011-09-24 13:00:00,344.37585
2011-09-24 14:00:00,341.9834
2011-09-24 15:00:00,350.9902
2011-09-24 16:00:00,342.31894
2011-09-24 17:00:00,347.79794
2011-09-24 18:00:00,308.30493
2011-09-24 19:00:00,218.56467
2011-09-24 20:00:00,178.05565
2011-09-24 21:00:00,157.6696
2011-09-24 22:00:00,120.796814
2011-09-24 23:00:00,115.24372
2011-09-25 00:00:00,99.38723
2011-09-25 01:00:00,84.509544
2011-09-25 02:00:00,62.75727
2011-09-25 03:00:00,35.369953
2011-09-25 04:00:00,21.850775
2011-09-25 05:00:00,22.49882
2011-09-25 06:00:00,20.398705
2011-09-25 07:00:00,39.096516
2011-09-25 08:00:00,99.413345
2011-09-25 09:00:00,168.2907
2011-09-25 10:00:00,261.78638
2011-09-25 11:00:00,329.8083
2011-09-25 12:00:00,343.00787
2011-09-25 13:00:00,341.2229
2011-09-25 14:00:00,306.20038
2011-09-25 15:00:00,311.07828
2011-09-25 16:00:00,381.3026
2011-09-25 17:00:00,344.828
2011-09-25 18:00:00,314.22156
2011-09-25 19:00:00,214.78174
2011-09-25 20:00:00,179.85912
2011-09-25 21:00:00,132.93271
2011-09-25 22:00:00,116.47604
2011-09-25 23:00:00,79.26227
2011-09-26 00:00:00,26.643923
2011-09-26 01:00:00,16.225779
2011-09-26 02:00:00,12.302627
2011-09-26 03:00:00,8.639223
2011-09-26 04:00:00,9.52824
2011-09-26 05:00:00,27.96322
2011-09-26 06:00:00,98.53234
2011-09-26 07:00:00,258.28128
2011-09-26 08:00:00,339.58594
2011-09-26 09:00:00,203.18254
2011-09-26 10:00:00,115.24978
2011-09-26 11:00:00,133.26743
2011-09-26 12:00:00,155.77393
2011-09-26 13:00:00,165.17094
2011-09-26 14:00:00,174.02278
2011-09-26 15:00:00,198.9967
2011-09-26 16:00:00,299.45435
2011-09-26 17:00:00,552.5672
2011-09-26 18:00:00,353.42905
2011-09-26 19:00:00,295.07074
2011-09-26 20:00:00,193.95802
2011-09-26 21:00:00,144.67822
2011-09-26 22:00:00,90.337296
2011-09-26 23:00:00,59.58483
2011-09-27 00:00:00,30.273264
2011-09-27 01:00:00,14.884232
2011-09-27 02:00:00,12.006635
2011-09-27 03:00:00,7.4405746
2011-09-27 04:00:00,17.886234
2011-09-27 05:00:00,28.995115
2011-09-27 06:00:00,100.55494
2011-09-27 07:00:00,276.0621
2011-09-27 08:00:00,393.99054
2011-09-27 09:00:00,176.85658
2011-09-27 10:00:00,113.986374
2011-09-27 11:00:00,114.917564
2011-09-27 12:00:00,138.07445
2011-09-27 13:00:00,156.07925
2011-09-27 14:00:00,137.7901
2011-09-27 15:00:00,137.24176
2011-09-27 16:00:00,220.10243
2011-09-27 17:00:00,312.66354
2011-09-27 18:00:00,292.03726
2011-09-27 19:00:00,246.10674
2011-09-27 20:00:00,232.59328
2011-09-27 21:00:00,169.56047
2011-09-27 22:00:00,128.74095
2011-09-27 23:00:00,87.62581
2011-09-28 00:00:00,32.132374
2011-09-28 01:00:00,14.598516
2011-09-28 02:00:00,12.24263
2011-09-28 03:00:00,7.3340783
2011-09-28 04:00:00,8.213233
2011-09-28 05:00:00,21.254984
2011-09-28 06:00:00,69.71096
2011-09-28 07:00:00,131.56944
2011-09-28 08:00:00,261.98254
2011-09-28 09:00:00,163.66656
2011-09-28 10:00:00,88.45989
2011-09-28 11:00:00,108.898506
2011-09-28 12:00:00,144.5797
2011-09-28 13:00:00,159.60072
2011-09-28 14:00:00,176.74425
2011-09-28 15:00:00,178.72377
2011-09-28 16:00:00,287.47308
2011-09-28 17:00:00,532.7027
2011-09-28 18:00:00,324.7387
2011-09-28 19:00:00,220.9588
2011-09-28 20:00:00,142.058
2011-09-28 21:00:00,122.09461
2011-09-28 22:00:00,123.20596
2011-09-28 23:00:00,66.68769
2011-09-29 00:00:00,40.82254
2011-09-29 01:00:00,16.171045
2011-09-29 02:00:00,13.22833
2011-09-29 03:00:00,10.7237835
2011-09-29 04:00:00,10.417874
2011-09-29 05:00:00,24.63596
2011-09-29 06:00:00,108.413666
2011-09-29 07:00:00,307.09705
2011-09-29 08:00:00,443.2141
2011-09-29 09:00:00,228.8109
2011-09-29 10:00:00,135.49763
2011-09-29 11:00:00,163.85948
2011-09-29 12:00:00,197.28835
2011-09-29 13:00:00,195.54398
2011-09-29 14:00:00,177.27281
2011-09-29 15:00:00,186.42076
2011-09-29 16:00:00,293.19373
2011-09-29 17:00:00,555.03455
2011-09-29 18:00:00,539.46405
2011-09-29 19:00:00,345.0644
2011-09-29 20:00:00,265.2407
2011-09-29 21:00:00,192.70752
2011-09-29 22:00:00,133.42885
2011-09-29 23:00:00,96.092766
2011-09-30 00:00:00,51.150276
2011-09-30 01:00:00,26.800169
2011-09-30 02:00:00,14.554057
2011-09-30 03:00:00,8.20914
2011-09-30 04:00:00,8.362379
2011-09-30 05:00:00,26.497213
2011-09-30 06:00:00,102.33103
2011-09-30 07:00:00,280.45447
2011-09-30 08:00:00,427.48157
2011-09-30 09:00:00,225.78992
2011-09-30 10:00:00,161.95628
2011-09-30 11:00:00,193.34952
2011-09-30 12:00:00,239.39136
2011-09-30 13:00:00,232.06
2011-09-30 14:00:00,222.13506
2011-09-30 15:00:00,227.8681
2011-09-30 16:00:00,348.57455
2011-09-30 17:00:00,536.2439
2011-09-30 18:00:00,473.8463
2011-09-30 19:00:00,282.0846
2011-09-30 20:00:00,209.08995
2011-09-30 21:00:00,167.9631
2011-09-30 22:00:00,134.3503
2011-09-30 23:00:00,114.59678
2011-10-20 00:00:00,34.401608
2011-10-20 01:00:00,18.00305
2011-10-20 02:00:00,8.75111
2011-10-20 03:00:00,5.8013687
2011-10-20 04:00:00,6.5393143
2011-10-20 05:00:00,29.724241
2011-10-20 06:00:00,110.85054
2011-10-20 07:00:00,292.32776
2011-10-20 08:00:00,434.55817
2011-10-20 09:00:00,207.55867
2011-10-20 10:00:00,127.86558
2011-10-20 11:00:00,148.06781
2011-10-20 12:00:00,183.67557
2011-10-20 13:00:00,171.68402
2011-10-20 14:00:00,152.35468
2011-10-20 15:00:00,153.45029
2011-10-20 16:00:00,232.4368
2011-10-20 17:00:00,456.6999
2011-10-20 18:00:00,412.79956
2011-10-20 19:00:00,285.26413
2011-10-20 20:00:00,207.48474
2011-10-20 21:00:00,153.92712
2011-10-20 22:00:00,117.66455
2011-10-20 23:00:00,88.68679
2011-10-21 00:00:00,48.63839
2011-10-21 01:00:00,24.754648
2011-10-21 02:00:00,12.776379
2011-10-21 03:00:00,6.1782446
2011-10-21 04:00:00,6.3068814
2011-10-21 05:00:00,22.31447
2011-10-21 06:00:00,90.08422
2011-10-21 07:00:00,246.46042
2011-10-21 08:00:00,437.45462
2011-10-21 09:00:00,223.7575
2011-10-21 10:00:00,144.87976
2011-10-21 11:00:00,185.11191
2011-10-21 12:00:00,225.43787
2011-10-21 13:00:00,210.86473
2011-10-21 14:00:00,214.0089
2011-10-21 15:00:00,224.75395
2011-10-21 16:00:00,320.16412
2011-10-21 17:00:00,448.609
2011-10-21 18:00:00,388.70084
2011-10-21 19:00:00,239.59671
2011-10-21 20:00:00,184.16998
2011-10-21 21:00:00,145.43132
2011-10-21 22:00:00,126.436134
2011-10-21 23:00:00,100.28646
2011-10-22 00:00:00,89.21653
2011-10-22 01:00:00,67.910286
2011-10-22 02:00:00,53.795834
2011-10-22 03:00:00,26.022926
2011-10-22 04:00:00,9.358097
2011-10-22 05:00:00,5.856902
2011-10-22 06:00:00,14.236321
2011-10-22 07:00:00,51.610924
2011-10-22 08:00:00,101.22531
2011-10-22 09:00:00,181.7742
2011-10-22 10:00:00,239.73361
2011-10-22 11:00:00,291.22952
2011-10-22 12:00:00,363.54086
2011-10-22 13:00:00,401.55
2011-10-22 14:00:00,354.00397
2011-10-22 15:00:00,363.44147
2011-10-22 16:00:00,398.84772
2011-10-22 17:00:00,312.5725
2011-10-22 18:00:00,252.5605
2011-10-22 19:00:00,198.1359
2011-10-22 20:00:00,152.8404
2011-10-22 21:00:00,120.324005
2011-10-22 22:00:00,104.44945
2011-10-22 23:00:00,85.36251
2011-10-23 00:00:00,85.05786
2011-10-23 01:00:00,73.104294
2011-10-23 02:00:00,60.906414
2011-10-23 03:00:00,27.684832
2011-10-23 04:00:00,8.841921
2011-10-23 05:00:00,8.466164
2011-10-23 06:00:00,14.140749
2011-10-23 07:00:00,45.69896
2011-10-23 08:00:00,80.98579
2011-10-23 09:00:00,152.12234
2011-10-23 10:00:00,247.56497
2011-10-23 11:00:00,300.42377
2011-10-23 12:00:00,381.64258
2011-10-23 13:00:00,387.544
2011-10-23 14:00:00,378.2188
2011-10-23 15:00:00,375.53455
2011-10-23 16:00:00,383.2842
2011-10-23 17:00:00,336.1512
2011-10-23 18:00:00,288.02728
2011-10-23 19:00:00,193.47244
2011-10-23 20:00:00,148.5182
2011-10-23 21:00:00,114.002014
2011-10-23 22:00:00,86.8734
2011-10-23 23:00:00,63.349926
2011-10-24 00:00:00,27.985077
2011-10-24 01:00:00,14.401632
2011-10-24 02:00:00,7.9467425
2011-10-24 03:00:00,6.4619446
2011-10-24 04:00:00,5.6535563
2011-10-24 05:00:00,24.798943
2011-10-24 06:00:00,104.91682
2011-10-24 07:00:00,252.4939
2011-10-24 08:00:00,405.30542
2011-10-24 09:00:00,214.88599
2011-10-24 10:00:00,121.82608
2011-10-24 11:00:00,141.06453
2011-10-24 12:00:00,181.6238
2011-10-24 13:00:00,183.35564
2011-10-24 14:00:00,168.78104
2011-10-24 15:00:00,196.56274
2011-10-24 16:00:00,282.1015
2011-10-24 17:00:00,547.6937
2011-10-24 18:00:00,524.4361
2011-10-24 19:00:00,194.06395
2011-10-24 20:00:00,218.12878
2011-10-24 21:00:00,144.07104
2011-10-24 22:00:00,116.17978
2011-10-24 23:00:00,71.283585
2011-10-25 00:00:00,33.636223
2011-10-25 01:00:00,14.003275
2011-10-25 02:00:00,8.70887
2011-10-25 03:00:00,6.0368567
2011-10-25 04:00:00,8.196833
2011-10-25 05:00:00,29.216429
2011-10-25 06:00:00,107.36592
2011-10-25 07:00:00,290.273
2011-10-25 08:00:00,440.00974
2011-10-25 09:00:00,219.29628
2011-10-25 10:00:00,129.07547
2011-10-25 11:00:00,147.72626
2011-10-25 12:00:00,190.99216
2011-10-25 13:00:00,189.71558
2011-10-25 14:00:00,175.92906
2011-10-25 15:00:00,194.39096
2011-10-25 16:00:00,298.45053
2011-10-25 17:00:00,579.61505
2011-10-25 18:00:00,521.9913
2011-10-25 19:00:00,302.2017
2011-10-25 20:00:00,222.8382
2011-10-25 21:00:00,162.07684
2011-10-25 22:00:00,122.29749
2011-10-25 23:00:00,76.48175
2011-10-26 00:00:00,34.859135
2011-10-26 01:00:00,11.28773
2011-10-26 02:00:00,7.535275
2011-10-26 03:00:00,3.230495
2011-10-26 04:00:00,3.4510033
2011-10-26 05:00:00,24.557413
2011-10-26 06:00:00,105.26551
2011-10-26 07:00:00,302.66882
2011-10-26 08:00:00,429.33167
2011-10-26 09:00:00,218.04182
2011-10-26 10:00:00,122.05093
2011-10-26 11:00:00,154.74438
2011-10-26 12:00:00,166.71617
2011-10-26 13:00:00,148.49306
2011-10-26 14:00:00,128.93216
2011-10-26 15:00:00,143.51004
2011-10-26 16:00:00,238.10342
2011-10-26 17:00:00,448.7306
2011-10-26 18:00:00,463.66858
2011-10-26 19:00:00,252.64178
2011-10-26 20:00:00,184.82135
2011-10-26 21:00:00,159.05551
2011-10-26 22:00:00,105.90946
2011-10-26 23:00:00,73.80435
2011-10-27 00:00:00,32.901756
2011-10-27 01:00:00,14.26809
2011-10-27 02:00:00,7.054402
2011-10-27 03:00:00,5.2354393
2011-10-27 04:00:00,3.4056807
2011-10-27 05:00:00,21.545567
2011-10-27 06:00:00,58.202374
2011-10-27 07:00:00,267.09024
2011-10-27 08:00:00,270.43024
2011-10-27 09:00:00,219.3892
2011-10-27 10:00:00,109.618286
2011-10-27 11:00:00,104.23568
2011-10-27 12:00:00,107.01753
2011-10-27 13:00:00,132.6496
2011-10-27 14:00:00,114.1845
2011-10-27 15:00:00,136.6033
2011-10-27 16:00:00,261.01355
2011-10-27 17:00:00,431.42636
2011-10-27 18:00:00,392.32202
2011-10-27 19:00:00,233.22429
2011-10-27 20:00:00,180.6611
2011-10-27 21:00:00,134.84613
2011-10-27 22:00:00,78.76313
2011-10-27 23:00:00,65.25074
2011-10-28 00:00:00,42.447548
2011-10-28 01:00:00,17.734243
2011-10-28 02:00:00,10.180932
2011-10-28 03:00:00,3.245202
2011-10-28 04:00:00,6.4162345
2011-10-28 05:00:00,20.130808
2011-10-28 06:00:00,87.23501
2011-10-28 07:00:00,226.7426
2011-10-28 08:00:00,422.71402
2011-10-28 09:00:00,220.75462
2011-10-28 10:00:00,139.80891
2011-10-28 11:00:00,150.18156
2011-10-28 12:00:00,189.4379
2011-10-28 13:00:00,183.00641
2011-10-28 14:00:00,164.28241
2011-10-28 15:00:00,180.23015
2011-10-28 16:00:00,245.1298
2011-10-28 17:00:00,404.90265
2011-10-28 18:00:00,366.33694
2011-10-28 19:00:00,231.74602
2011-10-28 20:00:00,96.188545
2011-10-28 21:00:00,65.39405
2011-10-28 22:00:00,41.5581
2011-10-28 23:00:00,35.394485
2011-10-29 00:00:00,56.03797
2011-10-29 01:00:00,45.68307
2011-10-29 02:00:00,38.89695
2011-10-29 03:00:00,12.129997
2011-10-29 04:00:00,3.2897816
2011-10-29 05:00:00,12.423825
2011-10-29 06:00:00,13.258862
2011-10-29 07:00:00,32.213524
2011-10-29 08:00:00,66.36602
2011-10-29 09:00:00,103.29594
2011-10-29 10:00:00,131.82935
2011-10-29 11:00:00,139.31624
2011-10-29 12:00:00,140.26503
2011-10-29 13:00:00,154.5831
2011-10-29 14:00:00,167.72076
2011-10-29 15:00:00,163.45041
2011-10-29 16:00:00,161.90982
2011-10-29 17:00:00,117.628075
2011-10-29 18:00:00,103.17226
2011-10-29 19:00:00,118.9653
2011-10-29 20:00:00,96.731606
2011-10-29 21:00:00,76.67425
2011-10-29 22:00:00,65.62933
2011-10-29 23:00:00,56.751797
2011-10-30 00:00:00,70.68975
2011-10-30 01:00:00,59.954193
2011-10-30 02:00:00,44.423267
2011-10-30 03:00:00,16.214247
2011-10-30 04:00:00,4.3869367
2011-10-30 05:00:00,3.2824488
2011-10-30 06:00:00,5.6249375
2011-10-30 07:00:00,29.488441
2011-10-30 08:00:00,58.995068
2011-10-30 09:00:00,130.05391
2011-10-30 10:00:00,219.67526
2011-10-30 11:00:00,275.01828
2011-10-30 12:00:00,320.21454
2011-10-30 13:00:00,332.33868
2011-10-30 14:00:00,353.81992
2011-10-30 15:00:00,354.80252
2011-10-30 16:00:00,348.34326
2011-10-30 17:00:00,276.67966
2011-10-30 18:00:00,222.74844
2011-10-30 19:00:00,248.1561
2011-10-30 20:00:00,129.51445
2011-10-30 21:00:00,88.87857
2011-10-30 22:00:00,73.26424
2011-10-30 23:00:00,49.178593
2011-10-31 00:00:00,23.12341
2011-10-31 01:00:00,9.888624
2011-10-31 02:00:00,7.0236588
2011-10-31 03:00:00,6.2467422
2011-10-31 04:00:00,6.9268646
2011-10-31 05:00:00,23.353844
2011-10-31 06:00:00,88.019615
2011-10-31 07:00:00,248.19713
2011-10-31 08:00:00,416.53528
2011-10-31 09:00:00,207.26105
2011-10-31 10:00:00,113.96633
2011-10-31 11:00:00,134.49678
2011-10-31 12:00:00,170.27063
2011-10-31 13:00:00,164.98082
2011-10-31 14:00:00,151.33539
2011-10-31 15:00:00,174.31572
2011-10-31 16:00:00,253.23988
2011-10-31 17:00:00,502.15665
2011-10-31 18:00:00,434.28427
2011-10-31 19:00:00,285.48895
2011-10-31 20:00:00,197.42085
2011-10-31 21:00:00,128.38948
2011-10-31 22:00:00,85.22515
2011-10-31 23:00:00,54.171642
2011-11-20 00:00:00,84.35949
2011-11-20 01:00:00,67.8835
2011-11-20 02:00:00,56.19163
2011-11-20 03:00:00,25.674717
2011-11-20 04:00:00,5.478535
2011-11-20 05:00:00,5.3639517
2011-11-20 06:00:00,10.591281
2011-11-20 07:00:00,47.87977
2011-11-20 08:00:00,76.02982
2011-11-20 09:00:00,151.3287
2011-11-20 10:00:00,230.87286
2011-11-20 11:00:00,328.82343
2011-11-20 12:00:00,364.7669
2011-11-20 13:00:00,365.99548
2011-11-20 14:00:00,356.38184
2011-11-20 15:00:00,326.34134
2011-11-20 16:00:00,339.92047
2011-11-20 17:00:00,284.2365
2011-11-20 18:00:00,265.03223
2011-11-20 19:00:00,212.03014
2011-11-20 20:00:00,174.29115
2011-11-20 21:00:00,127.235085
2011-11-20 22:00:00,57.542736
2011-11-20 23:00:00,48.203705
2011-11-21 00:00:00,26.949123
2011-11-21 01:00:00,18.175379
2011-11-21 02:00:00,15.148715
2011-11-21 03:00:00,9.5866375
2011-11-21 04:00:00,9.535551
2011-11-21 05:00:00,19.826962
2011-11-21 06:00:00,90.72987
2011-11-21 07:00:00,254.6712
2011-11-21 08:00:00,394.61465
2011-11-21 09:00:00,203.39919
2011-11-21 10:00:00,117.84026
2011-11-21 11:00:00,115.69566
2011-11-21 12:00:00,170.84312
2011-11-21 13:00:00,161.03558
2011-11-21 14:00:00,132.3327
2011-11-21 15:00:00,85.0221
2011-11-21 16:00:00,126.175064
2011-11-21 17:00:00,171.36145
2011-11-21 18:00:00,194.24733
2011-11-21 19:00:00,154.44452
2011-11-21 20:00:00,123.96793
2011-11-21 21:00:00,94.88646
2011-11-21 22:00:00,63.448544
2011-11-21 23:00:00,44.54593
2011-11-22 00:00:00,15.951525
2011-11-22 01:00:00,9.20853
2011-11-22 02:00:00,8.14776
2011-11-22 03:00:00,6.650009
2011-11-22 04:00:00,8.496068
2011-11-22 05:00:00,17.566078
2011-11-22 06:00:00,90.06503
2011-11-22 07:00:00,116.01077
2011-11-22 08:00:00,221.21562
2011-11-22 09:00:00,111.57049
2011-11-22 10:00:00,71.44696
2011-11-22 11:00:00,79.155815
2011-11-22 12:00:00,87.546
2011-11-22 13:00:00,93.54397
2011-11-22 14:00:00,80.34615
2011-11-22 15:00:00,67.506516
2011-11-22 16:00:00,110.39943
2011-11-22 17:00:00,193.86014
2011-11-22 18:00:00,172.96104
2011-11-22 19:00:00,159.29784
2011-11-22 20:00:00,162.84676
2011-11-22 21:00:00,122.092
2011-11-22 22:00:00,95.644005
2011-11-22 23:00:00,65.8106
2011-11-23 00:00:00,23.440279
2011-11-23 01:00:00,11.640096
2011-11-23 02:00:00,13.367514
2011-11-23 03:00:00,11.14097
2011-11-23 04:00:00,9.892834
2011-11-23 05:00:00,18.461182
2011-11-23 06:00:00,83.13718
2011-11-23 07:00:00,253.43526
2011-11-23 08:00:00,400.34653
2011-11-23 09:00:00,201.0757
2011-11-23 10:00:00,98.038925
2011-11-23 11:00:00,130.63696
2011-11-23 12:00:00,173.51237
2011-11-23 13:00:00,134.80568
2011-11-23 14:00:00,133.49571
2011-11-23 15:00:00,136.21777
2011-11-23 16:00:00,198.09062
2011-11-23 17:00:00,267.10583
2011-11-23 18:00:00,361.54684
2011-11-23 19:00:00,255.37831
2011-11-23 20:00:00,171.95724
2011-11-23 21:00:00,124.10495
2011-11-23 22:00:00,85.47897
2011-11-23 23:00:00,53.83717
2011-11-24 00:00:00,41.598778
2011-11-24 01:00:00,25.82731
2011-11-24 02:00:00,18.379402
2011-11-24 03:00:00,7.270937
2011-11-24 04:00:00,3.4364166
2011-11-24 05:00:00,15.344571
2011-11-24 06:00:00,41.521355
2011-11-24 07:00:00,98.43397
2011-11-24 08:00:00,208.08458
2011-11-24 09:00:00,195.70074
2011-11-24 10:00:00,198.56923
2011-11-24 11:00:00,237.17415
2011-11-24 12:00:00,282.7385
2011-11-24 13:00:00,295.82004
2011-11-24 14:00:00,299.8194
2011-11-24 15:00:00,293.7324
2011-11-24 16:00:00,301.90955
2011-11-24 17:00:00,324.57074
2011-11-24 18:00:00,260.54935
2011-11-24 19:00:00,218.74786
2011-11-24 20:00:00,155.94794
2011-11-24 21:00:00,122.30712
2011-11-24 22:00:00,97.54078
2011-11-24 23:00:00,68.5919
2011-11-25 00:00:00,42.319252
2011-11-25 01:00:00,17.156464
2011-11-25 02:00:00,10.830141
2011-11-25 03:00:00,4.581494
2011-11-25 04:00:00,5.6594777
2011-11-25 05:00:00,20.033194
2011-11-25 06:00:00,80.75571
2011-11-25 07:00:00,228.2761
2011-11-25 08:00:00,421.125
2011-11-25 09:00:00,228.44186
2011-11-25 10:00:00,137.87317
2011-11-25 11:00:00,159.00165
2011-11-25 12:00:00,198.54768
2011-11-25 13:00:00,216.30025
2011-11-25 14:00:00,204.20479
2011-11-25 15:00:00,222.42136
2011-11-25 16:00:00,301.08362
2011-11-25 17:00:00,459.23254
2011-11-25 18:00:00,393.111
2011-11-25 19:00:00,230.64076
2011-11-25 20:00:00,173.6551
2011-11-25 21:00:00,126.180176
2011-11-25 22:00:00,106.11267
2011-11-25 23:00:00,84.07283
2011-11-26 00:00:00,81.22683
2011-11-26 01:00:00,65.5112
2011-11-26 02:00:00,48.541145
2011-11-26 03:00:00,21.212278
2011-11-26 04:00:00,7.3215775
2011-11-26 05:00:00,6.4006824
2011-11-26 06:00:00,16.361132
2011-11-26 07:00:00,39.656887
2011-11-26 08:00:00,96.30929
2011-11-26 09:00:00,160.49643
2011-11-26 10:00:00,213.06859
2011-11-26 11:00:00,281.97568
2011-11-26 12:00:00,329.6193
2011-11-26 13:00:00,359.50452
2011-11-26 14:00:00,352.9589
2011-11-26 15:00:00,364.13638
2011-11-26 16:00:00,327.03433
2011-11-26 17:00:00,259.0143
2011-11-26 18:00:00,210.84297
2011-11-26 19:00:00,194.92503
2011-11-26 20:00:00,150.14314
2011-11-26 21:00:00,107.489494
2011-11-26 22:00:00,101.55816
2011-11-26 23:00:00,76.11622
2011-11-27 00:00:00,83.62159
2011-11-27 01:00:00,72.97898
2011-11-27 02:00:00,55.108543
2011-11-27 03:00:00,27.07488
2011-11-27 04:00:00,9.20725
2011-11-27 05:00:00,7.28464
2011-11-27 06:00:00,15.86469
2011-11-27 07:00:00,43.939335
2011-11-27 08:00:00,81.32436
2011-11-27 09:00:00,153.64862
2011-11-27 10:00:00,234.5461
2011-11-27 11:00:00,336.63477
2011-11-27 12:00:00,375.858
2011-11-27 13:00:00,381.48218
2011-11-27 14:00:00,410.81894
2011-11-27 15:00:00,402.02994
2011-11-27 16:00:00,376.8096
2011-11-27 17:00:00,313.0138
2011-11-27 18:00:00,253.14713
2011-11-27 19:00:00,187.9865
2011-11-27 20:00:00,163.57645
2011-11-27 21:00:00,113.97992
2011-11-27 22:00:00,91.940414
2011-11-27 23:00:00,65.88594
2011-11-28 00:00:00,35.35721
2011-11-28 01:00:00,14.560495
2011-11-28 03:00:00,7.528507
2011-11-28 04:00:00,7.3172493
2011-11-28 05:00:00,25.289953
2011-11-28 06:00:00,105.25936
2011-11-28 07:00:00,293.5268
2011-11-28 08:00:00,402.82578
2011-11-28 09:00:00,213.4166
2011-11-28 10:00:00,122.23693
2011-11-28 11:00:00,142.08096
2011-11-28 12:00:00,187.97394
2011-11-28 13:00:00,178.06468
2011-11-28 14:00:00,172.082
2011-11-28 15:00:00,194.9272
2011-11-28 16:00:00,278.40735
2011-11-28 17:00:00,539.83167
2011-11-28 18:00:00,513.24384
2011-11-28 19:00:00,298.92667
2011-11-28 20:00:00,218.23889
2011-11-28 21:00:00,165.742
2011-11-28 22:00:00,104.30696
2011-11-28 23:00:00,63.62867
2011-11-29 00:00:00,27.908724
2011-11-29 01:00:00,13.529671
2011-11-29 02:00:00,9.580841
2011-11-29 03:00:00,7.2455974
2011-11-29 04:00:00,5.0164814
2011-11-29 05:00:00,30.732843
2011-11-29 06:00:00,108.73821
2011-11-29 07:00:00,314.70776
2011-11-29 08:00:00,443.501
2011-11-29 09:00:00,164.42249
2011-11-29 10:00:00,105.82801
2011-11-29 11:00:00,100.44415
2011-11-29 12:00:00,89.88927
2011-11-29 13:00:00,79.68304
2011-11-29 14:00:00,81.18733
2011-11-29 15:00:00,86.849075
2011-11-29 16:00:00,118.121956
2011-11-29 17:00:00,266.22504
2011-11-29 18:00:00,289.7013
2011-11-29 19:00:00,227.98703
2011-11-29 20:00:00,158.39087
2011-11-29 21:00:00,118.139206
2011-11-29 22:00:00,86.673454
2011-11-29 23:00:00,51.187504
2011-11-30 00:00:00,29.537092
2011-11-30 01:00:00,11.028898
2011-11-30 02:00:00,5.1515903
2011-11-30 03:00:00,2.924847
2011-11-30 04:00:00,4.0073633
2011-11-30 05:00:00,22.741524
2011-11-30 06:00:00,89.687614
2011-11-30 07:00:00,259.42645
2011-11-30 08:00:00,438.6376
2011-11-30 09:00:00,213.14806
2011-11-30 10:00:00,121.553894
2011-11-30 11:00:00,129.44487
2011-11-30 12:00:00,141.62184
2011-11-30 13:00:00,135.86546
2011-11-30 14:00:00,125.05141
2011-11-30 15:00:00,145.03877
2011-11-30 16:00:00,204.71233
2011-11-30 17:00:00,353.3522
2011-11-30 18:00:00,352.0464
2011-11-30 19:00:00,220.734
2011-11-30 20:00:00,156.58707
2011-11-30 21:00:00,117.16696
2011-11-30 22:00:00,84.0252
2011-11-30 23:00:00,50.810276
2011-12-20 00:00:00,27.690586
2011-12-20 01:00:00,6.08342
2011-12-20 02:00:00,3.377692
2011-12-20 03:00:00,1.3043497
2011-12-20 04:00:00,5.075254
2011-12-20 05:00:00,22.667418
2011-12-20 06:00:00,92.615456
2011-12-20 07:00:00,265.08344
2011-12-20 08:00:00,442.5571
2011-12-20 09:00:00,221.59099
2011-12-20 10:00:00,117.48351
2011-12-20 11:00:00,126.90235
2011-12-20 12:00:00,160.54463
2011-12-20 13:00:00,152.90062
2011-12-20 14:00:00,139.83884
2011-12-20 15:00:00,142.30617
2011-12-20 16:00:00,224.98541
2011-12-20 17:00:00,418.7965
2011-12-20 18:00:00,387.27527
2011-12-20 19:00:00,264.11444
2011-12-20 20:00:00,179.48744
2011-12-20 21:00:00,140.15247
2011-12-20 22:00:00,95.957855
2011-12-20 23:00:00,70.7163
2011-12-21 00:00:00,27.008133
2011-12-21 01:00:00,12.441853
2011-12-21 02:00:00,5.860368
2011-12-21 03:00:00,3.5081036
2011-12-21 04:00:00,4.5044093
2011-12-21 05:00:00,23.599455
2011-12-21 06:00:00,88.62728
2011-12-21 07:00:00,245.68968
2011-12-21 08:00:00,222.27678
2011-12-21 09:00:00,206.71098
2011-12-21 10:00:00,113.009514
2011-12-21 11:00:00,107.810036
2011-12-21 12:00:00,78.3337
2011-12-21 13:00:00,66.680595
2011-12-21 14:00:00,99.306435
2011-12-21 15:00:00,111.250496
2011-12-21 16:00:00,87.74661
2011-12-21 17:00:00,109.01787
2011-12-21 18:00:00,190.66197
2011-12-21 19:00:00,172.50305
2011-12-21 20:00:00,135.2609
2011-12-21 21:00:00,135.3305
2011-12-21 22:00:00,101.28943
2011-12-21 23:00:00,68.31229
2011-12-22 00:00:00,43.32387
2011-12-22 01:00:00,12.381462
2011-12-22 02:00:00,10.724318
2011-12-22 03:00:00,5.2770863
2011-12-22 04:00:00,7.122623
2011-12-22 05:00:00,24.195126
2011-12-22 06:00:00,92.698456
2011-12-22 07:00:00,254.74551
2011-12-22 08:00:00,430.3611
2011-12-22 09:00:00,217.85211
2011-12-22 10:00:00,111.85132
2011-12-22 11:00:00,112.94202
2011-12-22 12:00:00,148.98148
2011-12-22 13:00:00,138.99448
2011-12-22 14:00:00,124.57362
2011-12-22 15:00:00,134.44073
2011-12-22 16:00:00,208.3648
2011-12-22 17:00:00,365.5248
2011-12-22 18:00:00,376.07294
2011-12-22 19:00:00,253.03668
2011-12-22 20:00:00,116.46794
2011-12-22 21:00:00,83.62672
2011-12-22 22:00:00,53.488285
2011-12-22 23:00:00,46.622616
2011-12-23 00:00:00,32.12873
2011-12-23 01:00:00,17.395967
2011-12-23 02:00:00,10.55605
2011-12-23 03:00:00,6.0435367
2011-12-23 04:00:00,6.369344
2011-12-23 05:00:00,20.49736
2011-12-23 06:00:00,87.731606
2011-12-23 07:00:00,229.59824
2011-12-23 08:00:00,404.97577
2011-12-23 09:00:00,222.01222
2011-12-23 10:00:00,131.19243
2011-12-23 11:00:00,144.15665
2011-12-23 12:00:00,174.57803
2011-12-23 13:00:00,154.49849
2011-12-23 14:00:00,157.36229
2011-12-23 15:00:00,168.71474
2011-12-23 16:00:00,215.28949
2011-12-23 17:00:00,354.43646
2011-12-23 18:00:00,281.38248
2011-12-23 19:00:00,216.97427
2011-12-23 20:00:00,133.3107
2011-12-23 21:00:00,106.752075
2011-12-23 22:00:00,93.59641
2011-12-23 23:00:00,78.59003
2011-12-24 00:00:00,69.21714
2011-12-24 01:00:00,57.61464
2011-12-24 02:00:00,50.51801
2011-12-24 03:00:00,21.21038
2011-12-24 04:00:00,7.674156
2011-12-24 05:00:00,6.996477
2011-12-24 06:00:00,9.792716
2011-12-24 07:00:00,34.44519
2011-12-24 08:00:00,67.486
2011-12-24 09:00:00,123.94043
2011-12-24 10:00:00,170.3344
2011-12-24 11:00:00,216.5515
2011-12-24 12:00:00,265.13
2011-12-24 13:00:00,256.94366
2011-12-24 14:00:00,256.58127
2011-12-24 15:00:00,248.79198
2011-12-24 16:00:00,239.37123
2011-12-24 17:00:00,168.55992
2011-12-24 18:00:00,156.51996
2011-12-24 19:00:00,154.35475
2011-12-24 20:00:00,105.51511
2011-12-24 21:00:00,84.51769
2011-12-24 22:00:00,76.50016
2011-12-24 23:00:00,61.071056
2011-12-25 00:00:00,62.90398
2011-12-25 01:00:00,53.91464
2011-12-25 02:00:00,46.216103
2011-12-25 03:00:00,18.6278
2011-12-25 05:00:00,3.0414102
2011-12-25 06:00:00,1.3161664
2011-12-25 07:00:00,13.19626
2011-12-25 08:00:00,42.98716
2011-12-25 09:00:00,97.40152
2011-12-25 10:00:00,150.38222
2011-12-25 11:00:00,208.64476
2011-12-25 12:00:00,208.3524
2011-12-25 13:00:00,222.23883
2011-12-25 14:00:00,231.1546
2011-12-25 15:00:00,238.76006
2011-12-25 16:00:00,252.77429
2011-12-25 17:00:00,193.61397
2011-12-25 18:00:00,142.26828
2011-12-25 19:00:00,153.50705
2011-12-25 20:00:00,110.9443
2011-12-25 21:00:00,78.28556
2011-12-25 22:00:00,63.392925
2011-12-25 23:00:00,43.76449
2011-12-26 00:00:00,36.36534
2011-12-26 01:00:00,21.799683
2011-12-26 02:00:00,12.422249
2011-12-26 04:00:00,0.64384806
2011-12-26 05:00:00,14.402999
2011-12-26 06:00:00,20.719416
2011-12-26 07:00:00,88.18313
2011-12-26 08:00:00,167.92166
2011-12-26 09:00:00,162.0754
2011-12-26 10:00:00,171.23106
2011-12-26 11:00:00,173.52501
2011-12-26 12:00:00,211.79259
2011-12-26 13:00:00,221.2975
2011-12-26 14:00:00,221.639
2011-12-26 15:00:00,223.6582
2011-12-26 16:00:00,214.74069
2011-12-26 17:00:00,221.24088
2011-12-26 18:00:00,196.81093
2011-12-26 19:00:00,183.37784
2011-12-26 20:00:00,134.51184
2011-12-26 21:00:00,93.97468
2011-12-26 22:00:00,62.230667
2011-12-26 23:00:00,35.649227
2011-12-27 00:00:00,21.373129
2011-12-27 01:00:00,9.131248
2011-12-27 02:00:00,5.400442
2011-12-27 03:00:00,6.695479
2011-12-27 04:00:00,8.238432
2011-12-27 05:00:00,22.71356
2011-12-27 06:00:00,84.915634
2011-12-27 07:00:00,231.7492
2011-12-27 08:00:00,405.61337
2011-12-27 09:00:00,121.71786
2011-12-27 10:00:00,107.507744
2011-12-27 11:00:00,65.22658
2011-12-27 12:00:00,66.469864
2011-12-27 13:00:00,70.65905
2011-12-27 14:00:00,75.14045
2011-12-27 15:00:00,77.9559
2011-12-27 16:00:00,104.580536
2011-12-27 17:00:00,187.5289
2011-12-27 18:00:00,241.90746
2011-12-27 19:00:00,213.44539
2011-12-27 20:00:00,153.56656
2011-12-27 21:00:00,122.84301
2011-12-27 22:00:00,94.6582
2011-12-27 23:00:00,46.77307
2011-12-28 00:00:00,27.529516
2011-12-28 01:00:00,12.483884
2011-12-28 02:00:00,7.498997
2011-12-28 03:00:00,5.32358
2011-12-28 05:00:00,25.118494
2011-12-28 06:00:00,87.789444
2011-12-28 07:00:00,239.8712
2011-12-28 08:00:00,420.66428
2011-12-28 09:00:00,208.49867
2011-12-28 10:00:00,113.42876
2011-12-28 11:00:00,116.07995
2011-12-28 12:00:00,134.83401
2011-12-28 13:00:00,123.06412
2011-12-28 14:00:00,117.76638
2011-12-28 15:00:00,124.962845
2011-12-28 16:00:00,170.68488
2011-12-28 17:00:00,307.36404
2011-12-28 18:00:00,290.70773
2011-12-28 19:00:00,201.54695
2011-12-28 20:00:00,143.86098
2011-12-28 21:00:00,100.42883
2011-12-28 22:00:00,72.55658
2011-12-28 23:00:00,44.746803
2011-12-29 00:00:00,21.495918
2011-12-29 01:00:00,8.043518
2011-12-29 02:00:00,3.9215834
2011-12-29 03:00:00,3.4126391
2011-12-29 04:00:00,4.7378707
2011-12-29 05:00:00,17.977222
2011-12-29 06:00:00,73.099785
2011-12-29 07:00:00,205.2517
2011-12-29 08:00:00,392.07422
2011-12-29 09:00:00,198.85793
2011-12-29 10:00:00,91.403145
2011-12-29 11:00:00,96.43839
2011-12-29 12:00:00,120.67664
2011-12-29 13:00:00,124.97099
2011-12-29 14:00:00,111.37666
2011-12-29 15:00:00,128.44026
2011-12-29 16:00:00,187.17575
2011-12-29 17:00:00,322.58984
2011-12-29 18:00:00,294.21313
2011-12-29 19:00:00,226.77829
2011-12-29 20:00:00,154.5865
2011-12-29 21:00:00,115.39401
2011-12-29 22:00:00,87.57259
2011-12-29 23:00:00,65.64885
2011-12-30 00:00:00,36.025833
2011-12-30 01:00:00,17.88444
2011-12-30 02:00:00,8.357806
2011-12-30 03:00:00,3.162629
2011-12-30 04:00:00,3.6082532
2011-12-30 05:00:00,15.340704
2011-12-30 06:00:00,66.311325
2011-12-30 07:00:00,191.57014
2011-12-30 08:00:00,379.5808
2011-12-30 09:00:00,220.64966
2011-12-30 10:00:00,118.99379
2011-12-30 11:00:00,133.58112
2011-12-30 12:00:00,169.55963
2011-12-30 13:00:00,158.97903
2011-12-30 14:00:00,152.46492
2011-12-30 15:00:00,170.61137
2011-12-30 16:00:00,243.00688
2011-12-30 17:00:00,359.91687
2011-12-30 18:00:00,293.1892
2011-12-30 19:00:00,198.70915
2011-12-30 20:00:00,148.2243
2011-12-30 21:00:00,119.66539
2011-12-30 22:00:00,98.9603
2011-12-30 23:00:00,75.78013
2011-12-31 00:00:00,69.16956
2011-12-31 01:00:00,60.69658
2011-12-31 02:00:00,49.31923
2011-12-31 03:00:00,22.410923
2011-12-31 04:00:00,6.191285
2011-12-31 05:00:00,6.7601705
2011-12-31 06:00:00,13.158937
2011-12-31 07:00:00,12.629298
2011-12-31 08:00:00,85.31958
2011-12-31 09:00:00,151.3648
2011-12-31 10:00:00,211.59921
2011-12-31 11:00:00,270.33835
2011-12-31 12:00:00,375.8576
2011-12-31 13:00:00,369.90445
2011-12-31 14:00:00,311.66666
2011-12-31 15:00:00,307.1671
2011-12-31 16:00:00,279.9273
2011-12-31 17:00:00,231.53209
2011-12-31 18:00:00,205.95366
2011-12-31 19:00:00,187.71738
2011-12-31 20:00:00,152.54158
2011-12-31 21:00:00,115.83684
2011-12-31 22:00:00,103.473564
2011-12-31 23:00:00,82.086876
2012-01-20 00:00:00,29.85286
2012-01-20 01:00:00,13.381937
2012-01-20 02:00:00,9.005474
2012-01-20 03:00:00,5.678339
2012-01-20 04:00:00,5.816138
2012-01-20 05:00:00,19.013628
2012-01-20 06:00:00,80.02717
2012-01-20 07:00:00,209.112
2012-01-20 08:00:00,444.6526
2012-01-20 09:00:00,219.33965
2012-01-20 10:00:00,110.28053
2012-01-20 11:00:00,120.75801
2012-01-20 12:00:00,149.46005
2012-01-20 13:00:00,154.2656
2012-01-20 14:00:00,138.29031
2012-01-20 15:00:00,150.845
2012-01-20 16:00:00,198.44461
2012-01-20 17:00:00,348.1904
2012-01-20 18:00:00,311.38715
2012-01-20 19:00:00,202.59653
2012-01-20 20:00:00,134.57712
2012-01-20 21:00:00,99.41571
2012-01-20 22:00:00,84.84579
2012-01-20 23:00:00,44.38487
2012-01-21 00:00:00,39.520317
2012-01-21 01:00:00,44.14537
2012-01-21 02:00:00,29.076283
2012-01-21 03:00:00,15.420124
2012-01-21 04:00:00,2.1533318
2012-01-21 05:00:00,1.8956344
2012-01-21 06:00:00,6.2223573
2012-01-21 07:00:00,19.588356
2012-01-21 08:00:00,72.46525
2012-01-21 09:00:00,107.887665
2012-01-21 10:00:00,121.59388
2012-01-21 11:00:00,186.87721
2012-01-21 12:00:00,223.26341
2012-01-21 13:00:00,223.43597
2012-01-21 14:00:00,150.44771
2012-01-21 15:00:00,150.42558
2012-01-21 16:00:00,183.77187
2012-01-21 17:00:00,147.6668
2012-01-21 18:00:00,141.69121
2012-01-21 19:00:00,114.49371
2012-01-21 20:00:00,90.41186
2012-01-21 21:00:00,63.963657
2012-01-21 22:00:00,58.560535
2012-01-21 23:00:00,52.28169
2012-01-22 00:00:00,58.09768
2012-01-22 01:00:00,43.806793
2012-01-22 02:00:00,37.320686
2012-01-22 03:00:00,17.13
2012-01-22 04:00:00,0.0
2012-01-22 05:00:00,1.1751868
2012-01-22 06:00:00,3.4387465
2012-01-22 07:00:00,14.27105
2012-01-22 08:00:00,47.724274
2012-01-22 09:00:00,90.02616
2012-01-22 10:00:00,137.80658
2012-01-22 11:00:00,126.30025
2012-01-22 12:00:00,200.59688
2012-01-22 13:00:00,222.50397
2012-01-22 14:00:00,197.03596
2012-01-22 15:00:00,191.62082
2012-01-22 16:00:00,180.10974
2012-01-22 17:00:00,143.34401
2012-01-22 18:00:00,111.15293
2012-01-22 19:00:00,94.05299
2012-01-22 20:00:00,62.867596
2012-01-22 21:00:00,60.271328
2012-01-22 22:00:00,58.631123
2012-01-22 23:00:00,41.13128
2012-01-23 00:00:00,13.449385
2012-01-23 01:00:00,4.060705
2012-01-23 02:00:00,2.8772333
2012-01-23 03:00:00,2.7196448
2012-01-23 04:00:00,3.2679434
2012-01-23 05:00:00,15.804534
2012-01-23 06:00:00,72.512825
2012-01-23 07:00:00,121.70162
2012-01-23 08:00:00,266.4511
2012-01-23 09:00:00,206.511
2012-01-23 10:00:00,96.38304
2012-01-23 11:00:00,83.875885
2012-01-23 12:00:00,98.08625
2012-01-23 13:00:00,72.40228
2012-01-23 14:00:00,61.91339
2012-01-23 15:00:00,89.25728
2012-01-23 16:00:00,128.37927
2012-01-23 17:00:00,206.26143
2012-01-23 18:00:00,214.8063
2012-01-23 19:00:00,193.92604
2012-01-23 20:00:00,125.64922
2012-01-23 21:00:00,85.74459
2012-01-23 22:00:00,49.238438
2012-01-23 23:00:00,22.843147
2012-01-24 00:00:00,13.255088
2012-01-24 01:00:00,2.5568483
2012-01-24 02:00:00,2.922975
2012-01-24 03:00:00,1.0455422
2012-01-24 04:00:00,3.3639464
2012-01-24 05:00:00,16.105085
2012-01-24 06:00:00,76.90849
2012-01-24 07:00:00,233.74205
2012-01-24 08:00:00,450.56796
2012-01-24 09:00:00,217.53642
2012-01-24 10:00:00,117.7698
2012-01-24 11:00:00,100.47567
2012-01-24 12:00:00,115.80718
2012-01-24 13:00:00,117.129906
2012-01-24 14:00:00,107.28461
2012-01-24 15:00:00,139.52611
2012-01-24 16:00:00,222.51062
2012-01-24 17:00:00,429.36166
2012-01-24 18:00:00,414.26666
2012-01-24 19:00:00,312.97534
2012-01-24 20:00:00,178.2606
2012-01-24 21:00:00,139.8218
2012-01-24 22:00:00,85.12376
2012-01-24 23:00:00,55.157192
2012-01-25 00:00:00,18.96931
2012-01-25 01:00:00,8.927984
2012-01-25 02:00:00,6.13278
2012-01-25 03:00:00,4.1805234
2012-01-25 04:00:00,1.1571165
2012-01-25 05:00:00,16.026247
2012-01-25 06:00:00,86.97304
2012-01-25 07:00:00,244.07324
2012-01-25 08:00:00,456.98615
2012-01-25 09:00:00,218.36206
2012-01-25 10:00:00,90.97055
2012-01-25 11:00:00,98.60135
2012-01-25 12:00:00,148.57642
2012-01-25 13:00:00,140.00201
2012-01-25 14:00:00,124.81128
2012-01-25 15:00:00,147.66418
2012-01-25 16:00:00,207.61276
2012-01-25 17:00:00,403.00888
2012-01-25 18:00:00,368.3504
2012-01-25 19:00:00,254.5414
2012-01-25 20:00:00,177.05203
2012-01-25 21:00:00,129.94214
2012-01-25 22:00:00,97.70607
2012-01-25 23:00:00,50.74711
2012-01-26 00:00:00,20.908684
2012-01-26 01:00:00,8.118663
2012-01-26 02:00:00,6.99311
2012-01-26 03:00:00,3.9967067
2012-01-26 04:00:00,4.946009
2012-01-26 05:00:00,18.980448
2012-01-26 06:00:00,88.494804
2012-01-26 07:00:00,248.79033
2012-01-26 08:00:00,463.01846
2012-01-26 09:00:00,236.52504
2012-01-26 10:00:00,100.47245
2012-01-26 11:00:00,105.33207
2012-01-26 12:00:00,143.82248
2012-01-26 13:00:00,144.48769
2012-01-26 14:00:00,134.49667
2012-01-26 15:00:00,155.7396
2012-01-26 16:00:00,213.90251
2012-01-26 17:00:00,406.78094
2012-01-26 18:00:00,411.3251
2012-01-26 19:00:00,286.44547
2012-01-26 20:00:00,191.22893
2012-01-26 21:00:00,151.04175
2012-01-26 22:00:00,101.41325
2012-01-26 23:00:00,77.741615
2012-01-27 00:00:00,36.22879
2012-01-27 01:00:00,16.465815
2012-01-27 02:00:00,15.139115
2012-01-27 03:00:00,5.251232
2012-01-27 04:00:00,4.66881
2012-01-27 05:00:00,19.623276
2012-01-27 06:00:00,84.63907
2012-01-27 07:00:00,224.23386
2012-01-27 08:00:00,264.60953
2012-01-27 09:00:00,143.6681
2012-01-27 10:00:00,84.95499
2012-01-27 11:00:00,144.92088
2012-01-27 12:00:00,188.10635
2012-01-27 13:00:00,240.04413
2012-01-27 14:00:00,224.48189
2012-01-27 15:00:00,209.24382
2012-01-27 16:00:00,273.2243
2012-01-27 17:00:00,420.69577
2012-01-27 18:00:00,373.52963
2012-01-27 19:00:00,244.72359
2012-01-27 20:00:00,163.94087
2012-01-27 21:00:00,126.98812
2012-01-27 22:00:00,101.72154
2012-01-27 23:00:00,76.72713
2012-01-28 00:00:00,63.85662
2012-01-28 01:00:00,50.171623
2012-01-28 02:00:00,41.096844
2012-01-28 03:00:00,19.464895
2012-01-28 04:00:00,5.4598856
2012-01-28 05:00:00,7.0434847
2012-01-28 06:00:00,8.7072115
2012-01-28 07:00:00,31.873375
2012-01-28 08:00:00,81.97794
2012-01-28 09:00:00,127.53161
2012-01-28 10:00:00,177.89925
2012-01-28 11:00:00,247.5859
2012-01-28 12:00:00,237.72098
2012-01-28 13:00:00,296.78354
2012-01-28 14:00:00,319.84308
2012-01-28 15:00:00,345.11734
2012-01-28 16:00:00,367.53647
2012-01-28 17:00:00,283.06247
2012-01-28 18:00:00,242.72865
2012-01-28 19:00:00,189.27629
2012-01-28 20:00:00,147.01357
2012-01-28 21:00:00,102.14547
2012-01-28 22:00:00,96.06837
2012-01-28 23:00:00,74.897804
2012-01-29 00:00:00,69.757576
2012-01-29 01:00:00,56.493946
2012-01-29 02:00:00,44.178192
2012-01-29 03:00:00,22.060633
2012-01-29 04:00:00,4.651895
2012-01-29 05:00:00,2.805897
2012-01-29 06:00:00,4.3958516
2012-01-29 07:00:00,21.210672
2012-01-29 08:00:00,51.070522
2012-01-29 09:00:00,82.949165
2012-01-29 10:00:00,160.68059
2012-01-29 11:00:00,200.02255
2012-01-29 12:00:00,256.9355
2012-01-29 13:00:00,266.7985
2012-01-29 14:00:00,254.06729
2012-01-29 15:00:00,288.60983
2012-01-29 16:00:00,272.0975
2012-01-29 17:00:00,205.4931
2012-01-29 18:00:00,153.12376
2012-01-29 19:00:00,128.91821
2012-01-29 20:00:00,100.72543
2012-01-29 21:00:00,76.00735
2012-01-29 22:00:00,52.481712
2012-01-29 23:00:00,40.633984
2012-01-30 00:00:00,28.039291
2012-01-30 01:00:00,5.4920692
2012-01-30 02:00:00,9.097206
2012-01-30 03:00:00,4.6516633
2012-01-30 04:00:00,4.876824
2012-01-30 05:00:00,18.13782
2012-01-30 06:00:00,84.30767
2012-01-30 07:00:00,221.40578
2012-01-30 08:00:00,406.9809
2012-01-30 09:00:00,201.19093
2012-01-30 10:00:00,98.01741
2012-01-30 11:00:00,102.479065
2012-01-30 12:00:00,138.58618
2012-01-30 13:00:00,133.4701
2012-01-30 14:00:00,125.63085
2012-01-30 15:00:00,133.72939
2012-01-30 16:00:00,203.20331
2012-01-30 17:00:00,395.06766
2012-01-30 18:00:00,386.7174
2012-01-30 19:00:00,256.20248
2012-01-30 20:00:00,180.23283
2012-01-30 21:00:00,126.645004
2012-01-30 22:00:00,72.22156
2012-01-30 23:00:00,38.982365
2012-01-31 00:00:00,18.596733
2012-01-31 01:00:00,7.46591
2012-01-31 02:00:00,7.7237716
2012-01-31 03:00:00,4.903443
2012-01-31 04:00:00,4.4588103
2012-01-31 05:00:00,21.009
2012-01-31 06:00:00,88.92252
2012-01-31 07:00:00,245.88263
2012-01-31 08:00:00,471.00815
2012-01-31 09:00:00,224.48877
2012-01-31 10:00:00,110.45443
2012-01-31 11:00:00,125.01422
2012-01-31 12:00:00,157.54764
2012-01-31 13:00:00,171.8547
2012-01-31 14:00:00,170.15646
2012-01-31 15:00:00,183.54053
2012-01-31 16:00:00,269.65463
2012-01-31 17:00:00,536.70514
2012-01-31 18:00:00,521.463
2012-01-31 19:00:00,342.13672
2012-01-31 20:00:00,206.84303
2012-01-31 21:00:00,163.64612
2012-01-31 22:00:00,104.62178
2012-01-31 23:00:00,73.16672
2012-02-20 00:00:00,51.882877
2012-02-20 01:00:00,45.238354
2012-02-20 02:00:00,40.842247
2012-02-20 03:00:00,25.850267
2012-02-20 05:00:00,21.966835
2012-02-20 06:00:00,26.954967
2012-02-20 07:00:00,95.70477
2012-02-20 08:00:00,176.74895
2012-02-20 09:00:00,144.73775
2012-02-20 10:00:00,153.90497
2012-02-20 11:00:00,184.72423
2012-02-20 12:00:00,208.30656
2012-02-20 13:00:00,217.25095
2012-02-20 14:00:00,228.09996
2012-02-20 15:00:00,241.41423
2012-02-20 16:00:00,265.3777
2012-02-20 17:00:00,302.37225
2012-02-20 18:00:00,258.4349
2012-02-20 19:00:00,201.01929
2012-02-20 20:00:00,153.3777
2012-02-20 21:00:00,107.56614
2012-02-20 22:00:00,71.37587
2012-02-20 23:00:00,40.028942
2012-02-21 00:00:00,17.304756
2012-02-21 01:00:00,6.303694
2012-02-21 02:00:00,6.0937185
2012-02-21 04:00:00,3.522209
2012-02-21 05:00:00,19.828272
2012-02-21 06:00:00,87.77379
2012-02-21 07:00:00,264.08292
2012-02-21 08:00:00,486.6234
2012-02-21 09:00:00,248.19852
2012-02-21 10:00:00,105.21081
2012-02-21 11:00:00,99.5417
2012-02-21 12:00:00,140.7933
2012-02-21 13:00:00,146.5787
2012-02-21 14:00:00,120.79479
2012-02-21 15:00:00,148.12425
2012-02-21 16:00:00,228.71724
2012-02-21 17:00:00,450.7138
2012-02-21 18:00:00,449.86987
2012-02-21 19:00:00,284.6068
2012-02-21 20:00:00,199.65039
2012-02-21 21:00:00,144.41246
2012-02-21 22:00:00,88.66729
2012-02-21 23:00:00,49.959423
2012-02-22 00:00:00,23.52441
2012-02-22 01:00:00,9.9395275
2012-02-22 02:00:00,4.733444
2012-02-22 03:00:00,3.1965134
2012-02-22 04:00:00,4.056779
2012-02-22 05:00:00,20.567858
2012-02-22 06:00:00,96.06175
2012-02-22 07:00:00,297.14438
2012-02-22 08:00:00,529.01263
2012-02-22 09:00:00,265.61084
2012-02-22 10:00:00,123.405136
2012-02-22 11:00:00,132.10141
2012-02-22 12:00:00,161.46553
2012-02-22 13:00:00,159.9352
2012-02-22 14:00:00,144.12085
2012-02-22 15:00:00,197.23781
2012-02-22 16:00:00,275.52908
2012-02-22 17:00:00,552.2375
2012-02-22 18:00:00,485.6886
2012-02-22 19:00:00,319.00598
2012-02-22 20:00:00,219.6916
2012-02-22 21:00:00,167.13861
2012-02-22 22:00:00,108.10882
2012-02-22 23:00:00,71.587
2012-02-23 00:00:00,32.168182
2012-02-23 01:00:00,13.640333
2012-02-23 02:00:00,11.35661
2012-02-23 03:00:00,3.9478817
2012-02-23 04:00:00,4.8035674
2012-02-23 05:00:00,24.525026
2012-02-23 06:00:00,105.70825
2012-02-23 07:00:00,296.92233
2012-02-23 08:00:00,530.2408
2012-02-23 09:00:00,267.08682
2012-02-23 10:00:00,126.57927
2012-02-23 11:00:00,151.7126
2012-02-23 12:00:00,212.17082
2012-02-23 13:00:00,214.13307
2012-02-23 14:00:00,189.92458
2012-02-23 15:00:00,210.50494
2012-02-23 16:00:00,305.33115
2012-02-23 17:00:00,588.5962
2012-02-23 18:00:00,567.52576
2012-02-23 19:00:00,363.1424
2012-02-23 20:00:00,247.5767
2012-02-23 21:00:00,177.74988
2012-02-23 22:00:00,130.521
2012-02-23 23:00:00,87.7202
2012-02-24 00:00:00,44.14819
2012-02-24 01:00:00,26.155003
2012-02-24 02:00:00,0.0
2012-02-24 03:00:00,8.799192
2012-02-24 04:00:00,7.679638
2012-02-24 05:00:00,22.196554
2012-02-24 06:00:00,94.95904
2012-02-24 07:00:00,263.20386
2012-02-24 08:00:00,473.9053
2012-02-24 09:00:00,134.92297
2012-02-24 10:00:00,80.86722
2012-02-24 11:00:00,143.93613
2012-02-24 12:00:00,202.7557
2012-02-24 13:00:00,185.93549
2012-02-24 14:00:00,177.45052
2012-02-24 15:00:00,100.98017
2012-02-24 16:00:00,132.31151
2012-02-24 17:00:00,221.80443
2012-02-24 18:00:00,274.55487
2012-02-24 19:00:00,245.67033
2012-02-24 20:00:00,190.25084
2012-02-24 21:00:00,136.48778
2012-02-24 22:00:00,102.37366
2012-02-24 23:00:00,79.30046
2012-02-25 00:00:00,77.1785
2012-02-25 01:00:00,57.486206
2012-02-25 02:00:00,41.96882
2012-02-25 03:00:00,13.8590975
2012-02-25 04:00:00,6.254023
2012-02-25 05:00:00,4.6841407
2012-02-25 06:00:00,9.777112
2012-02-25 07:00:00,39.443016
2012-02-25 08:00:00,79.60022
2012-02-25 09:00:00,89.6493
2012-02-25 10:00:00,184.60094
2012-02-25 11:00:00,219.69482
2012-02-25 12:00:00,247.74612
2012-02-25 13:00:00,285.4774
2012-02-25 14:00:00,264.3397
2012-02-25 15:00:00,294.32745
2012-02-25 16:00:00,224.53935
2012-02-25 17:00:00,217.68378
2012-02-25 18:00:00,158.84229
2012-02-25 19:00:00,133.10277
2012-02-25 20:00:00,101.13107
2012-02-25 21:00:00,83.09417
2012-02-25 22:00:00,78.22579
2012-02-25 23:00:00,63.22864
2012-02-26 00:00:00,64.90592
2012-02-26 01:00:00,54.77848
2012-02-26 02:00:00,42.976944
2012-02-26 03:00:00,23.03714
2012-02-26 04:00:00,6.1884484
2012-02-26 05:00:00,2.6874466
2012-02-26 06:00:00,7.025941
2012-02-26 07:00:00,16.944374
2012-02-26 08:00:00,49.50568
2012-02-26 09:00:00,96.08113
2012-02-26 10:00:00,182.7889
2012-02-26 11:00:00,226.65067
2012-02-26 12:00:00,291.0769
2012-02-26 13:00:00,308.54074
2012-02-26 14:00:00,327.3097
2012-02-26 15:00:00,332.97495
2012-02-26 16:00:00,314.3617
2012-02-26 17:00:00,247.35066
2012-02-26 18:00:00,192.90134
2012-02-26 19:00:00,146.22336
2012-02-26 20:00:00,97.23305
2012-02-26 21:00:00,68.42954
2012-02-26 22:00:00,61.745163
2012-02-26 23:00:00,39.720642
2012-02-27 00:00:00,17.09023
2012-02-27 01:00:00,6.532338
2012-02-27 02:00:00,2.650882
2012-02-27 03:00:00,5.6227736
2012-02-27 04:00:00,5.2710304
2012-02-27 05:00:00,20.287292
2012-02-27 06:00:00,82.216255
2012-02-27 07:00:00,262.0204
2012-02-27 08:00:00,476.9133
2012-02-27 09:00:00,230.63515
2012-02-27 10:00:00,107.9462
2012-02-27 11:00:00,132.80862
2012-02-27 12:00:00,166.22151
2012-02-27 13:00:00,160.8705
2012-02-27 14:00:00,156.81273
2012-02-27 15:00:00,207.44278
2012-02-27 16:00:00,286.7652
2012-02-27 17:00:00,553.32947
2012-02-27 18:00:00,520.8886
2012-02-27 19:00:00,353.40952
2012-02-27 20:00:00,232.7083
2012-02-27 21:00:00,163.68028
2012-02-27 22:00:00,100.431046
2012-02-27 23:00:00,58.56766
2012-02-28 00:00:00,29.148232
2012-02-28 01:00:00,11.289169
2012-02-28 02:00:00,6.3216305
2012-02-28 03:00:00,1.1259851
2012-02-28 04:00:00,7.3574166
2012-02-28 05:00:00,26.002117
2012-02-28 06:00:00,94.657036
2012-02-28 07:00:00,270.00854
2012-02-28 08:00:00,483.81317
2012-02-28 09:00:00,241.05937
2012-02-28 10:00:00,108.48159
2012-02-28 11:00:00,128.93585
2012-02-28 12:00:00,165.97656
2012-02-28 13:00:00,161.99493
2012-02-28 14:00:00,154.65837
2012-02-28 15:00:00,184.53761
2012-02-28 16:00:00,265.22055
2012-02-28 17:00:00,512.454
2012-02-28 18:00:00,501.9948
2012-02-28 19:00:00,321.41226
2012-02-28 20:00:00,202.98901
2012-02-28 21:00:00,141.25659
2012-02-28 22:00:00,99.10236
2012-02-28 23:00:00,62.062347
2012-02-29 00:00:00,23.570692
2012-02-29 01:00:00,6.977388
2012-02-29 02:00:00,7.2458224
2012-02-29 03:00:00,2.8178012
2012-02-29 05:00:00,22.381807
2012-02-29 06:00:00,92.668175
2012-02-29 07:00:00,274.57544
2012-02-29 08:00:00,499.6273
2012-02-29 09:00:00,134.67757
2012-02-29 10:00:00,56.547592
2012-02-29 11:00:00,68.90776
2012-02-29 12:00:00,62.311325
2012-02-29 13:00:00,109.336815
2012-02-29 14:00:00,93.9451
2012-02-29 15:00:00,123.11605
2012-02-29 16:00:00,105.157326
2012-02-29 17:00:00,293.0943
2012-02-29 18:00:00,260.6338
2012-02-29 19:00:00,264.38727
2012-02-29 20:00:00,136.17268
2012-02-29 21:00:00,105.65321
2012-02-29 22:00:00,55.347286
2012-02-29 23:00:00,35.987232
2012-03-20 00:00:00,25.463112
2012-03-20 01:00:00,14.062756
2012-03-20 02:00:00,7.2819886
2012-03-20 03:00:00,1.7222892
2012-03-20 04:00:00,4.0816865
2012-03-20 05:00:00,20.644512
2012-03-20 06:00:00,98.77908
2012-03-20 07:00:00,140.5784
2012-03-20 08:00:00,562.53455
2012-03-20 09:00:00,316.48816
2012-03-20 10:00:00,179.09683
2012-03-20 11:00:00,166.89127
2012-03-20 12:00:00,241.20486
2012-03-20 13:00:00,230.39653
2012-03-20 14:00:00,212.8838
2012-03-20 15:00:00,237.6866
2012-03-20 16:00:00,371.5355
2012-03-20 17:00:00,692.95703
2012-03-20 18:00:00,691.7042
2012-03-20 19:00:00,493.4364
2012-03-20 20:00:00,336.6824
2012-03-20 21:00:00,223.90213
2012-03-20 22:00:00,142.76279
2012-03-20 23:00:00,82.02979
2012-03-21 00:00:00,33.121414
2012-03-21 01:00:00,15.786596
2012-03-21 02:00:00,10.79011
2012-03-21 03:00:00,3.838017
2012-03-21 04:00:00,4.2872586
2012-03-21 05:00:00,27.214691
2012-03-21 06:00:00,99.66352
2012-03-21 07:00:00,181.28735
2012-03-21 08:00:00,339.36343
2012-03-21 09:00:00,332.96976
2012-03-21 10:00:00,171.7143
2012-03-21 11:00:00,160.81793
2012-03-21 12:00:00,210.91289
2012-03-21 13:00:00,155.82327
2012-03-21 14:00:00,166.58429
2012-03-21 15:00:00,179.67291
2012-03-21 16:00:00,348.68427
2012-03-21 17:00:00,666.2982
2012-03-21 18:00:00,651.7288
2012-03-21 19:00:00,509.20496
2012-03-21 20:00:00,325.46823
2012-03-21 21:00:00,210.16748
2012-03-21 22:00:00,157.89035
2012-03-21 23:00:00,104.14607
2012-03-22 00:00:00,44.26205
2012-03-22 01:00:00,18.986513
2012-03-22 02:00:00,9.912054
2012-03-22 03:00:00,6.6958055
2012-03-22 04:00:00,3.7344067
2012-03-22 05:00:00,20.731588
2012-03-22 06:00:00,114.79468
2012-03-22 07:00:00,349.92368
2012-03-22 08:00:00,598.8851
2012-03-22 09:00:00,314.7328
2012-03-22 10:00:00,178.22908
2012-03-22 11:00:00,170.62122
2012-03-22 12:00:00,222.09877
2012-03-22 13:00:00,234.2137
2012-03-22 14:00:00,224.66573
2012-03-22 15:00:00,264.89682
2012-03-22 16:00:00,381.71738
2012-03-22 17:00:00,730.0758
2012-03-22 18:00:00,731.08295
2012-03-22 19:00:00,524.2152
2012-03-22 20:00:00,363.42996
2012-03-22 21:00:00,259.39355
2012-03-22 22:00:00,174.36024
2012-03-22 23:00:00,139.07277
2012-03-23 00:00:00,54.815876
2012-03-23 01:00:00,26.081629
2012-03-23 02:00:00,13.537293
2012-03-23 03:00:00,8.10292
2012-03-23 04:00:00,4.312661
2012-03-23 05:00:00,22.142157
2012-03-23 06:00:00,114.007774
2012-03-23 07:00:00,323.39746
2012-03-23 08:00:00,560.4731
2012-03-23 09:00:00,325.07373
2012-03-23 10:00:00,214.22282
2012-03-23 11:00:00,262.48077
2012-03-23 12:00:00,352.78015
2012-03-23 13:00:00,364.49207
2012-03-23 14:00:00,348.40067
2012-03-23 15:00:00,374.99237
2012-03-23 16:00:00,500.20163
2012-03-23 17:00:00,737.29553
2012-03-23 18:00:00,685.8976
2012-03-23 19:00:00,466.26126
2012-03-23 20:00:00,346.9048
2012-03-23 21:00:00,269.21616
2012-03-23 22:00:00,224.93843
2012-03-23 23:00:00,164.34341
2012-03-24 00:00:00,106.08183
2012-03-24 01:00:00,85.59358
2012-03-24 02:00:00,62.34439
2012-03-24 03:00:00,28.333963
2012-03-24 04:00:00,15.541213
2012-03-24 05:00:00,23.058872
2012-03-24 06:00:00,43.528458
2012-03-24 07:00:00,87.29344
2012-03-24 08:00:00,159.60071
2012-03-24 09:00:00,280.99033
2012-03-24 10:00:00,389.31454
2012-03-24 11:00:00,447.53958
2012-03-24 12:00:00,294.48495
2012-03-24 13:00:00,284.2537
2012-03-24 14:00:00,275.63846
2012-03-24 15:00:00,263.51108
2012-03-24 16:00:00,241.16658
2012-03-24 17:00:00,259.1747
2012-03-24 18:00:00,241.17267
2012-03-24 19:00:00,207.01952
2012-03-24 20:00:00,144.8905
2012-03-24 21:00:00,126.70546
2012-03-24 22:00:00,91.690025
2012-03-24 23:00:00,101.68095
2012-03-25 00:00:00,78.80188
2012-03-25 01:00:00,64.14615
2012-03-25 02:00:00,52.42088
2012-03-25 03:00:00,25.47813
2012-03-25 04:00:00,7.4124627
2012-03-25 05:00:00,6.87426
2012-03-25 06:00:00,15.3095
2012-03-25 07:00:00,48.357197
2012-03-25 08:00:00,109.32148
2012-03-25 09:00:00,194.81862
2012-03-25 10:00:00,284.68063
2012-03-25 11:00:00,326.22156
2012-03-25 12:00:00,408.60526
2012-03-25 13:00:00,453.9999
2012-03-25 14:00:00,443.2305
2012-03-25 15:00:00,435.4593
2012-03-25 16:00:00,443.21576
2012-03-25 17:00:00,442.69174
2012-03-25 18:00:00,391.46954
2012-03-25 19:00:00,302.55786
2012-03-25 20:00:00,193.82463
2012-03-25 21:00:00,138.97552
2012-03-25 22:00:00,103.48116
2012-03-25 23:00:00,73.05822
2012-03-26 00:00:00,30.463764
2012-03-26 01:00:00,13.762663
2012-03-26 02:00:00,6.5232162
2012-03-26 03:00:00,6.030932
2012-03-26 04:00:00,5.7041373
2012-03-26 05:00:00,26.34552
2012-03-26 06:00:00,116.55373
2012-03-26 07:00:00,382.25687
2012-03-26 08:00:00,643.3331
2012-03-26 09:00:00,300.5407
2012-03-26 10:00:00,197.08183
2012-03-26 11:00:00,206.37457
2012-03-26 12:00:00,258.89694
2012-03-26 13:00:00,241.52588
2012-03-26 14:00:00,228.42554
2012-03-26 15:00:00,240.33492
2012-03-26 16:00:00,332.56128
2012-03-26 17:00:00,626.3911
2012-03-26 18:00:00,598.9506
2012-03-26 19:00:00,404.5877
2012-03-26 20:00:00,264.7626
2012-03-26 21:00:00,176.76495
2012-03-26 22:00:00,101.84908
2012-03-26 23:00:00,67.24072
2012-03-27 00:00:00,32.95016
2012-03-27 01:00:00,10.358793
2012-03-27 02:00:00,3.4863443
2012-03-27 03:00:00,1.8309642
2012-03-27 04:00:00,4.113082
2012-03-27 05:00:00,26.367603
2012-03-27 06:00:00,99.08824
2012-03-27 07:00:00,322.16537
2012-03-27 08:00:00,579.63354
2012-03-27 09:00:00,315.2577
2012-03-27 10:00:00,172.1017
2012-03-27 11:00:00,172.68298
2012-03-27 12:00:00,215.30713
2012-03-27 13:00:00,226.23163
2012-03-27 14:00:00,224.31354
2012-03-27 15:00:00,239.34033
2012-03-27 16:00:00,354.99817
2012-03-27 17:00:00,628.59955
2012-03-27 18:00:00,615.52295
2012-03-27 19:00:00,423.06366
2012-03-27 20:00:00,299.2872
2012-03-27 21:00:00,186.25494
2012-03-27 22:00:00,127.710365
2012-03-27 23:00:00,84.757324
2012-03-28 00:00:00,32.588913
2012-03-28 01:00:00,8.174648
2012-03-28 02:00:00,2.948929
2012-03-28 03:00:00,4.951913
2012-03-28 04:00:00,3.3455498
2012-03-28 05:00:00,24.760113
2012-03-28 06:00:00,109.821396
2012-03-28 07:00:00,344.99957
2012-03-28 08:00:00,619.1572
2012-03-28 09:00:00,327.03305
2012-03-28 10:00:00,185.70686
2012-03-28 11:00:00,222.77713
2012-03-28 12:00:00,271.6518
2012-03-28 13:00:00,265.82727
2012-03-28 14:00:00,249.44159
2012-03-28 15:00:00,261.2395
2012-03-28 16:00:00,322.8034
2012-03-28 17:00:00,732.99506
2012-03-28 18:00:00,736.88367
2012-03-28 19:00:00,532.208
2012-03-28 20:00:00,384.76343
2012-03-28 21:00:00,272.74692
2012-03-28 22:00:00,191.27472
2012-03-28 23:00:00,118.396805
2012-03-29 00:00:00,45.573395
2012-03-29 01:00:00,23.557852
2012-03-29 02:00:00,11.426436
2012-03-29 03:00:00,7.6121078
2012-03-29 04:00:00,9.599543
2012-03-29 05:00:00,32.037994
2012-03-29 06:00:00,125.94531
2012-03-29 07:00:00,379.5775
2012-03-29 08:00:00,647.05585
2012-03-29 09:00:00,328.39163
2012-03-29 10:00:00,175.18779
2012-03-29 11:00:00,232.14157
2012-03-29 12:00:00,286.41727
2012-03-29 13:00:00,244.31116
2012-03-29 14:00:00,256.1327
2012-03-29 15:00:00,280.72552
2012-03-29 16:00:00,401.63913
2012-03-29 17:00:00,718.61615
2012-03-29 18:00:00,690.88776
2012-03-29 19:00:00,461.10193
2012-03-29 20:00:00,309.28604
2012-03-29 21:00:00,217.26617
2012-03-29 22:00:00,155.5113
2012-03-29 23:00:00,114.120674
2012-03-30 00:00:00,46.59233
2012-03-30 01:00:00,20.739239
2012-03-30 02:00:00,9.94588
2012-03-30 03:00:00,8.860424
2012-03-30 04:00:00,4.5385594
2012-03-30 05:00:00,23.40329
2012-03-30 06:00:00,102.18221
2012-03-30 07:00:00,312.0904
2012-03-30 08:00:00,604.15594
2012-03-30 09:00:00,335.31
2012-03-30 10:00:00,203.4229
2012-03-30 11:00:00,209.60869
2012-03-30 12:00:00,265.97778
2012-03-30 13:00:00,168.56412
2012-03-30 14:00:00,130.01088
2012-03-30 15:00:00,139.6345
2012-03-30 16:00:00,205.19724
2012-03-30 17:00:00,562.52075
2012-03-30 18:00:00,567.2364
2012-03-30 19:00:00,356.52707
2012-03-30 20:00:00,254.41663
2012-03-30 21:00:00,194.00053
2012-03-30 22:00:00,151.2708
2012-03-30 23:00:00,124.9477
2012-03-31 00:00:00,94.74689
2012-03-31 01:00:00,74.44652
2012-03-31 02:00:00,50.64656
2012-03-31 03:00:00,24.691246
2012-03-31 04:00:00,6.501226
2012-03-31 05:00:00,13.545681
2012-03-31 06:00:00,31.902313
2012-03-31 07:00:00,76.52014
2012-03-31 08:00:00,146.73784
2012-03-31 09:00:00,257.8594
2012-03-31 10:00:00,349.3659
2012-03-31 11:00:00,495.98123
2012-03-31 12:00:00,532.91656
2012-03-31 13:00:00,601.57104
2012-03-31 14:00:00,531.2262
2012-03-31 15:00:00,559.62714
2012-03-31 16:00:00,505.88293
2012-03-31 17:00:00,443.5178
2012-03-31 18:00:00,309.5547
2012-03-31 19:00:00,270.55783
2012-03-31 20:00:00,201.03384
2012-03-31 21:00:00,159.88911
2012-03-31 22:00:00,128.28627
2012-03-31 23:00:00,93.06127
2012-04-20 00:00:00,60.410576
2012-04-20 01:00:00,38.75602
2012-04-20 02:00:00,17.279636
2012-04-20 03:00:00,10.22229
2012-04-20 04:00:00,10.399499
2012-04-20 05:00:00,29.517073
2012-04-20 06:00:00,127.29168
2012-04-20 07:00:00,370.17514
2012-04-20 08:00:00,638.21045
2012-04-20 09:00:00,358.69168
2012-04-20 10:00:00,226.00316
2012-04-20 11:00:00,271.3709
2012-04-20 12:00:00,367.44775
2012-04-20 13:00:00,373.8393
2012-04-20 14:00:00,347.1977
2012-04-20 15:00:00,355.7822
2012-04-20 16:00:00,503.39493
2012-04-20 17:00:00,715.69604
2012-04-20 18:00:00,650.6525
2012-04-20 19:00:00,488.78778
2012-04-20 20:00:00,342.3514
2012-04-20 21:00:00,249.01024
2012-04-20 22:00:00,207.1563
2012-04-20 23:00:00,176.65306
2012-04-21 00:00:00,117.0114
2012-04-21 01:00:00,90.09892
2012-04-21 02:00:00,67.7864
2012-04-21 03:00:00,29.260775
2012-04-21 04:00:00,10.771864
2012-04-21 05:00:00,13.848523
2012-04-21 06:00:00,39.87794
2012-04-21 07:00:00,77.385826
2012-04-21 08:00:00,169.4816
2012-04-21 09:00:00,288.93454
2012-04-21 10:00:00,412.75385
2012-04-21 11:00:00,514.84467
2012-04-21 12:00:00,611.59296
2012-04-21 13:00:00,641.6281
2012-04-21 14:00:00,618.4665
2012-04-21 15:00:00,634.54944
2012-04-21 16:00:00,617.59436
2012-04-21 17:00:00,609.60614
2012-04-21 18:00:00,488.18597
2012-04-21 19:00:00,262.58426
2012-04-21 20:00:00,116.82465
2012-04-21 21:00:00,105.28166
2012-04-21 22:00:00,151.02695
2012-04-21 23:00:00,110.18059
2012-04-22 00:00:00,106.42985
2012-04-22 01:00:00,82.85726
2012-04-22 02:00:00,58.59572
2012-04-22 03:00:00,32.79633
2012-04-22 04:00:00,14.903323
2012-04-22 05:00:00,12.622239
2012-04-22 06:00:00,18.979607
2012-04-22 07:00:00,38.962418
2012-04-22 08:00:00,88.79111
2012-04-22 09:00:00,141.77321
2012-04-22 10:00:00,209.99951
2012-04-22 11:00:00,213.06715
2012-04-22 12:00:00,248.42111
2012-04-22 13:00:00,263.10367
2012-04-22 14:00:00,218.41554
2012-04-22 15:00:00,222.28009
2012-04-22 16:00:00,197.2333
2012-04-22 17:00:00,166.93678
2012-04-22 18:00:00,149.04256
2012-04-22 19:00:00,115.93041
2012-04-22 20:00:00,97.44057
2012-04-22 21:00:00,93.88732
2012-04-22 22:00:00,48.168747
2012-04-22 23:00:00,29.253471
2012-04-23 00:00:00,16.769619
2012-04-23 01:00:00,6.954907
2012-04-23 02:00:00,1.8932571
2012-04-23 03:00:00,0.0
2012-04-23 04:00:00,0.0
2012-04-23 05:00:00,4.1825128
2012-04-23 06:00:00,87.51796
2012-04-23 07:00:00,156.94193
2012-04-23 08:00:00,557.31506
2012-04-23 09:00:00,272.48886
2012-04-23 10:00:00,126.08755
2012-04-23 11:00:00,135.40648
2012-04-23 12:00:00,117.04825
2012-04-23 13:00:00,115.14498
2012-04-23 14:00:00,109.71048
2012-04-23 15:00:00,168.7055
2012-04-23 16:00:00,118.22083
2012-04-23 17:00:00,305.7311
2012-04-23 18:00:00,414.95837
2012-04-23 19:00:00,317.73184
2012-04-23 20:00:00,229.33817
2012-04-23 21:00:00,137.84329
2012-04-23 22:00:00,106.19203
2012-04-23 23:00:00,68.00489
2012-04-24 00:00:00,28.983704
2012-04-24 01:00:00,13.2124405
2012-04-24 02:00:00,5.391579
2012-04-24 03:00:00,2.4323647
2012-04-24 04:00:00,2.8359473
2012-04-24 05:00:00,23.318716
2012-04-24 06:00:00,106.545616
2012-04-24 07:00:00,347.23856
2012-04-24 08:00:00,627.3843
2012-04-24 09:00:00,317.03558
2012-04-24 10:00:00,169.49081
2012-04-24 11:00:00,195.98701
2012-04-24 12:00:00,247.83795
2012-04-24 13:00:00,256.0372
2012-04-24 14:00:00,251.75113
2012-04-24 15:00:00,261.1866
2012-04-24 16:00:00,388.30524
2012-04-24 17:00:00,730.66046
2012-04-24 18:00:00,717.9597
2012-04-24 19:00:00,516.3434
2012-04-24 20:00:00,314.56833
2012-04-24 21:00:00,226.49371
2012-04-24 22:00:00,150.7829
2012-04-24 23:00:00,104.77598
2012-04-25 00:00:00,36.43004
2012-04-25 01:00:00,12.913212
2012-04-25 02:00:00,3.916632
2012-04-25 03:00:00,1.6902001
2012-04-25 04:00:00,3.417204
2012-04-25 05:00:00,21.663591
2012-04-25 06:00:00,113.40325
2012-04-25 07:00:00,381.7825
2012-04-25 08:00:00,661.9703
2012-04-25 09:00:00,321.78537
2012-04-25 10:00:00,201.02707
2012-04-25 11:00:00,224.88744
2012-04-25 12:00:00,274.38898
2012-04-25 13:00:00,265.3633
2012-04-25 14:00:00,235.2662
2012-04-25 15:00:00,269.45953
2012-04-25 16:00:00,382.04288
2012-04-25 17:00:00,759.93915
2012-04-25 18:00:00,753.3441
2012-04-25 19:00:00,540.96246
2012-04-25 20:00:00,382.73868
2012-04-25 21:00:00,273.099
2012-04-25 22:00:00,189.86528
2012-04-25 23:00:00,119.18414
2012-04-26 00:00:00,34.200512
2012-04-26 01:00:00,15.782514
2012-04-26 02:00:00,7.7230287
2012-04-26 03:00:00,4.2785974
2012-04-26 04:00:00,6.03242
2012-04-26 05:00:00,31.912315
2012-04-26 06:00:00,125.84084
2012-04-26 07:00:00,234.49582
2012-04-26 08:00:00,444.27637
2012-04-26 09:00:00,255.02048
2012-04-26 10:00:00,171.7676
2012-04-26 11:00:00,165.21698
2012-04-26 12:00:00,225.19908
2012-04-26 13:00:00,206.34659
2012-04-26 14:00:00,196.6236
2012-04-26 15:00:00,185.90637
2012-04-26 16:00:00,266.9671
2012-04-26 17:00:00,578.5882
2012-04-26 18:00:00,558.8372
2012-04-26 19:00:00,435.25513
2012-04-26 20:00:00,347.9052
2012-04-26 21:00:00,233.98047
2012-04-26 22:00:00,186.75447
2012-04-26 23:00:00,136.66435
2012-04-27 00:00:00,66.14784
2012-04-27 01:00:00,26.908516
2012-04-27 02:00:00,14.63088
2012-04-27 03:00:00,4.800265
2012-04-27 04:00:00,9.101439
2012-04-27 05:00:00,26.45245
2012-04-27 06:00:00,118.71271
2012-04-27 07:00:00,329.97205
2012-04-27 08:00:00,614.61426
2012-04-27 09:00:00,329.9432
2012-04-27 10:00:00,214.50676
2012-04-27 11:00:00,250.43553
2012-04-27 12:00:00,315.57736
2012-04-27 13:00:00,331.609
2012-04-27 14:00:00,320.57703
2012-04-27 15:00:00,376.63474
2012-04-27 16:00:00,496.43823
2012-04-27 17:00:00,698.185
2012-04-27 18:00:00,612.33606
2012-04-27 19:00:00,434.1768
2012-04-27 20:00:00,267.83252
2012-04-27 21:00:00,197.83348
2012-04-27 22:00:00,165.27505
2012-04-27 23:00:00,127.83797
2012-04-28 00:00:00,104.12106
2012-04-28 01:00:00,66.80136
2012-04-28 02:00:00,51.983963
2012-04-28 03:00:00,17.374552
2012-04-28 04:00:00,6.684321
2012-04-28 05:00:00,8.185336
2012-04-28 06:00:00,23.375168
2012-04-28 07:00:00,59.426685
2012-04-28 08:00:00,159.37338
2012-04-28 09:00:00,259.9622
2012-04-28 10:00:00,335.8042
2012-04-28 11:00:00,415.6208
2012-04-28 12:00:00,455.15512
2012-04-28 13:00:00,475.12027
2012-04-28 14:00:00,533.3381
2012-04-28 15:00:00,534.33826
2012-04-28 16:00:00,524.3459
2012-04-28 17:00:00,463.66348
2012-04-28 18:00:00,350.1164
2012-04-28 19:00:00,225.68605
2012-04-28 20:00:00,203.08044
2012-04-28 21:00:00,141.60886
2012-04-28 22:00:00,151.83315
2012-04-28 23:00:00,130.68073
2012-04-29 00:00:00,89.19438
2012-04-29 01:00:00,85.62031
2012-04-29 02:00:00,60.46653
2012-04-29 03:00:00,30.167698
2012-04-29 04:00:00,16.321962
2012-04-29 05:00:00,10.706365
2012-04-29 06:00:00,25.07969
2012-04-29 07:00:00,56.90617
2012-04-29 08:00:00,126.2767
2012-04-29 09:00:00,242.53845
2012-04-29 10:00:00,355.97217
2012-04-29 11:00:00,472.92072
2012-04-29 12:00:00,545.89215
2012-04-29 13:00:00,602.5687
2012-04-29 14:00:00,612.4287
2012-04-29 15:00:00,613.1684
2012-04-29 16:00:00,567.7137
2012-04-29 17:00:00,549.22565
2012-04-29 18:00:00,468.3812
2012-04-29 19:00:00,395.4682
2012-04-29 20:00:00,274.62036
2012-04-29 21:00:00,188.98645
2012-04-29 22:00:00,140.08685
2012-04-29 23:00:00,90.53889
2012-04-30 00:00:00,37.386032
2012-04-30 01:00:00,14.967566
2012-04-30 02:00:00,12.352964
2012-04-30 03:00:00,6.3011665
2012-04-30 04:00:00,2.430982
2012-04-30 05:00:00,22.671682
2012-04-30 06:00:00,118.25303
2012-04-30 07:00:00,366.08966
2012-04-30 08:00:00,614.1449
2012-04-30 09:00:00,312.42856
2012-04-30 10:00:00,171.66287
2012-04-30 11:00:00,171.1355
2012-04-30 12:00:00,220.34569
2012-04-30 13:00:00,207.16345
2012-04-30 14:00:00,220.57983
2012-04-30 15:00:00,232.47626
2012-04-30 16:00:00,356.05466
2012-04-30 17:00:00,707.8095
2012-04-30 18:00:00,696.78186
2012-04-30 19:00:00,471.66397
2012-04-30 20:00:00,326.85233
2012-04-30 21:00:00,238.07861
2012-04-30 22:00:00,165.67308
2012-04-30 23:00:00,105.99515
2012-05-20 00:00:00,148.2746
2012-05-20 01:00:00,101.895226
2012-05-20 02:00:00,74.98035
2012-05-20 03:00:00,40.76887
2012-05-20 04:00:00,15.267244
2012-05-20 05:00:00,15.128266
2012-05-20 06:00:00,33.593754
2012-05-20 07:00:00,58.123997
2012-05-20 08:00:00,164.45056
2012-05-20 09:00:00,298.05347
2012-05-20 10:00:00,454.9741
2012-05-20 11:00:00,570.9678
2012-05-20 12:00:00,650.2218
2012-05-20 13:00:00,668.1143
2012-05-20 14:00:00,629.8165
2012-05-20 15:00:00,588.9474
2012-05-20 16:00:00,589.752
2012-05-20 17:00:00,569.73926
2012-05-20 18:00:00,504.345
2012-05-20 19:00:00,379.95807
2012-05-20 20:00:00,292.96313
2012-05-20 21:00:00,220.92523
2012-05-20 22:00:00,140.21632
2012-05-20 23:00:00,50.625244
2012-05-21 00:00:00,27.514265
2012-05-21 01:00:00,16.004492
2012-05-21 02:00:00,1.335553
2012-05-21 03:00:00,2.2042425
2012-05-21 04:00:00,2.4532802
2012-05-21 05:00:00,13.649476
2012-05-21 06:00:00,67.1959
2012-05-21 07:00:00,159.50655
2012-05-21 08:00:00,232.14165
2012-05-21 09:00:00,145.6273
2012-05-21 10:00:00,84.12343
2012-05-21 11:00:00,137.40474
2012-05-21 12:00:00,166.59232
2012-05-21 13:00:00,80.04769
2012-05-21 14:00:00,80.54843
2012-05-21 15:00:00,223.41393
2012-05-21 16:00:00,319.67804
2012-05-21 17:00:00,663.82104
2012-05-21 18:00:00,662.5238
2012-05-21 19:00:00,525.09155
2012-05-21 20:00:00,379.55368
2012-05-21 21:00:00,278.1432
2012-05-21 22:00:00,163.91072
2012-05-21 23:00:00,98.36877
2012-05-22 00:00:00,40.130302
2012-05-22 01:00:00,13.5703745
2012-05-22 02:00:00,4.509751
2012-05-22 03:00:00,1.7624711
2012-05-22 04:00:00,4.6946416
2012-05-22 05:00:00,24.945774
2012-05-22 06:00:00,76.49841
2012-05-22 07:00:00,175.8729
2012-05-22 08:00:00,558.577
2012-05-22 09:00:00,311.16306
2012-05-22 10:00:00,177.2847
2012-05-22 11:00:00,181.19106
2012-05-22 12:00:00,219.97636
2012-05-22 13:00:00,197.87958
2012-05-22 14:00:00,188.98805
2012-05-22 15:00:00,277.01254
2012-05-22 16:00:00,385.27023
2012-05-22 17:00:00,812.13983
2012-05-22 18:00:00,768.6293
2012-05-22 19:00:00,517.66144
2012-05-22 20:00:00,386.56387
2012-05-22 21:00:00,270.91177
2012-05-22 22:00:00,215.09311
2012-05-22 23:00:00,141.7258
2012-05-23 00:00:00,55.70227
2012-05-23 01:00:00,24.103666
2012-05-23 02:00:00,11.641996
2012-05-23 03:00:00,10.5782175
2012-05-23 04:00:00,16.031328
2012-05-23 05:00:00,21.806126
2012-05-23 06:00:00,166.73863
2012-05-23 07:00:00,453.50912
2012-05-23 08:00:00,658.8245
2012-05-23 09:00:00,331.82422
2012-05-23 10:00:00,198.42502
2012-05-23 11:00:00,220.21358
2012-05-23 12:00:00,266.5253
2012-05-23 13:00:00,227.17651
2012-05-23 14:00:00,240.10197
2012-05-23 15:00:00,253.23106
2012-05-23 16:00:00,312.4565
2012-05-23 17:00:00,564.9243
2012-05-23 18:00:00,577.8086
2012-05-23 19:00:00,361.79263
2012-05-23 20:00:00,265.78656
2012-05-23 21:00:00,185.7827
2012-05-23 22:00:00,155.93309
2012-05-23 23:00:00,133.07648
2012-05-24 00:00:00,63.34236
2012-05-24 01:00:00,24.448702
2012-05-24 02:00:00,12.328267
2012-05-24 03:00:00,7.0527034
2012-05-24 04:00:00,10.132028
2012-05-24 05:00:00,36.170254
2012-05-24 06:00:00,150.9639
2012-05-24 07:00:00,465.9213
2012-05-24 08:00:00,700.84283
2012-05-24 09:00:00,351.20148
2012-05-24 10:00:00,202.19043
2012-05-24 11:00:00,247.00394
2012-05-24 12:00:00,315.81583
2012-05-24 13:00:00,303.13483
2012-05-24 14:00:00,251.43231
2012-05-24 15:00:00,271.51575
2012-05-24 16:00:00,395.28146
2012-05-24 17:00:00,798.5411
2012-05-24 18:00:00,800.4766
2012-05-24 19:00:00,557.50745
2012-05-24 20:00:00,372.58023
2012-05-24 21:00:00,204.00285
2012-05-24 22:00:00,203.20708
2012-05-24 23:00:00,158.81409
2012-05-25 00:00:00,84.91562
2012-05-25 01:00:00,43.352383
2012-05-25 02:00:00,18.385078
2012-05-25 03:00:00,13.697928
2012-05-25 04:00:00,13.547086
2012-05-25 05:00:00,37.963894
2012-05-25 06:00:00,157.09016
2012-05-25 07:00:00,414.0744
2012-05-25 08:00:00,593.9588
2012-05-25 09:00:00,336.75873
2012-05-25 10:00:00,238.67216
2012-05-25 11:00:00,271.95682
2012-05-25 12:00:00,345.97803
2012-05-25 13:00:00,339.43903
2012-05-25 14:00:00,321.75488
2012-05-25 15:00:00,320.00357
2012-05-25 16:00:00,462.45508
2012-05-25 17:00:00,631.8021
2012-05-25 18:00:00,617.7612
2012-05-25 19:00:00,469.904
2012-05-25 20:00:00,362.3639
2012-05-25 21:00:00,292.1294
2012-05-25 22:00:00,260.64926
2012-05-25 23:00:00,206.0347
2012-05-26 00:00:00,154.42029
2012-05-26 01:00:00,114.71119
2012-05-26 02:00:00,82.44948
2012-05-26 03:00:00,38.55828
2012-05-26 04:00:00,20.730635
2012-05-26 05:00:00,19.330873
2012-05-26 06:00:00,49.829426
2012-05-26 07:00:00,85.84708
2012-05-26 08:00:00,190.61914
2012-05-26 09:00:00,289.1063
2012-05-26 10:00:00,420.9371
2012-05-26 11:00:00,503.26944
2012-05-26 12:00:00,534.08856
2012-05-26 13:00:00,542.91724
2012-05-26 14:00:00,518.16864
2012-05-26 15:00:00,511.13205
2012-05-26 16:00:00,532.03503
2012-05-26 17:00:00,540.3943
2012-05-26 18:00:00,534.2973
2012-05-26 19:00:00,397.0009
2012-05-26 20:00:00,351.59244
2012-05-26 21:00:00,269.89423
2012-05-26 22:00:00,234.64601
2012-05-26 23:00:00,189.21292
2012-05-27 00:00:00,143.6088
2012-05-27 01:00:00,115.33897
2012-05-27 02:00:00,83.16681
2012-05-27 03:00:00,42.989502
2012-05-27 04:00:00,17.676956
2012-05-27 05:00:00,19.262075
2012-05-27 06:00:00,34.04679
2012-05-27 07:00:00,67.21236
2012-05-27 08:00:00,145.33406
2012-05-27 09:00:00,251.34828
2012-05-27 10:00:00,399.38416
2012-05-27 11:00:00,475.7569
2012-05-27 12:00:00,506.7117
2012-05-27 13:00:00,545.56116
2012-05-27 14:00:00,512.91296
2012-05-27 15:00:00,514.06665
2012-05-27 16:00:00,501.90585
2012-05-27 17:00:00,535.81555
2012-05-27 18:00:00,460.4822
2012-05-27 19:00:00,387.1581
2012-05-27 20:00:00,335.97455
2012-05-27 21:00:00,151.82597
2012-05-27 22:00:00,90.22493
2012-05-27 23:00:00,79.34519
2012-05-28 00:00:00,109.68858
2012-05-28 01:00:00,73.481705
2012-05-28 02:00:00,60.254932
2012-05-28 03:00:00,26.901604
2012-05-28 04:00:00,28.253407
2012-05-28 05:00:00,56.696796
2012-05-28 06:00:00,85.55365
2012-05-28 07:00:00,261.3123
2012-05-28 08:00:00,367.94727
2012-05-28 09:00:00,285.37253
2012-05-28 10:00:00,297.43018
2012-05-28 11:00:00,328.32318
2012-05-28 12:00:00,395.01044
2012-05-28 13:00:00,353.1354
2012-05-28 14:00:00,345.17813
2012-05-28 15:00:00,361.05948
2012-05-28 16:00:00,407.64557
2012-05-28 17:00:00,605.3024
2012-05-28 18:00:00,584.96387
2012-05-28 19:00:00,511.9084
2012-05-28 20:00:00,426.42114
2012-05-28 21:00:00,323.58807
2012-05-28 22:00:00,243.94586
2012-05-28 23:00:00,153.17705
2012-05-29 00:00:00,51.9142
2012-05-29 01:00:00,22.560856
2012-05-29 02:00:00,13.264889
2012-05-29 03:00:00,7.904525
2012-05-29 04:00:00,10.161146
2012-05-29 05:00:00,41.206
2012-05-29 06:00:00,169.822
2012-05-29 07:00:00,471.3056
2012-05-29 08:00:00,657.0868
2012-05-29 09:00:00,320.1474
2012-05-29 10:00:00,162.98068
2012-05-29 11:00:00,206.99863
2012-05-29 12:00:00,268.19986
2012-05-29 13:00:00,254.45137
2012-05-29 14:00:00,238.81213
2012-05-29 15:00:00,262.82138
2012-05-29 16:00:00,386.4335
2012-05-29 17:00:00,802.9995
2012-05-29 18:00:00,803.0557
2012-05-29 19:00:00,557.92017
2012-05-29 20:00:00,299.8556
2012-05-29 21:00:00,135.32379
2012-05-29 22:00:00,153.11513
2012-05-29 23:00:00,80.64006
2012-05-30 00:00:00,42.86029
2012-05-30 01:00:00,27.83509
2012-05-30 02:00:00,20.836035
2012-05-30 03:00:00,19.551718
2012-05-30 04:00:00,11.603039
2012-05-30 05:00:00,42.511497
2012-05-30 06:00:00,162.81892
2012-05-30 07:00:00,280.15082
2012-05-30 08:00:00,686.1327
2012-05-30 09:00:00,339.29114
2012-05-30 10:00:00,174.99246
2012-05-30 11:00:00,224.95494
2012-05-30 12:00:00,319.50214
2012-05-30 13:00:00,298.15656
2012-05-30 14:00:00,276.32828
2012-05-30 15:00:00,290.9976
2012-05-30 16:00:00,427.25696
2012-05-30 17:00:00,804.84814
2012-05-30 18:00:00,817.316
2012-05-30 19:00:00,576.3618
2012-05-30 20:00:00,361.59683
2012-05-30 21:00:00,335.97437
2012-05-30 22:00:00,250.40472
2012-05-30 23:00:00,175.40588
2012-05-31 00:00:00,65.46325
2012-05-31 01:00:00,26.05715
2012-05-31 02:00:00,14.704146
2012-05-31 03:00:00,10.431728
2012-05-31 04:00:00,9.890155
2012-05-31 05:00:00,40.085243
2012-05-31 06:00:00,174.74075
2012-05-31 07:00:00,492.562
2012-05-31 08:00:00,679.6527
2012-05-31 09:00:00,338.0489
2012-05-31 10:00:00,217.02576
2012-05-31 11:00:00,265.7067
2012-05-31 12:00:00,335.13394
2012-05-31 13:00:00,315.25116
2012-05-31 14:00:00,276.929
2012-05-31 15:00:00,301.33447
2012-05-31 16:00:00,430.6236
2012-05-31 17:00:00,850.0126
2012-05-31 18:00:00,833.40295
2012-05-31 19:00:00,582.5241
2012-05-31 20:00:00,440.26578
2012-05-31 21:00:00,338.11432
2012-05-31 22:00:00,277.72934
2012-05-31 23:00:00,217.08308
2012-06-20 00:00:00,55.755375
2012-06-20 01:00:00,24.71507
2012-06-20 02:00:00,11.809332
2012-06-20 03:00:00,8.506791
2012-06-20 04:00:00,8.735323
2012-06-20 05:00:00,40.633038
2012-06-20 06:00:00,148.29193
2012-06-20 07:00:00,421.52188
2012-06-20 08:00:00,663.824
2012-06-20 09:00:00,348.28015
2012-06-20 10:00:00,188.23965
2012-06-20 11:00:00,209.28294
2012-06-20 12:00:00,259.41763
2012-06-20 13:00:00,237.37314
2012-06-20 14:00:00,226.46266
2012-06-20 15:00:00,242.35185
2012-06-20 16:00:00,364.0063
2012-06-20 17:00:00,729.8632
2012-06-20 18:00:00,721.6895
2012-06-20 19:00:00,530.8498
2012-06-20 20:00:00,440.95123
2012-06-20 21:00:00,347.1337
2012-06-20 22:00:00,280.98343
2012-06-20 23:00:00,175.22928
2012-06-21 00:00:00,62.220093
2012-06-21 01:00:00,24.738033
2012-06-21 02:00:00,13.465919
2012-06-21 03:00:00,8.64193
2012-06-21 04:00:00,10.892063
2012-06-21 05:00:00,39.796345
2012-06-21 06:00:00,164.15126
2012-06-21 07:00:00,436.66425
2012-06-21 08:00:00,649.40515
2012-06-21 09:00:00,311.40622
2012-06-21 10:00:00,182.97609
2012-06-21 11:00:00,212.10275
2012-06-21 12:00:00,264.86075
2012-06-21 13:00:00,240.74194
2012-06-21 14:00:00,229.2501
2012-06-21 15:00:00,231.60486
2012-06-21 16:00:00,356.53882
2012-06-21 17:00:00,742.9781
2012-06-21 18:00:00,750.5015
2012-06-21 19:00:00,513.0014
2012-06-21 20:00:00,435.79755
2012-06-21 21:00:00,356.6998
2012-06-21 22:00:00,237.2151
2012-06-21 23:00:00,182.0797
2012-06-22 00:00:00,80.92986
2012-06-22 01:00:00,42.787666
2012-06-22 02:00:00,24.856949
2012-06-22 03:00:00,15.660321
2012-06-22 04:00:00,15.452269
2012-06-22 05:00:00,44.815784
2012-06-22 06:00:00,149.20102
2012-06-22 07:00:00,425.50095
2012-06-22 08:00:00,613.9731
2012-06-22 09:00:00,337.93652
2012-06-22 10:00:00,229.9367
2012-06-22 11:00:00,274.54865
2012-06-22 12:00:00,317.91406
2012-06-22 13:00:00,300.5934
2012-06-22 14:00:00,278.17932
2012-06-22 15:00:00,282.88202
2012-06-22 16:00:00,400.02432
2012-06-22 17:00:00,759.10925
2012-06-22 18:00:00,663.40704
2012-06-22 19:00:00,493.93646
2012-06-22 20:00:00,375.56418
2012-06-22 21:00:00,226.96123
2012-06-22 22:00:00,239.93002
2012-06-22 23:00:00,189.65593
2012-06-23 00:00:00,161.1918
2012-06-23 01:00:00,119.141266
2012-06-23 02:00:00,78.45828
2012-06-23 03:00:00,32.90378
2012-06-23 04:00:00,13.230808
2012-06-23 05:00:00,12.881561
2012-06-23 06:00:00,36.792034
2012-06-23 07:00:00,67.63903
2012-06-23 08:00:00,173.73636
2012-06-23 09:00:00,295.28882
2012-06-23 10:00:00,436.33258
2012-06-23 11:00:00,525.1475
2012-06-23 12:00:00,558.40753
2012-06-23 13:00:00,576.21326
2012-06-23 14:00:00,580.38403
2012-06-23 15:00:00,530.8801
2012-06-23 16:00:00,534.0913
2012-06-23 17:00:00,556.6746
2012-06-23 18:00:00,522.8903
2012-06-23 19:00:00,426.84003
2012-06-23 20:00:00,368.25336
2012-06-23 21:00:00,328.44482
2012-06-23 22:00:00,296.59424
2012-06-23 23:00:00,230.48499
2012-06-24 00:00:00,168.73265
2012-06-24 01:00:00,126.14976
2012-06-24 02:00:00,88.224815
2012-06-24 03:00:00,42.688354
2012-06-24 04:00:00,11.029153
2012-06-24 05:00:00,17.611929
2012-06-24 06:00:00,23.968927
2012-06-24 07:00:00,51.64935
2012-06-24 08:00:00,166.88782
2012-06-24 09:00:00,282.33044
2012-06-24 10:00:00,423.48434
2012-06-24 11:00:00,512.47473
2012-06-24 12:00:00,549.5672
2012-06-24 13:00:00,561.9339
2012-06-24 14:00:00,506.46298
2012-06-24 15:00:00,469.05673
2012-06-24 16:00:00,482.8079
2012-06-24 17:00:00,529.7674
2012-06-24 18:00:00,502.27756
2012-06-24 19:00:00,415.88132
2012-06-24 20:00:00,322.52148
2012-06-24 21:00:00,266.51004
2012-06-24 22:00:00,211.62097
2012-06-24 23:00:00,145.0517
2012-06-25 00:00:00,41.397774
2012-06-25 01:00:00,14.502694
2012-06-25 02:00:00,4.95161
2012-06-25 03:00:00,1.8700317
2012-06-25 04:00:00,6.2872334
2012-06-25 05:00:00,35.68532
2012-06-25 06:00:00,148.26306
2012-06-25 07:00:00,452.36072
2012-06-25 08:00:00,602.6958
2012-06-25 09:00:00,307.4485
2012-06-25 10:00:00,178.15486
2012-06-25 11:00:00,207.48761
2012-06-25 12:00:00,260.9309
2012-06-25 13:00:00,266.50143
2012-06-25 14:00:00,218.86069
2012-06-25 15:00:00,251.82623
2012-06-25 16:00:00,377.49387
2012-06-25 17:00:00,796.8531
2012-06-25 18:00:00,784.7839
2012-06-25 19:00:00,583.3643
2012-06-25 20:00:00,418.38626
2012-06-25 21:00:00,311.3959
2012-06-25 22:00:00,232.28569
2012-06-25 23:00:00,142.35625
2012-06-26 00:00:00,44.42336
2012-06-26 01:00:00,24.7816
2012-06-26 02:00:00,14.091107
2012-06-26 03:00:00,10.089748
2012-06-26 04:00:00,12.493912
2012-06-26 05:00:00,44.332603
2012-06-26 06:00:00,159.95992
2012-06-26 07:00:00,470.05026
2012-06-26 08:00:00,673.1346
2012-06-26 09:00:00,345.77295
2012-06-26 10:00:00,196.05353
2012-06-26 11:00:00,232.99486
2012-06-26 12:00:00,290.79956
2012-06-26 13:00:00,274.96786
2012-06-26 14:00:00,264.8932
2012-06-26 15:00:00,281.53064
2012-06-26 16:00:00,423.04523
2012-06-26 17:00:00,823.1797
2012-06-26 18:00:00,812.8963
2012-06-26 19:00:00,588.2381
2012-06-26 20:00:00,437.0827
2012-06-26 21:00:00,330.42416
2012-06-26 22:00:00,251.7937
2012-06-26 23:00:00,157.30254
2012-06-27 00:00:00,53.54744
2012-06-27 01:00:00,21.665092
2012-06-27 02:00:00,11.964985
2012-06-27 03:00:00,13.338796
2012-06-27 04:00:00,13.863202
2012-06-27 05:00:00,43.37994
2012-06-27 06:00:00,166.31398
2012-06-27 07:00:00,467.9468
2012-06-27 08:00:00,662.0781
2012-06-27 09:00:00,331.80515
2012-06-27 10:00:00,209.19695
2012-06-27 11:00:00,224.63618
2012-06-27 12:00:00,282.6616
2012-06-27 13:00:00,259.99847
2012-06-27 14:00:00,256.55835
2012-06-27 15:00:00,259.18338
2012-06-27 16:00:00,386.49835
2012-06-27 17:00:00,791.706
2012-06-27 18:00:00,777.0331
2012-06-27 19:00:00,571.85944
2012-06-27 20:00:00,444.97488
2012-06-27 21:00:00,342.1439
2012-06-27 22:00:00,272.47614
2012-06-27 23:00:00,183.33272
2012-06-28 00:00:00,65.56681
2012-06-28 01:00:00,24.73132
2012-06-28 02:00:00,14.968828
2012-06-28 03:00:00,10.156541
2012-06-28 04:00:00,10.441639
2012-06-28 05:00:00,43.471542
2012-06-28 06:00:00,158.86472
2012-06-28 07:00:00,481.70203
2012-06-28 08:00:00,659.11066
2012-06-28 09:00:00,339.61755
2012-06-28 10:00:00,204.79497
2012-06-28 11:00:00,226.42188
2012-06-28 12:00:00,284.36545
2012-06-28 13:00:00,267.7958
2012-06-28 14:00:00,250.63472
2012-06-28 15:00:00,269.18924
2012-06-28 16:00:00,401.09225
2012-06-28 17:00:00,759.93353
2012-06-28 18:00:00,748.5309
2012-06-28 19:00:00,548.83405
2012-06-28 20:00:00,454.9696
2012-06-28 21:00:00,339.51007
2012-06-28 22:00:00,261.84433
2012-06-28 23:00:00,207.90489
2012-06-29 00:00:00,98.124596
2012-06-29 01:00:00,49.967068
2012-06-29 02:00:00,24.765348
2012-06-29 03:00:00,16.304323
2012-06-29 04:00:00,11.543613
2012-06-29 05:00:00,40.56112
2012-06-29 06:00:00,150.56412
2012-06-29 07:00:00,429.42886
2012-06-29 08:00:00,628.1009
2012-06-29 09:00:00,343.83798
2012-06-29 10:00:00,213.47662
2012-06-29 11:00:00,238.72159
2012-06-29 12:00:00,274.16852
2012-06-29 13:00:00,264.01932
2012-06-29 14:00:00,240.55362
2012-06-29 15:00:00,245.56892
2012-06-29 16:00:00,338.91602
2012-06-29 17:00:00,638.73956
2012-06-29 18:00:00,571.84033
2012-06-29 19:00:00,415.17444
2012-06-29 20:00:00,319.89606
2012-06-29 21:00:00,288.89114
2012-06-29 22:00:00,191.08258
2012-06-29 23:00:00,158.05891
2012-06-30 00:00:00,118.12482
2012-06-30 01:00:00,91.51531
2012-06-30 02:00:00,78.209946
2012-06-30 03:00:00,32.918472
2012-06-30 04:00:00,13.875126
2012-06-30 05:00:00,17.431217
2012-06-30 06:00:00,32.82845
2012-06-30 07:00:00,66.28369
2012-06-30 08:00:00,150.86668
2012-06-30 09:00:00,268.25214
2012-06-30 10:00:00,381.28763
2012-06-30 11:00:00,464.2791
2012-06-30 12:00:00,510.28558
2012-06-30 13:00:00,526.55255
2012-06-30 14:00:00,516.29016
2012-06-30 15:00:00,503.59537
2012-06-30 16:00:00,455.97372
2012-06-30 17:00:00,506.5886
2012-06-30 18:00:00,461.8411
2012-06-30 19:00:00,403.65292
2012-06-30 20:00:00,363.1988
2012-06-30 21:00:00,312.35205
2012-06-30 22:00:00,239.41574
2012-06-30 23:00:00,217.84624
2012-07-20 00:00:00,67.745415
2012-07-20 01:00:00,46.25368
2012-07-20 02:00:00,20.449099
2012-07-20 03:00:00,13.643549
2012-07-20 04:00:00,14.758601
2012-07-20 05:00:00,39.66487
2012-07-20 06:00:00,155.7218
2012-07-20 07:00:00,405.97708
2012-07-20 08:00:00,585.6349
2012-07-20 09:00:00,355.2063
2012-07-20 10:00:00,230.50417
2012-07-20 11:00:00,211.74017
2012-07-20 12:00:00,162.42963
2012-07-20 13:00:00,149.25922
2012-07-20 14:00:00,154.94113
2012-07-20 15:00:00,226.80853
2012-07-20 16:00:00,315.8287
2012-07-20 17:00:00,386.3619
2012-07-20 18:00:00,407.04282
2012-07-20 19:00:00,321.38815
2012-07-20 20:00:00,146.60942
2012-07-20 21:00:00,145.97914
2012-07-20 22:00:00,158.46034
2012-07-20 23:00:00,140.00844
2012-07-21 00:00:00,118.185486
2012-07-21 01:00:00,107.373505
2012-07-21 02:00:00,65.49033
2012-07-21 03:00:00,27.732647
2012-07-21 04:00:00,9.564398
2012-07-21 05:00:00,11.154925
2012-07-21 06:00:00,14.984887
2012-07-21 07:00:00,53.28908
2012-07-21 08:00:00,135.12633
2012-07-21 09:00:00,245.44124
2012-07-21 10:00:00,249.56822
2012-07-21 11:00:00,392.4798
2012-07-21 12:00:00,243.37047
2012-07-21 13:00:00,236.47142
2012-07-21 14:00:00,390.96188
2012-07-21 15:00:00,253.88506
2012-07-21 16:00:00,241.19936
2012-07-21 17:00:00,199.08693
2012-07-21 18:00:00,238.50427
2012-07-21 19:00:00,272.99686
2012-07-21 20:00:00,143.34102
2012-07-21 21:00:00,177.33742
2012-07-21 22:00:00,146.06123
2012-07-21 23:00:00,121.84798
2012-07-22 00:00:00,134.1848
2012-07-22 01:00:00,114.48184
2012-07-22 02:00:00,83.95205
2012-07-22 03:00:00,38.75428
2012-07-22 04:00:00,13.74249
2012-07-22 05:00:00,12.858816
2012-07-22 06:00:00,14.275699
2012-07-22 07:00:00,31.366468
2012-07-22 08:00:00,121.12379
2012-07-22 09:00:00,255.93326
2012-07-22 10:00:00,397.8986
2012-07-22 11:00:00,418.94876
2012-07-22 12:00:00,473.1162
2012-07-22 13:00:00,450.41388
2012-07-22 14:00:00,436.71384
2012-07-22 15:00:00,426.7578
2012-07-22 16:00:00,380.0048
2012-07-22 17:00:00,341.91843
2012-07-22 18:00:00,348.04
2012-07-22 19:00:00,342.9619
2012-07-22 20:00:00,262.56772
2012-07-22 21:00:00,196.28271
2012-07-22 22:00:00,135.75945
2012-07-22 23:00:00,103.47532
2012-07-23 00:00:00,46.78696
2012-07-23 01:00:00,19.509869
2012-07-23 02:00:00,8.309924
2012-07-23 03:00:00,4.320618
2012-07-23 04:00:00,4.58926
2012-07-23 05:00:00,25.743015
2012-07-23 06:00:00,126.57585
2012-07-23 07:00:00,417.8548
2012-07-23 08:00:00,626.2606
2012-07-23 09:00:00,324.69626
2012-07-23 10:00:00,197.1553
2012-07-23 11:00:00,213.41774
2012-07-23 12:00:00,267.95264
2012-07-23 13:00:00,259.15793
2012-07-23 14:00:00,233.37254
2012-07-23 15:00:00,252.25279
2012-07-23 16:00:00,380.85098
2012-07-23 17:00:00,802.5839
2012-07-23 18:00:00,800.56287
2012-07-23 19:00:00,560.25055
2012-07-23 20:00:00,416.34683
2012-07-23 21:00:00,303.2845
2012-07-23 22:00:00,206.0994
2012-07-23 23:00:00,129.63101
2012-07-24 00:00:00,52.980747
2012-07-24 01:00:00,20.997583
2012-07-24 02:00:00,7.6817946
2012-07-24 03:00:00,3.6362143
2012-07-24 04:00:00,1.1764116
2012-07-24 05:00:00,37.213203
2012-07-24 06:00:00,157.24222
2012-07-24 07:00:00,491.6089
2012-07-24 08:00:00,649.1399
2012-07-24 09:00:00,310.0671
2012-07-24 10:00:00,179.10968
2012-07-24 11:00:00,198.17949
2012-07-24 12:00:00,240.14085
2012-07-24 13:00:00,234.94797
2012-07-24 14:00:00,214.05269
2012-07-24 15:00:00,256.1687
2012-07-24 16:00:00,369.37335
2012-07-24 17:00:00,792.10175
2012-07-24 18:00:00,701.8047
2012-07-24 19:00:00,544.71405
2012-07-24 20:00:00,393.24826
2012-07-24 21:00:00,270.31445
2012-07-24 22:00:00,180.75328
2012-07-24 23:00:00,148.64049
2012-07-25 00:00:00,56.48098
2012-07-25 01:00:00,27.509016
2012-07-25 02:00:00,10.679708
2012-07-25 03:00:00,5.1954093
2012-07-25 04:00:00,6.8483844
2012-07-25 05:00:00,42.606106
2012-07-25 06:00:00,165.74355
2012-07-25 07:00:00,464.7014
2012-07-25 08:00:00,671.15906
2012-07-25 09:00:00,344.86127
2012-07-25 10:00:00,210.23386
2012-07-25 11:00:00,235.59377
2012-07-25 12:00:00,291.0806
2012-07-25 13:00:00,269.87064
2012-07-25 14:00:00,241.06061
2012-07-25 15:00:00,274.92282
2012-07-25 16:00:00,393.18054
2012-07-25 17:00:00,807.1582
2012-07-25 18:00:00,806.3158
2012-07-25 19:00:00,603.1313
2012-07-25 20:00:00,459.25534
2012-07-25 21:00:00,350.71228
2012-07-25 22:00:00,258.9571
2012-07-25 23:00:00,173.75128
2012-07-26 00:00:00,62.99537
2012-07-26 01:00:00,23.963661
2012-07-26 02:00:00,9.723593
2012-07-26 03:00:00,4.955181
2012-07-26 04:00:00,7.6854157
2012-07-26 05:00:00,38.943756
2012-07-26 06:00:00,168.0409
2012-07-26 07:00:00,478.7226
2012-07-26 08:00:00,664.8044
2012-07-26 09:00:00,335.6058
2012-07-26 10:00:00,173.66356
2012-07-26 11:00:00,192.14072
2012-07-26 12:00:00,250.32928
2012-07-26 13:00:00,248.27278
2012-07-26 14:00:00,203.94846
2012-07-26 15:00:00,224.258
2012-07-26 16:00:00,334.55347
2012-07-26 17:00:00,701.4986
2012-07-26 18:00:00,673.32074
2012-07-26 19:00:00,486.4431
2012-07-26 20:00:00,441.82355
2012-07-26 21:00:00,349.03082
2012-07-26 22:00:00,260.7149
2012-07-26 23:00:00,156.229
2012-07-27 00:00:00,83.7157
2012-07-27 01:00:00,40.203697
2012-07-27 02:00:00,23.095562
2012-07-27 03:00:00,11.633325
2012-07-27 04:00:00,9.521438
2012-07-27 05:00:00,36.429787
2012-07-27 06:00:00,160.77173
2012-07-27 07:00:00,436.16864
2012-07-27 08:00:00,645.75653
2012-07-27 09:00:00,332.5087
2012-07-27 10:00:00,235.07465
2012-07-27 11:00:00,264.35092
2012-07-27 12:00:00,319.0691
2012-07-27 13:00:00,322.20575
2012-07-27 14:00:00,292.12573
2012-07-27 15:00:00,316.64584
2012-07-27 16:00:00,442.62366
2012-07-27 17:00:00,698.3396
2012-07-27 18:00:00,668.7737
2012-07-27 19:00:00,490.5386
2012-07-27 20:00:00,373.05994
2012-07-27 21:00:00,301.06528
2012-07-27 22:00:00,248.2653
2012-07-27 23:00:00,190.8775
2012-07-28 00:00:00,170.52509
2012-07-28 01:00:00,118.397934
2012-07-28 02:00:00,80.651436
2012-07-28 03:00:00,33.05507
2012-07-28 04:00:00,18.329628
2012-07-28 05:00:00,20.211304
2012-07-28 06:00:00,35.286617
2012-07-28 07:00:00,77.70725
2012-07-28 08:00:00,188.17316
2012-07-28 09:00:00,294.66068
2012-07-28 10:00:00,408.9781
2012-07-28 11:00:00,499.38245
2012-07-28 12:00:00,544.61694
2012-07-28 13:00:00,541.4452
2012-07-28 14:00:00,540.6807
2012-07-28 15:00:00,515.1158
2012-07-28 16:00:00,519.54584
2012-07-28 17:00:00,504.1614
2012-07-28 18:00:00,489.26855
2012-07-28 19:00:00,324.71045
2012-07-28 20:00:00,261.91263
2012-07-28 21:00:00,264.1477
2012-07-28 22:00:00,231.13925
2012-07-28 23:00:00,194.58028
2012-07-29 00:00:00,170.02087
2012-07-29 01:00:00,131.99231
2012-07-29 02:00:00,93.670166
2012-07-29 03:00:00,40.78838
2012-07-29 04:00:00,15.642774
2012-07-29 05:00:00,13.814253
2012-07-29 06:00:00,19.746626
2012-07-29 07:00:00,55.353573
2012-07-29 08:00:00,143.36891
2012-07-29 09:00:00,249.85147
2012-07-29 10:00:00,395.9202
2012-07-29 11:00:00,473.30255
2012-07-29 12:00:00,533.133
2012-07-29 13:00:00,539.3955
2012-07-29 14:00:00,514.0383
2012-07-29 15:00:00,495.77316
2012-07-29 16:00:00,483.90445
2012-07-29 17:00:00,503.6638
2012-07-29 18:00:00,481.5419
2012-07-29 19:00:00,396.25436
2012-07-29 20:00:00,284.12128
2012-07-29 21:00:00,205.37738
2012-07-29 22:00:00,141.11313
2012-07-29 23:00:00,113.22517
2012-07-30 00:00:00,49.21606
2012-07-30 01:00:00,18.814034
2012-07-30 02:00:00,12.453464
2012-07-30 03:00:00,1.2791452
2012-07-30 04:00:00,2.0388072
2012-07-30 05:00:00,29.361622
2012-07-30 06:00:00,137.03233
2012-07-30 07:00:00,454.00754
2012-07-30 08:00:00,636.0555
2012-07-30 09:00:00,336.0243
2012-07-30 10:00:00,189.2062
2012-07-30 11:00:00,216.53407
2012-07-30 12:00:00,266.40668
2012-07-30 13:00:00,258.18494
2012-07-30 14:00:00,231.3978
2012-07-30 15:00:00,252.28407
2012-07-30 16:00:00,378.51282
2012-07-30 17:00:00,783.84875
2012-07-30 18:00:00,775.06494
2012-07-30 19:00:00,566.52026
2012-07-30 20:00:00,360.61566
2012-07-30 21:00:00,264.6564
2012-07-30 22:00:00,163.2936
2012-07-30 23:00:00,115.87334
2012-07-31 00:00:00,52.094746
2012-07-31 01:00:00,16.781029
2012-07-31 02:00:00,7.557166
2012-07-31 03:00:00,0.7193529
2012-07-31 04:00:00,1.2032957
2012-07-31 05:00:00,34.656387
2012-07-31 06:00:00,158.51892
2012-07-31 07:00:00,433.4101
2012-07-31 08:00:00,655.17163
2012-07-31 09:00:00,336.41418
2012-07-31 10:00:00,200.17592
2012-07-31 11:00:00,213.3434
2012-07-31 12:00:00,281.0311
2012-07-31 13:00:00,248.0823
2012-07-31 14:00:00,220.98245
2012-07-31 15:00:00,232.95851
2012-07-31 16:00:00,365.2639
2012-07-31 17:00:00,796.2162
2012-07-31 18:00:00,776.7977
2012-07-31 19:00:00,451.14136
2012-07-31 20:00:00,305.08777
2012-07-31 21:00:00,265.5628
2012-07-31 22:00:00,186.65027
2012-07-31 23:00:00,114.19852
2012-08-20 00:00:00,24.898237
2012-08-20 01:00:00,12.173202
2012-08-20 02:00:00,5.021296
2012-08-20 03:00:00,0.57776123
2012-08-20 04:00:00,0.0
2012-08-20 05:00:00,15.525787
2012-08-20 06:00:00,145.6005
2012-08-20 07:00:00,437.48636
2012-08-20 08:00:00,643.4981
2012-08-20 09:00:00,309.40063
2012-08-20 10:00:00,180.9299
2012-08-20 11:00:00,211.95879
2012-08-20 12:00:00,267.16803
2012-08-20 13:00:00,282.30542
2012-08-20 14:00:00,262.09302
2012-08-20 15:00:00,289.03555
2012-08-20 16:00:00,431.57867
2012-08-20 17:00:00,832.0551
2012-08-20 18:00:00,574.4438
2012-08-20 19:00:00,429.0789
2012-08-20 20:00:00,234.57259
2012-08-20 21:00:00,179.99825
2012-08-20 22:00:00,84.749176
2012-08-20 23:00:00,49.18135
2012-08-21 00:00:00,22.930723
2012-08-21 01:00:00,8.024633
2012-08-21 02:00:00,5.3566017
2012-08-21 03:00:00,2.662621
2012-08-21 04:00:00,3.394495
2012-08-21 05:00:00,31.92291
2012-08-21 06:00:00,162.03186
2012-08-21 07:00:00,492.23575
2012-08-21 08:00:00,691.82605
2012-08-21 09:00:00,325.546
2012-08-21 10:00:00,203.3616
2012-08-21 11:00:00,245.68835
2012-08-21 12:00:00,313.58868
2012-08-21 13:00:00,284.26404
2012-08-21 14:00:00,264.25027
2012-08-21 15:00:00,288.25443
2012-08-21 16:00:00,444.222
2012-08-21 17:00:00,831.771
2012-08-21 18:00:00,853.27893
2012-08-21 19:00:00,371.56885
2012-08-21 20:00:00,357.23114
2012-08-21 21:00:00,271.12958
2012-08-21 22:00:00,161.11296
2012-08-21 23:00:00,88.21074
2012-08-22 00:00:00,48.235184
2012-08-22 01:00:00,21.970255
2012-08-22 02:00:00,11.203289
2012-08-22 03:00:00,7.4989386
2012-08-22 04:00:00,6.5433583
2012-08-22 05:00:00,40.793304
2012-08-22 06:00:00,172.00285
2012-08-22 07:00:00,492.299
2012-08-22 08:00:00,703.2267
2012-08-22 09:00:00,340.68497
2012-08-22 10:00:00,213.84587
2012-08-22 11:00:00,241.5779
2012-08-22 12:00:00,289.67044
2012-08-22 13:00:00,272.50278
2012-08-22 14:00:00,243.04692
2012-08-22 15:00:00,266.65967
2012-08-22 16:00:00,336.1882
2012-08-22 17:00:00,776.939
2012-08-22 18:00:00,746.75256
2012-08-22 19:00:00,487.12354
2012-08-22 20:00:00,394.5996
2012-08-22 21:00:00,284.487
2012-08-22 22:00:00,213.90813
2012-08-22 23:00:00,108.835304
2012-08-23 00:00:00,67.58073
2012-08-23 01:00:00,20.75534
2012-08-23 02:00:00,9.350838
2012-08-23 03:00:00,5.3809686
2012-08-23 04:00:00,5.180335
2012-08-23 05:00:00,35.78791
2012-08-23 06:00:00,142.59798
2012-08-23 07:00:00,408.86935
2012-08-23 08:00:00,684.86414
2012-08-23 09:00:00,356.14685
2012-08-23 10:00:00,217.29915
2012-08-23 11:00:00,248.19852
2012-08-23 12:00:00,317.66098
2012-08-23 13:00:00,290.2524
2012-08-23 14:00:00,242.25789
2012-08-23 15:00:00,267.6339
2012-08-23 16:00:00,423.15198
2012-08-23 17:00:00,838.0565
2012-08-23 18:00:00,829.7959
2012-08-23 19:00:00,614.6508
2012-08-23 20:00:00,441.0936
2012-08-23 21:00:00,333.04404
2012-08-23 22:00:00,238.75142
2012-08-23 23:00:00,164.56958
2012-08-24 00:00:00,81.51531
2012-08-24 01:00:00,36.80942
2012-08-24 02:00:00,26.179165
2012-08-24 03:00:00,9.965477
2012-08-24 04:00:00,7.707445
2012-08-24 05:00:00,38.610867
2012-08-24 06:00:00,138.37225
2012-08-24 07:00:00,422.8649
2012-08-24 08:00:00,659.40076
2012-08-24 09:00:00,383.23956
2012-08-24 10:00:00,268.685
2012-08-24 11:00:00,290.3097
2012-08-24 12:00:00,364.66238
2012-08-24 13:00:00,350.90152
2012-08-24 14:00:00,321.92072
2012-08-24 15:00:00,336.82062
2012-08-24 16:00:00,477.522
2012-08-24 17:00:00,771.29895
2012-08-24 18:00:00,640.55505
2012-08-24 19:00:00,510.50995
2012-08-24 20:00:00,366.0923
2012-08-24 21:00:00,293.32187
2012-08-24 22:00:00,240.51602
2012-08-24 23:00:00,197.7802
2012-08-25 00:00:00,157.34355
2012-08-25 01:00:00,121.26812
2012-08-25 02:00:00,92.511696
2012-08-25 03:00:00,47.804737
2012-08-25 04:00:00,20.786127
2012-08-25 05:00:00,15.181548
2012-08-25 06:00:00,29.889868
2012-08-25 07:00:00,57.032722
2012-08-25 08:00:00,180.1134
2012-08-25 09:00:00,278.9298
2012-08-25 10:00:00,411.5482
2012-08-25 11:00:00,473.09854
2012-08-25 12:00:00,457.6979
2012-08-25 13:00:00,580.6419
2012-08-25 14:00:00,376.839
2012-08-25 15:00:00,419.45706
2012-08-25 16:00:00,428.96606
2012-08-25 17:00:00,400.12808
2012-08-25 18:00:00,393.2447
2012-08-25 19:00:00,351.18005
2012-08-25 20:00:00,161.76167
2012-08-25 21:00:00,208.87077
2012-08-25 22:00:00,163.69124
2012-08-25 23:00:00,127.93291
2012-08-26 00:00:00,154.6024
2012-08-26 01:00:00,121.62222
2012-08-26 02:00:00,85.203674
2012-08-26 03:00:00,39.902138
2012-08-26 04:00:00,12.819977
2012-08-26 05:00:00,13.661423
2012-08-26 06:00:00,14.592291
2012-08-26 07:00:00,41.503628
2012-08-26 08:00:00,140.41725
2012-08-26 09:00:00,246.12025
2012-08-26 10:00:00,377.13815
2012-08-26 11:00:00,449.22083
2012-08-26 12:00:00,345.17062
2012-08-26 13:00:00,306.87115
2012-08-26 14:00:00,335.33322
2012-08-26 15:00:00,219.48209
2012-08-26 16:00:00,208.95587
2012-08-26 17:00:00,276.1695
2012-08-26 18:00:00,250.92442
2012-08-26 19:00:00,249.36884
2012-08-26 20:00:00,204.86224
2012-08-26 21:00:00,161.5109
2012-08-26 22:00:00,122.17748
2012-08-26 23:00:00,97.456604
2012-08-27 00:00:00,35.644962
2012-08-27 01:00:00,13.646293
2012-08-27 02:00:00,6.7329364
2012-08-27 03:00:00,2.891221
2012-08-27 04:00:00,0.14506641
2012-08-27 05:00:00,25.897024
2012-08-27 06:00:00,130.14955
2012-08-27 07:00:00,358.88885
2012-08-27 08:00:00,569.1199
2012-08-27 09:00:00,292.12167
2012-08-27 10:00:00,178.83127
2012-08-27 11:00:00,205.91803
2012-08-27 12:00:00,272.274
2012-08-27 13:00:00,264.642
2012-08-27 14:00:00,253.61607
2012-08-27 15:00:00,264.23193
2012-08-27 16:00:00,400.13208
2012-08-27 17:00:00,829.9308
2012-08-27 18:00:00,826.0934
2012-08-27 19:00:00,513.82043
2012-08-27 20:00:00,375.75323
2012-08-27 21:00:00,260.5511
2012-08-27 22:00:00,140.66525
2012-08-27 23:00:00,89.99703
2012-08-28 00:00:00,42.086998
2012-08-28 01:00:00,25.82239
2012-08-28 02:00:00,8.100943
2012-08-28 03:00:00,12.535298
2012-08-28 04:00:00,3.8208773
2012-08-28 05:00:00,15.650714
2012-08-28 06:00:00,149.14062
2012-08-28 07:00:00,378.23486
2012-08-28 08:00:00,563.59357
2012-08-28 09:00:00,325.31378
2012-08-28 10:00:00,197.38722
2012-08-28 11:00:00,220.3453
2012-08-28 12:00:00,281.6469
2012-08-28 13:00:00,275.78137
2012-08-28 14:00:00,246.97198
2012-08-28 15:00:00,276.8255
2012-08-28 16:00:00,423.54556
2012-08-28 17:00:00,856.1624
2012-08-28 18:00:00,844.18463
2012-08-28 19:00:00,587.3395
2012-08-28 20:00:00,446.30713
2012-08-28 21:00:00,338.21634
2012-08-28 22:00:00,250.53337
2012-08-28 23:00:00,175.5707
2012-08-29 00:00:00,59.06941
2012-08-29 01:00:00,22.823465
2012-08-29 02:00:00,10.685846
2012-08-29 03:00:00,8.117282
2012-08-29 04:00:00,7.202316
2012-08-29 05:00:00,41.260094
2012-08-29 06:00:00,173.18022
2012-08-29 07:00:00,472.1527
2012-08-29 08:00:00,700.4275
2012-08-29 09:00:00,346.11102
2012-08-29 10:00:00,213.1246
2012-08-29 11:00:00,255.89713
2012-08-29 12:00:00,305.35147
2012-08-29 13:00:00,280.8297
2012-08-29 14:00:00,256.7677
2012-08-29 15:00:00,279.5437
2012-08-29 16:00:00,432.64322
2012-08-29 17:00:00,859.5048
2012-08-29 18:00:00,845.35175
2012-08-29 19:00:00,615.9393
2012-08-29 20:00:00,448.84235
2012-08-29 21:00:00,346.89075
2012-08-29 22:00:00,263.08234
2012-08-29 23:00:00,185.2674
2012-08-30 00:00:00,65.00027
2012-08-30 01:00:00,23.934317
2012-08-30 02:00:00,12.163682
2012-08-30 03:00:00,7.7465115
2012-08-30 04:00:00,8.068429
2012-08-30 05:00:00,40.592083
2012-08-30 06:00:00,167.38713
2012-08-30 07:00:00,469.66504
2012-08-30 08:00:00,695.2269
2012-08-30 09:00:00,359.10287
2012-08-30 10:00:00,220.78278
2012-08-30 11:00:00,263.19846
2012-08-30 12:00:00,312.33652
2012-08-30 13:00:00,284.62784
2012-08-30 14:00:00,253.43085
2012-08-30 15:00:00,270.79626
2012-08-30 16:00:00,419.53687
2012-08-30 17:00:00,860.1759
2012-08-30 18:00:00,838.91376
2012-08-30 19:00:00,624.9649
2012-08-30 20:00:00,460.47498
2012-08-30 21:00:00,317.21188
2012-08-30 22:00:00,232.5949
2012-08-30 23:00:00,170.22243
2012-08-31 00:00:00,84.910904
2012-08-31 01:00:00,44.431576
2012-08-31 02:00:00,24.489643
2012-08-31 03:00:00,15.463535
2012-08-31 04:00:00,8.962541
2012-08-31 05:00:00,34.93222
2012-08-31 06:00:00,140.24417
2012-08-31 07:00:00,371.34393
2012-08-31 08:00:00,666.09955
2012-08-31 09:00:00,353.85312
2012-08-31 10:00:00,250.23775
2012-08-31 11:00:00,289.32208
2012-08-31 12:00:00,349.4851
2012-08-31 13:00:00,342.7636
2012-08-31 14:00:00,312.9435
2012-08-31 15:00:00,329.9417
2012-08-31 16:00:00,465.08597
2012-08-31 17:00:00,772.3883
2012-08-31 18:00:00,712.39264
2012-08-31 19:00:00,521.9102
2012-08-31 20:00:00,402.26102
2012-08-31 21:00:00,312.94043
2012-08-31 22:00:00,259.58063
2012-08-31 23:00:00,213.95535
2012-09-20 00:00:00,59.02809
2012-09-20 01:00:00,20.655407
2012-09-20 02:00:00,11.643989
2012-09-20 03:00:00,8.67723
2012-09-20 04:00:00,9.917082
2012-09-20 05:00:00,45.979206
2012-09-20 06:00:00,181.45453
2012-09-20 07:00:00,523.12494
2012-09-20 08:00:00,775.14734
2012-09-20 09:00:00,357.93457
2012-09-20 10:00:00,221.98373
2012-09-20 11:00:00,247.92812
2012-09-20 12:00:00,316.6113
2012-09-20 13:00:00,295.60748
2012-09-20 14:00:00,273.34323
2012-09-20 15:00:00,310.6023
2012-09-20 16:00:00,455.78976
2012-09-20 17:00:00,869.2113
2012-09-20 18:00:00,841.4698
2012-09-20 19:00:00,585.8532
2012-09-20 20:00:00,412.1071
2012-09-20 21:00:00,309.77652
2012-09-20 22:00:00,211.25227
2012-09-20 23:00:00,158.71931
2012-09-21 00:00:00,79.67706
2012-09-21 01:00:00,40.361576
2012-09-21 02:00:00,21.41603
2012-09-21 03:00:00,14.365231
2012-09-21 04:00:00,13.982027
2012-09-21 05:00:00,46.029808
2012-09-21 06:00:00,175.01225
2012-09-21 07:00:00,474.34055
2012-09-21 08:00:00,709.37726
2012-09-21 09:00:00,370.4227
2012-09-21 10:00:00,260.46448
2012-09-21 11:00:00,315.21875
2012-09-21 12:00:00,384.27267
2012-09-21 13:00:00,388.23062
2012-09-21 14:00:00,365.66174
2012-09-21 15:00:00,382.7331
2012-09-21 16:00:00,541.9588
2012-09-21 17:00:00,817.21844
2012-09-21 18:00:00,663.6436
2012-09-21 19:00:00,519.2641
2012-09-21 20:00:00,356.54288
2012-09-21 21:00:00,274.3257
2012-09-21 22:00:00,225.62418
2012-09-21 23:00:00,182.29309
2012-09-22 00:00:00,161.31332
2012-09-22 01:00:00,118.34238
2012-09-22 02:00:00,81.76438
2012-09-22 03:00:00,37.677914
2012-09-22 04:00:00,16.474651
2012-09-22 05:00:00,18.86716
2012-09-22 06:00:00,35.257473
2012-09-22 07:00:00,82.06973
2012-09-22 08:00:00,200.97443
2012-09-22 09:00:00,324.0184
2012-09-22 10:00:00,460.08224
2012-09-22 11:00:00,563.3543
2012-09-22 12:00:00,656.4467
2012-09-22 13:00:00,634.1731
2012-09-22 14:00:00,610.7167
2012-09-22 15:00:00,604.8718
2012-09-22 16:00:00,600.47504
2012-09-22 17:00:00,602.7909
2012-09-22 18:00:00,552.85925
2012-09-22 19:00:00,464.26962
2012-09-22 20:00:00,373.67978
2012-09-22 21:00:00,306.0002
2012-09-22 22:00:00,257.39752
2012-09-22 23:00:00,216.346
2012-09-23 00:00:00,172.03157
2012-09-23 01:00:00,106.73316
2012-09-23 02:00:00,85.063416
2012-09-23 03:00:00,40.839043
2012-09-23 04:00:00,22.56895
2012-09-23 05:00:00,23.38986
2012-09-23 06:00:00,26.582232
2012-09-23 07:00:00,83.07352
2012-09-23 08:00:00,145.33499
2012-09-23 09:00:00,284.5353
2012-09-23 10:00:00,437.75064
2012-09-23 11:00:00,533.4296
2012-09-23 12:00:00,617.21027
2012-09-23 13:00:00,666.9565
2012-09-23 14:00:00,640.4735
2012-09-23 15:00:00,645.95013
2012-09-23 16:00:00,639.7046
2012-09-23 17:00:00,613.74774
2012-09-23 18:00:00,526.70447
2012-09-23 19:00:00,382.01282
2012-09-23 20:00:00,281.53763
2012-09-23 21:00:00,184.52855
2012-09-23 22:00:00,164.67538
2012-09-23 23:00:00,104.14988
2012-09-24 00:00:00,41.3325
2012-09-24 01:00:00,17.422266
2012-09-24 02:00:00,12.004975
2012-09-24 03:00:00,7.734075
2012-09-24 04:00:00,8.49886
2012-09-24 05:00:00,42.1496
2012-09-24 06:00:00,168.47356
2012-09-24 07:00:00,486.7104
2012-09-24 08:00:00,735.09283
2012-09-24 09:00:00,339.62067
2012-09-24 10:00:00,203.54948
2012-09-24 11:00:00,257.9626
2012-09-24 12:00:00,334.95245
2012-09-24 13:00:00,309.41794
2012-09-24 14:00:00,296.59204
2012-09-24 15:00:00,314.69562
2012-09-24 16:00:00,470.95776
2012-09-24 17:00:00,858.80676
2012-09-24 18:00:00,836.1594
2012-09-24 19:00:00,556.88837
2012-09-24 20:00:00,379.56448
2012-09-24 21:00:00,270.662
2012-09-24 22:00:00,168.12054
2012-09-24 23:00:00,92.26008
2012-09-25 00:00:00,42.936035
2012-09-25 01:00:00,16.938522
2012-09-25 02:00:00,9.112089
2012-09-25 03:00:00,7.2186913
2012-09-25 04:00:00,9.894684
2012-09-25 05:00:00,46.121006
2012-09-25 06:00:00,174.72406
2012-09-25 07:00:00,505.7441
2012-09-25 08:00:00,782.67267
2012-09-25 09:00:00,364.26703
2012-09-25 10:00:00,212.17458
2012-09-25 11:00:00,248.38855
2012-09-25 12:00:00,317.8535
2012-09-25 13:00:00,313.9688
2012-09-25 14:00:00,293.32846
2012-09-25 15:00:00,331.8643
2012-09-25 16:00:00,476.60504
2012-09-25 17:00:00,895.7802
2012-09-25 18:00:00,885.8667
2012-09-25 19:00:00,576.95685
2012-09-25 20:00:00,430.71103
2012-09-25 21:00:00,310.92297
2012-09-25 22:00:00,231.49869
2012-09-25 23:00:00,165.41866
2012-09-26 00:00:00,53.083195
2012-09-26 01:00:00,27.06542
2012-09-26 02:00:00,18.422
2012-09-26 03:00:00,17.096325
2012-09-26 04:00:00,9.678703
2012-09-26 05:00:00,47.509674
2012-09-26 06:00:00,183.95888
2012-09-26 07:00:00,531.6801
2012-09-26 08:00:00,767.32324
2012-09-26 09:00:00,365.4176
2012-09-26 10:00:00,211.71404
2012-09-26 11:00:00,257.0482
2012-09-26 12:00:00,321.40717
2012-09-26 13:00:00,315.62314
2012-09-26 14:00:00,264.4981
2012-09-26 15:00:00,296.516
2012-09-26 16:00:00,447.3413
2012-09-26 17:00:00,868.0446
2012-09-26 18:00:00,861.2875
2012-09-26 19:00:00,611.322
2012-09-26 20:00:00,426.26395
2012-09-26 21:00:00,333.19232
2012-09-26 22:00:00,204.39485
2012-09-26 23:00:00,131.98538
2012-09-27 00:00:00,68.206276
2012-09-27 01:00:00,29.933533
2012-09-27 02:00:00,17.557789
2012-09-27 03:00:00,12.802654
2012-09-27 04:00:00,8.952425
2012-09-27 05:00:00,46.090813
2012-09-27 06:00:00,170.3444
2012-09-27 07:00:00,524.05164
2012-09-27 08:00:00,758.6488
2012-09-27 09:00:00,353.3468
2012-09-27 10:00:00,222.61115
2012-09-27 11:00:00,258.92053
2012-09-27 12:00:00,318.34155
2012-09-27 13:00:00,291.69913
2012-09-27 14:00:00,265.08627
2012-09-27 15:00:00,296.24072
2012-09-27 16:00:00,462.52435
2012-09-27 17:00:00,760.99835
2012-09-27 18:00:00,742.2937
2012-09-27 19:00:00,578.7125
2012-09-27 20:00:00,405.71783
2012-09-27 21:00:00,220.95209
2012-09-27 22:00:00,144.27017
2012-09-27 23:00:00,122.42835
2012-09-28 00:00:00,59.14611
2012-09-28 01:00:00,18.787395
2012-09-28 02:00:00,26.59268
2012-09-28 03:00:00,14.65686
2012-09-28 04:00:00,7.4431677
2012-09-28 05:00:00,35.933243
2012-09-28 06:00:00,131.24545
2012-09-28 07:00:00,382.1841
2012-09-28 08:00:00,690.0515
2012-09-28 09:00:00,347.20978
2012-09-28 10:00:00,225.52382
2012-09-28 11:00:00,271.80048
2012-09-28 12:00:00,390.29413
2012-09-28 13:00:00,382.39713
2012-09-28 14:00:00,360.55136
2012-09-28 15:00:00,376.0918
2012-09-28 16:00:00,542.0666
2012-09-28 17:00:00,812.0455
2012-09-28 18:00:00,743.67725
2012-09-28 19:00:00,447.06982
2012-09-28 20:00:00,329.32544
2012-09-28 21:00:00,274.09872
2012-09-28 22:00:00,237.9592
2012-09-28 23:00:00,199.25288
2012-09-29 00:00:00,155.44409
2012-09-29 01:00:00,114.5725
2012-09-29 02:00:00,85.98391
2012-09-29 03:00:00,47.41085
2012-09-29 04:00:00,24.37371
2012-09-29 05:00:00,24.430613
2012-09-29 06:00:00,46.542686
2012-09-29 07:00:00,84.34023
2012-09-29 08:00:00,201.08636
2012-09-29 09:00:00,325.85083
2012-09-29 10:00:00,447.22946
2012-09-29 11:00:00,548.28174
2012-09-29 12:00:00,654.30884
2012-09-29 13:00:00,667.0969
2012-09-29 14:00:00,652.54175
2012-09-29 15:00:00,627.00116
2012-09-29 16:00:00,645.2509
2012-09-29 17:00:00,617.8692
2012-09-29 18:00:00,518.7062
2012-09-29 19:00:00,395.3749
2012-09-29 20:00:00,290.9826
2012-09-29 21:00:00,254.9817
2012-09-29 22:00:00,209.2054
2012-09-29 23:00:00,198.59642
2012-09-30 00:00:00,155.42912
2012-09-30 01:00:00,120.34887
2012-09-30 02:00:00,74.32211
2012-09-30 03:00:00,43.317947
2012-09-30 04:00:00,16.499067
2012-09-30 05:00:00,10.602048
2012-09-30 06:00:00,26.375902
2012-09-30 07:00:00,54.79965
2012-09-30 08:00:00,136.78796
2012-09-30 09:00:00,302.5126
2012-09-30 10:00:00,446.4344
2012-09-30 11:00:00,552.8468
2012-09-30 12:00:00,638.3595
2012-09-30 13:00:00,659.7377
2012-09-30 14:00:00,634.0512
2012-09-30 15:00:00,647.7014
2012-09-30 16:00:00,659.0557
2012-09-30 17:00:00,607.8445
2012-09-30 18:00:00,453.44006
2012-09-30 19:00:00,227.76106
2012-09-30 20:00:00,155.13086
2012-09-30 21:00:00,171.53879
2012-09-30 22:00:00,120.28495
2012-09-30 23:00:00,94.86253
2012-10-20 00:00:00,146.55118
2012-10-20 01:00:00,106.89358
2012-10-20 02:00:00,67.54648
2012-10-20 03:00:00,32.64838
2012-10-20 04:00:00,8.243246
2012-10-20 05:00:00,15.413969
2012-10-20 06:00:00,33.62196
2012-10-20 07:00:00,87.02691
2012-10-20 08:00:00,180.06682
2012-10-20 09:00:00,335.0381
2012-10-20 10:00:00,442.72433
2012-10-20 11:00:00,543.58466
2012-10-20 12:00:00,626.1208
2012-10-20 13:00:00,649.92993
2012-10-20 14:00:00,606.8258
2012-10-20 15:00:00,586.8993
2012-10-20 16:00:00,606.026
2012-10-20 17:00:00,601.9357
2012-10-20 18:00:00,508.44122
2012-10-20 19:00:00,360.14423
2012-10-20 20:00:00,286.6876
2012-10-20 21:00:00,211.47383
2012-10-20 22:00:00,175.36124
2012-10-20 23:00:00,157.4039
2012-10-21 00:00:00,140.76332
2012-10-21 01:00:00,111.44424
2012-10-21 02:00:00,75.973915
2012-10-21 03:00:00,40.201363
2012-10-21 04:00:00,12.788436
2012-10-21 05:00:00,16.519657
2012-10-21 06:00:00,26.679386
2012-10-21 07:00:00,71.44852
2012-10-21 08:00:00,125.97549
2012-10-21 09:00:00,268.33536
2012-10-21 10:00:00,408.4826
2012-10-21 11:00:00,519.65216
2012-10-21 12:00:00,622.0575
2012-10-21 13:00:00,664.46954
2012-10-21 14:00:00,647.5781
2012-10-21 15:00:00,635.1471
2012-10-21 16:00:00,632.76416
2012-10-21 17:00:00,557.11957
2012-10-21 18:00:00,480.6821
2012-10-21 19:00:00,341.33237
2012-10-21 20:00:00,217.75676
2012-10-21 21:00:00,145.15775
2012-10-21 22:00:00,115.93902
2012-10-21 23:00:00,94.312485
2012-10-22 00:00:00,35.370922
2012-10-22 01:00:00,13.310944
2012-10-22 02:00:00,5.6440954
2012-10-22 03:00:00,5.3982177
2012-10-22 04:00:00,6.0365133
2012-10-22 05:00:00,36.039886
2012-10-22 06:00:00,144.62294
2012-10-22 07:00:00,432.6204
2012-10-22 08:00:00,762.6763
2012-10-22 09:00:00,345.74942
2012-10-22 10:00:00,208.7992
2012-10-22 11:00:00,257.48364
2012-10-22 12:00:00,337.53537
2012-10-22 13:00:00,323.75427
2012-10-22 14:00:00,320.10193
2012-10-22 15:00:00,339.88126
2012-10-22 16:00:00,474.89542
2012-10-22 17:00:00,847.76013
2012-10-22 18:00:00,696.2944
2012-10-22 19:00:00,524.03107
2012-10-22 20:00:00,356.90076
2012-10-22 21:00:00,222.57175
2012-10-22 22:00:00,125.196846
2012-10-22 23:00:00,86.99172
2012-10-23 00:00:00,38.604794
2012-10-23 01:00:00,15.687368
2012-10-23 02:00:00,6.6490245
2012-10-23 03:00:00,5.8658805
2012-10-23 04:00:00,9.609318
2012-10-23 05:00:00,44.980465
2012-10-23 06:00:00,163.46657
2012-10-23 07:00:00,473.84167
2012-10-23 08:00:00,756.7591
2012-10-23 09:00:00,366.3343
2012-10-23 10:00:00,219.51115
2012-10-23 11:00:00,257.5075
2012-10-23 12:00:00,309.9593
2012-10-23 13:00:00,290.0751
2012-10-23 14:00:00,285.84122
2012-10-23 15:00:00,329.11487
2012-10-23 16:00:00,461.33685
2012-10-23 17:00:00,851.03687
2012-10-23 18:00:00,825.5409
2012-10-23 19:00:00,559.7484
2012-10-23 20:00:00,387.70563
2012-10-23 21:00:00,247.65164
2012-10-23 22:00:00,184.0216
2012-10-23 23:00:00,125.77153
2012-10-24 00:00:00,47.82794
2012-10-24 01:00:00,17.920897
2012-10-24 02:00:00,8.50324
2012-10-24 03:00:00,10.022799
2012-10-24 04:00:00,12.224692
2012-10-24 05:00:00,47.474445
2012-10-24 06:00:00,177.8343
2012-10-24 07:00:00,477.71387
2012-10-24 08:00:00,691.04785
2012-10-24 09:00:00,375.51962
2012-10-24 10:00:00,202.7512
2012-10-24 11:00:00,259.76123
2012-10-24 12:00:00,332.01196
2012-10-24 13:00:00,312.10605
2012-10-24 14:00:00,284.63754
2012-10-24 15:00:00,325.3122
2012-10-24 16:00:00,481.7622
2012-10-24 17:00:00,842.2546
2012-10-24 18:00:00,831.4147
2012-10-24 19:00:00,552.23474
2012-10-24 20:00:00,392.439
2012-10-24 21:00:00,309.37097
2012-10-24 22:00:00,231.72368
2012-10-24 23:00:00,146.34253
2012-10-25 00:00:00,65.19499
2012-10-25 01:00:00,28.49891
2012-10-25 02:00:00,10.924537
2012-10-25 03:00:00,6.809591
2012-10-25 04:00:00,5.821238
2012-10-25 05:00:00,40.713814
2012-10-25 06:00:00,160.32779
2012-10-25 07:00:00,451.01797
2012-10-25 08:00:00,684.2447
2012-10-25 09:00:00,351.53308
2012-10-25 10:00:00,172.8897
2012-10-25 11:00:00,162.34126
2012-10-25 12:00:00,244.61464
2012-10-25 13:00:00,210.0152
2012-10-25 14:00:00,262.92383
2012-10-25 15:00:00,322.04013
2012-10-25 16:00:00,453.19824
2012-10-25 17:00:00,739.45026
2012-10-25 18:00:00,425.929
2012-10-25 19:00:00,355.95633
2012-10-25 20:00:00,273.61194
2012-10-25 21:00:00,219.24852
2012-10-25 22:00:00,171.3407
2012-10-25 23:00:00,130.26915
2012-10-26 00:00:00,64.47283
2012-10-26 01:00:00,26.13572
2012-10-26 02:00:00,9.790609
2012-10-26 03:00:00,7.078375
2012-10-26 04:00:00,6.809458
2012-10-26 05:00:00,29.700054
2012-10-26 06:00:00,138.43134
2012-10-26 07:00:00,397.49976
2012-10-26 08:00:00,591.2167
2012-10-26 09:00:00,340.67407
2012-10-26 10:00:00,205.6274
2012-10-26 11:00:00,247.62764
2012-10-26 12:00:00,338.9139
2012-10-26 13:00:00,333.51694
2012-10-26 14:00:00,338.07428
2012-10-26 15:00:00,370.76572
2012-10-26 16:00:00,468.86923
2012-10-26 17:00:00,523.1369
2012-10-26 18:00:00,396.52423
2012-10-26 19:00:00,267.4042
2012-10-26 20:00:00,216.59865
2012-10-26 21:00:00,211.71417
2012-10-26 22:00:00,147.52391
2012-10-26 23:00:00,131.8772
2012-10-27 00:00:00,146.37599
2012-10-27 01:00:00,106.187256
2012-10-27 02:00:00,76.161316
2012-10-27 03:00:00,34.472336
2012-10-27 04:00:00,12.803812
2012-10-27 05:00:00,18.228693
2012-10-27 06:00:00,32.534405
2012-10-27 07:00:00,87.31436
2012-10-27 08:00:00,198.5993
2012-10-27 09:00:00,302.9039
2012-10-27 10:00:00,421.9491
2012-10-27 11:00:00,516.2891
2012-10-27 12:00:00,633.04663
2012-10-27 13:00:00,661.84045
2012-10-27 14:00:00,614.06537
2012-10-27 15:00:00,533.2653
2012-10-27 16:00:00,530.17755
2012-10-27 17:00:00,518.49524
2012-10-27 18:00:00,446.2513
2012-10-27 19:00:00,309.76035
2012-10-27 20:00:00,234.37578
2012-10-27 21:00:00,198.63393
2012-10-27 22:00:00,152.62645
2012-10-27 23:00:00,124.406334
2012-10-28 00:00:00,121.940094
2012-10-28 01:00:00,104.63609
2012-10-28 02:00:00,76.5657
2012-10-28 03:00:00,39.609497
2012-10-28 04:00:00,13.046277
2012-10-28 05:00:00,17.325996
2012-10-28 06:00:00,32.999325
2012-10-28 07:00:00,77.49405
2012-10-28 08:00:00,164.17374
2012-10-28 09:00:00,253.67151
2012-10-28 10:00:00,344.69965
2012-10-28 11:00:00,467.8993
2012-10-28 12:00:00,500.22177
2012-10-28 13:00:00,499.68735
2012-10-28 14:00:00,500.23932
2012-10-28 15:00:00,475.7472
2012-10-28 16:00:00,333.42545
2012-10-28 17:00:00,263.1771
2012-10-28 18:00:00,123.214165
2012-10-28 19:00:00,123.35549
2012-10-28 20:00:00,114.260315
2012-10-28 21:00:00,109.623405
2012-10-28 22:00:00,70.97736
2012-10-28 23:00:00,50.124542
2012-10-29 00:00:00,40.366985
2012-10-30 13:00:00,153.88861
2012-10-30 14:00:00,143.8973
2012-10-30 15:00:00,131.67793
2012-10-30 16:00:00,212.89844
2012-10-30 17:00:00,382.15375
2012-10-30 18:00:00,397.6566
2012-10-30 19:00:00,481.9267
2012-10-30 20:00:00,235.98418
2012-10-30 21:00:00,176.42387
2012-10-30 22:00:00,132.63316
2012-10-30 23:00:00,98.80903
2012-10-31 00:00:00,47.777584
2012-10-31 01:00:00,22.883434
2012-10-31 02:00:00,12.268946
2012-10-31 03:00:00,8.905765
2012-10-31 04:00:00,11.955031
2012-10-31 05:00:00,39.533596
2012-10-31 06:00:00,143.954
2012-10-31 07:00:00,389.08044
2012-10-31 08:00:00,732.02704
2012-10-31 09:00:00,360.41516
2012-10-31 10:00:00,180.24632
2012-10-31 11:00:00,183.43881
2012-10-31 12:00:00,265.3271
2012-10-31 13:00:00,240.47856
2012-10-31 14:00:00,206.81711
2012-10-31 15:00:00,255.26608
2012-10-31 16:00:00,362.2552
2012-10-31 17:00:00,649.61707
2012-10-31 18:00:00,633.5763
2012-10-31 19:00:00,436.78497
2012-10-31 20:00:00,309.47052
2012-10-31 21:00:00,226.87288
2012-10-31 22:00:00,168.34804
2012-10-31 23:00:00,133.03606
2012-11-20 00:00:00,31.53662
2012-11-20 01:00:00,14.185696
2012-11-20 02:00:00,9.125299
2012-11-20 03:00:00,7.305221
2012-11-20 04:00:00,12.446165
2012-11-20 05:00:00,39.17473
2012-11-20 06:00:00,138.45793
2012-11-20 07:00:00,404.8087
2012-11-20 08:00:00,683.0499
2012-11-20 09:00:00,339.70767
2012-11-20 10:00:00,169.97012
2012-11-20 11:00:00,190.59158
2012-11-20 12:00:00,229.23187
2012-11-20 13:00:00,228.91054
2012-11-20 14:00:00,217.55362
2012-11-20 15:00:00,256.09253
2012-11-20 16:00:00,361.22424
2012-11-20 17:00:00,584.0004
2012-11-20 18:00:00,560.7554
2012-11-20 19:00:00,389.7677
2012-11-20 20:00:00,268.07254
2012-11-20 21:00:00,210.8863
2012-11-20 22:00:00,155.59549
2012-11-20 23:00:00,101.87103
2012-11-21 00:00:00,38.768192
2012-11-21 01:00:00,15.733759
2012-11-21 02:00:00,8.757266
2012-11-21 03:00:00,6.4526124
2012-11-21 04:00:00,7.765702
2012-11-21 05:00:00,33.22309
2012-11-21 06:00:00,135.15944
2012-11-21 07:00:00,392.77756
2012-11-21 08:00:00,671.4259
2012-11-21 09:00:00,338.9887
2012-11-21 10:00:00,178.98769
2012-11-21 11:00:00,193.88814
2012-11-21 12:00:00,246.65088
2012-11-21 13:00:00,243.71194
2012-11-21 14:00:00,241.79024
2012-11-21 15:00:00,262.9797
2012-11-21 16:00:00,360.3412
2012-11-21 17:00:00,603.6518
2012-11-21 18:00:00,567.3142
2012-11-21 19:00:00,389.61716
2012-11-21 20:00:00,261.08908
2012-11-21 21:00:00,203.86691
2012-11-21 22:00:00,141.22339
2012-11-21 23:00:00,114.47438
2012-11-22 00:00:00,80.06744
2012-11-22 01:00:00,50.724297
2012-11-22 02:00:00,26.38145
2012-11-22 03:00:00,10.237992
2012-11-22 04:00:00,17.12062
2012-11-22 05:00:00,27.17014
2012-11-22 06:00:00,54.107822
2012-11-22 07:00:00,189.5881
2012-11-22 08:00:00,382.13055
2012-11-22 09:00:00,303.3106
2012-11-22 10:00:00,322.208
2012-11-22 11:00:00,361.24673
2012-11-22 12:00:00,424.79913
2012-11-22 13:00:00,432.23746
2012-11-22 14:00:00,421.2924
2012-11-22 15:00:00,419.80453
2012-11-22 16:00:00,436.73514
2012-11-22 17:00:00,463.82385
2012-11-22 18:00:00,372.27762
2012-11-22 19:00:00,302.9502
2012-11-22 20:00:00,240.37456
2012-11-22 21:00:00,200.96397
2012-11-22 22:00:00,162.21556
2012-11-22 23:00:00,127.34497
2012-11-23 00:00:00,51.0975
2012-11-23 01:00:00,28.516718
2012-11-23 02:00:00,11.053376
2012-11-23 03:00:00,5.9899387
2012-11-23 04:00:00,7.9009023
2012-11-23 05:00:00,32.30601
2012-11-23 06:00:00,127.40119
2012-11-23 07:00:00,367.65375
2012-11-23 08:00:00,627.4092
2012-11-23 09:00:00,329.6714
2012-11-23 10:00:00,194.935
2012-11-23 11:00:00,226.64206
2012-11-23 12:00:00,288.27948
2012-11-23 13:00:00,301.21704
2012-11-23 14:00:00,352.5837
2012-11-23 15:00:00,336.8521
2012-11-23 16:00:00,431.47595
2012-11-23 17:00:00,641.9141
2012-11-23 18:00:00,535.9147
2012-11-23 19:00:00,393.7404
2012-11-23 20:00:00,265.76746
2012-11-23 21:00:00,216.34938
2012-11-23 22:00:00,163.62779
2012-11-23 23:00:00,131.82332
2012-11-24 00:00:00,120.02978
2012-11-24 01:00:00,80.06792
2012-11-24 02:00:00,49.05511
2012-11-24 03:00:00,21.288
2012-11-24 04:00:00,6.5066414
2012-11-24 05:00:00,10.9457035
2012-11-24 06:00:00,22.472086
2012-11-24 07:00:00,65.18305
2012-11-24 08:00:00,131.51004
2012-11-24 09:00:00,211.58409
2012-11-24 10:00:00,278.27347
2012-11-24 11:00:00,335.50107
2012-11-24 12:00:00,402.5132
2012-11-24 13:00:00,444.82385
2012-11-24 14:00:00,418.6703
2012-11-24 15:00:00,410.95474
2012-11-24 16:00:00,394.41937
2012-11-24 17:00:00,369.25082
2012-11-24 18:00:00,286.93665
2012-11-24 19:00:00,230.04593
2012-11-24 20:00:00,175.36157
2012-11-24 21:00:00,144.66628
2012-11-24 22:00:00,122.85518
2012-11-24 23:00:00,107.96559
2012-11-25 00:00:00,104.66734
2012-11-25 01:00:00,84.5296
2012-11-25 02:00:00,50.535267
2012-11-25 03:00:00,20.84984
2012-11-25 04:00:00,4.0238004
2012-11-25 05:00:00,11.488459
2012-11-25 06:00:00,15.390761
2012-11-25 07:00:00,44.008156
2012-11-25 08:00:00,109.13384
2012-11-25 09:00:00,189.15955
2012-11-25 10:00:00,287.3136
2012-11-25 11:00:00,327.03064
2012-11-25 12:00:00,386.28998
2012-11-25 13:00:00,387.25357
2012-11-25 14:00:00,367.02335
2012-11-25 15:00:00,385.24255
2012-11-25 16:00:00,388.12207
2012-11-25 17:00:00,314.03256
2012-11-25 18:00:00,251.51445
2012-11-25 19:00:00,198.2578
2012-11-25 20:00:00,148.98839
2012-11-25 21:00:00,115.90589
2012-11-25 22:00:00,101.38092
2012-11-25 23:00:00,81.54059
2012-11-26 00:00:00,22.289442
2012-11-26 01:00:00,8.434846
2012-11-26 02:00:00,3.0778847
2012-11-26 03:00:00,2.2188203
2012-11-26 04:00:00,4.7408805
2012-11-26 05:00:00,27.148325
2012-11-26 06:00:00,125.97392
2012-11-26 07:00:00,382.94632
2012-11-26 08:00:00,658.195
2012-11-26 09:00:00,307.75742
2012-11-26 10:00:00,157.78972
2012-11-26 11:00:00,192.51006
2012-11-26 12:00:00,243.47215
2012-11-26 13:00:00,239.55219
2012-11-26 14:00:00,214.47939
2012-11-26 15:00:00,250.41571
2012-11-26 16:00:00,353.4419
2012-11-26 17:00:00,608.7224
2012-11-26 18:00:00,554.3937
2012-11-26 19:00:00,372.305
2012-11-26 20:00:00,251.7273
2012-11-26 21:00:00,177.33345
2012-11-26 22:00:00,119.016304
2012-11-26 23:00:00,79.40423
2012-11-27 00:00:00,37.651497
2012-11-27 01:00:00,17.775448
2012-11-27 02:00:00,10.16923
2012-11-27 03:00:00,5.014543
2012-11-27 04:00:00,3.0814898
2012-11-27 05:00:00,28.568624
2012-11-27 06:00:00,126.19123
2012-11-27 07:00:00,193.32368
2012-11-27 08:00:00,350.61105
2012-11-27 09:00:00,310.38373
2012-11-27 10:00:00,77.14186
2012-11-27 11:00:00,103.563194
2012-11-27 12:00:00,136.53922
2012-11-27 13:00:00,136.33127
2012-11-27 14:00:00,139.57832
2012-11-27 15:00:00,189.4918
2012-11-27 16:00:00,283.61136
2012-11-27 17:00:00,524.12915
2012-11-27 18:00:00,446.4577
2012-11-27 19:00:00,314.01288
2012-11-27 20:00:00,223.82849
2012-11-27 21:00:00,165.57797
2012-11-27 22:00:00,121.68237
2012-11-27 23:00:00,72.72232
2012-11-28 00:00:00,40.70168
2012-11-28 01:00:00,20.780928
2012-11-28 02:00:00,8.914497
2012-11-28 03:00:00,7.223711
2012-11-28 04:00:00,10.148515
2012-11-28 05:00:00,34.152874
2012-11-28 06:00:00,136.52577
2012-11-28 07:00:00,389.22305
2012-11-28 08:00:00,672.85034
2012-11-28 09:00:00,319.58136
2012-11-28 10:00:00,163.6671
2012-11-28 11:00:00,170.79951
2012-11-28 12:00:00,226.14536
2012-11-28 13:00:00,225.14322
2012-11-28 14:00:00,205.22697
2012-11-28 15:00:00,234.49632
2012-11-28 16:00:00,318.42386
2012-11-28 17:00:00,582.17365
2012-11-28 18:00:00,542.15546
2012-11-28 19:00:00,374.4843
2012-11-28 20:00:00,258.7144
2012-11-28 21:00:00,196.0295
2012-11-28 22:00:00,130.1778
2012-11-28 23:00:00,92.26261
2012-11-29 00:00:00,44.919167
2012-11-29 01:00:00,15.180214
2012-11-29 02:00:00,5.673273
2012-11-29 04:00:00,6.3490095
2012-11-29 05:00:00,34.691563
2012-11-29 06:00:00,131.2472
2012-11-29 07:00:00,394.102
2012-11-29 08:00:00,661.7312
2012-11-29 09:00:00,329.0338
2012-11-29 10:00:00,170.5749
2012-11-29 11:00:00,196.79425
2012-11-29 12:00:00,236.2936
2012-11-29 13:00:00,236.2118
2012-11-29 14:00:00,212.62436
2012-11-29 15:00:00,239.55016
2012-11-29 16:00:00,336.57907
2012-11-29 17:00:00,583.9107
2012-11-29 18:00:00,536.1762
2012-11-29 19:00:00,369.0574
2012-11-29 20:00:00,265.54138
2012-11-29 21:00:00,187.29726
2012-11-29 22:00:00,143.30247
2012-11-29 23:00:00,129.54633
2012-11-30 00:00:00,47.9606
2012-11-30 01:00:00,23.369837
2012-11-30 02:00:00,10.379503
2012-11-30 03:00:00,6.718615
2012-11-30 04:00:00,7.1677933
2012-11-30 05:00:00,31.234695
2012-11-30 06:00:00,123.12283
2012-11-30 07:00:00,360.52847
2012-11-30 08:00:00,610.78394
2012-11-30 09:00:00,332.83817
2012-11-30 10:00:00,187.67233
2012-11-30 11:00:00,210.1559
2012-11-30 12:00:00,263.75693
2012-11-30 13:00:00,271.40692
2012-11-30 14:00:00,247.88553
2012-11-30 15:00:00,279.94455
2012-11-30 16:00:00,387.05936
2012-11-30 17:00:00,551.9222
2012-11-30 18:00:00,469.56296
2012-11-30 19:00:00,301.68915
2012-11-30 20:00:00,219.92769
2012-11-30 21:00:00,174.26259
2012-11-30 22:00:00,150.87157
2012-11-30 23:00:00,127.7002
2012-12-20 00:00:00,39.39588
2012-12-20 01:00:00,13.6534195
2012-12-20 02:00:00,6.2432914
2012-12-20 03:00:00,5.6668916
2012-12-20 04:00:00,7.6637692
2012-12-20 05:00:00,29.014673
2012-12-20 06:00:00,130.20999
2012-12-20 07:00:00,389.1103
2012-12-20 08:00:00,672.5165
2012-12-20 09:00:00,318.24075
2012-12-20 10:00:00,165.31052
2012-12-20 11:00:00,191.25969
2012-12-20 12:00:00,239.72687
2012-12-20 13:00:00,233.98192
2012-12-20 14:00:00,210.39561
2012-12-20 15:00:00,238.3615
2012-12-20 16:00:00,320.30942
2012-12-20 17:00:00,564.8035
2012-12-20 18:00:00,524.4474
2012-12-20 19:00:00,278.4465
2012-12-20 20:00:00,199.12868
2012-12-20 21:00:00,164.33748
2012-12-20 22:00:00,104.68829
2012-12-20 23:00:00,81.28563
2012-12-21 00:00:00,56.77956
2012-12-21 01:00:00,47.262913
2012-12-21 02:00:00,38.901573
2012-12-21 03:00:00,29.601534
2012-12-21 04:00:00,2.9490888
2012-12-21 05:00:00,20.391375
2012-12-21 06:00:00,110.35037
2012-12-21 07:00:00,354.68954
2012-12-21 08:00:00,621.56494
2012-12-21 09:00:00,301.09668
2012-12-21 10:00:00,171.1004
2012-12-21 11:00:00,196.09738
2012-12-21 12:00:00,254.5451
2012-12-21 13:00:00,246.6645
2012-12-21 14:00:00,235.96022
2012-12-21 15:00:00,253.82407
2012-12-21 16:00:00,346.24576
2012-12-21 17:00:00,518.0965
2012-12-21 18:00:00,447.75583
2012-12-21 19:00:00,272.07886
2012-12-21 20:00:00,202.85545
2012-12-21 21:00:00,153.8625
2012-12-21 22:00:00,119.363785
2012-12-21 23:00:00,98.35078
2012-12-22 00:00:00,85.1877
2012-12-22 01:00:00,68.110886
2012-12-22 02:00:00,40.63244
2012-12-22 03:00:00,11.048672
2012-12-22 04:00:00,3.3083665
2012-12-22 05:00:00,1.8032359
2012-12-22 06:00:00,10.938966
2012-12-22 07:00:00,55.23818
2012-12-22 08:00:00,124.11539
2012-12-22 09:00:00,204.92966
2012-12-22 10:00:00,267.38458
2012-12-22 11:00:00,323.23758
2012-12-22 12:00:00,387.50845
2012-12-22 13:00:00,408.1035
2012-12-22 14:00:00,394.98886
2012-12-22 15:00:00,381.94113
2012-12-22 16:00:00,376.27716
2012-12-22 17:00:00,346.05798
2012-12-22 18:00:00,254.41179
2012-12-22 19:00:00,195.86919
2012-12-22 20:00:00,150.94675
2012-12-22 21:00:00,126.132286
2012-12-22 22:00:00,103.80675
2012-12-22 23:00:00,86.29374
2012-12-23 00:00:00,96.661964
2012-12-23 01:00:00,75.474754
2012-12-23 02:00:00,46.76905
2012-12-23 03:00:00,19.563755
2012-12-23 04:00:00,3.3811185
2012-12-23 05:00:00,2.4923658
2012-12-23 06:00:00,8.292033
2012-12-23 07:00:00,36.275166
2012-12-23 08:00:00,99.33047
2012-12-23 09:00:00,184.18721
2012-12-23 10:00:00,260.81622
2012-12-23 11:00:00,290.56406
2012-12-23 12:00:00,370.44522
2012-12-23 13:00:00,401.34183
2012-12-23 14:00:00,397.31085
2012-12-23 15:00:00,401.2018
2012-12-23 16:00:00,401.6426
2012-12-23 17:00:00,282.2227
2012-12-23 18:00:00,226.69128
2012-12-23 19:00:00,166.70866
2012-12-23 20:00:00,132.17445
2012-12-23 21:00:00,103.81669
2012-12-23 22:00:00,79.7238
2012-12-23 23:00:00,68.502365
2012-12-24 00:00:00,22.542475
2012-12-24 01:00:00,9.679094
2012-12-24 02:00:00,5.1083393
2012-12-24 03:00:00,3.9814367
2012-12-24 05:00:00,26.180193
2012-12-24 06:00:00,110.774925
2012-12-24 07:00:00,350.49863
2012-12-24 08:00:00,616.8777
2012-12-24 09:00:00,272.1494
2012-12-24 10:00:00,134.77208
2012-12-24 11:00:00,170.17984
2012-12-24 12:00:00,212.78938
2012-12-24 13:00:00,163.81111
2012-12-24 14:00:00,139.48163
2012-12-24 15:00:00,160.60973
2012-12-24 16:00:00,227.30014
2012-12-24 17:00:00,400.79858
2012-12-24 18:00:00,389.37357
2012-12-24 19:00:00,257.91583
2012-12-24 20:00:00,162.13774
2012-12-24 21:00:00,152.48207
2012-12-24 22:00:00,98.52893
2012-12-24 23:00:00,68.77835
2012-12-25 00:00:00,59.690212
2012-12-25 01:00:00,59.195614
2012-12-25 02:00:00,44.12124
2012-12-25 04:00:00,21.30018
2012-12-25 05:00:00,27.82723
2012-12-25 06:00:00,44.4183
2012-12-25 07:00:00,183.29085
2012-12-25 08:00:00,380.359
2012-12-25 09:00:00,259.60248
2012-12-25 10:00:00,288.89554
2012-12-25 11:00:00,289.37555
2012-12-25 12:00:00,363.1469
2012-12-25 13:00:00,361.87402
2012-12-25 14:00:00,369.8343
2012-12-25 15:00:00,359.35538
2012-12-25 16:00:00,345.0698
2012-12-25 17:00:00,382.8127
2012-12-25 18:00:00,364.16327
2012-12-25 19:00:00,269.07278
2012-12-25 20:00:00,206.28223
2012-12-25 21:00:00,154.97546
2012-12-25 22:00:00,104.26957
2012-12-25 23:00:00,73.9933
2012-12-26 00:00:00,47.84997
2012-12-26 01:00:00,25.260502
2012-12-26 02:00:00,14.551041
2012-12-26 03:00:00,7.4448595
2012-12-26 04:00:00,9.2378435
2012-12-26 05:00:00,33.582314
2012-12-26 06:00:00,117.22726
2012-12-26 07:00:00,192.24167
2012-12-26 08:00:00,337.5032
2012-12-26 09:00:00,181.31482
2012-12-26 10:00:00,107.43658
2012-12-26 11:00:00,120.88187
2012-12-26 12:00:00,156.74684
2012-12-26 13:00:00,160.71692
2012-12-26 14:00:00,146.57329
2012-12-26 15:00:00,162.19377
2012-12-26 16:00:00,229.7857
2012-12-26 17:00:00,380.49915
2012-12-26 18:00:00,313.9631
2012-12-26 19:00:00,198.22545
2012-12-26 20:00:00,127.58942
2012-12-26 21:00:00,154.271
2012-12-26 22:00:00,80.781975
2012-12-26 23:00:00,50.650345
2012-12-27 00:00:00,36.257282
2012-12-27 01:00:00,21.837772
2012-12-27 02:00:00,12.374587
2012-12-27 03:00:00,9.305507
2012-12-27 04:00:00,13.174517
2012-12-27 05:00:00,28.823555
2012-12-27 06:00:00,112.50937
2012-12-27 07:00:00,358.82315
2012-12-27 08:00:00,661.04694
2012-12-27 09:00:00,314.07617
2012-12-27 10:00:00,164.03352
2012-12-27 11:00:00,176.96161
2012-12-27 12:00:00,215.23785
2012-12-27 13:00:00,206.45428
2012-12-27 14:00:00,193.6031
2012-12-27 15:00:00,208.88277
2012-12-27 16:00:00,288.8045
2012-12-27 17:00:00,524.8017
2012-12-27 18:00:00,494.36273
2012-12-27 19:00:00,316.6047
2012-12-27 20:00:00,229.08577
2012-12-27 21:00:00,174.16875
2012-12-27 22:00:00,122.31641
2012-12-27 23:00:00,95.06321
2012-12-28 00:00:00,48.535267
2012-12-28 01:00:00,23.587511
2012-12-28 02:00:00,12.604117
2012-12-28 03:00:00,8.949157
2012-12-28 04:00:00,9.899082
2012-12-28 05:00:00,30.27694
2012-12-28 06:00:00,116.79608
2012-12-28 07:00:00,331.71448
2012-12-28 08:00:00,605.2921
2012-12-28 09:00:00,308.7325
2012-12-28 10:00:00,179.90158
2012-12-28 11:00:00,198.29013
2012-12-28 12:00:00,248.60492
2012-12-28 13:00:00,237.24582
2012-12-28 14:00:00,217.0391
2012-12-28 15:00:00,237.55592
2012-12-28 16:00:00,322.73975
2012-12-28 17:00:00,510.59036
2012-12-28 18:00:00,423.59943
2012-12-28 19:00:00,278.44055
2012-12-28 20:00:00,201.592
2012-12-28 21:00:00,150.99306
2012-12-28 22:00:00,122.661865
2012-12-28 23:00:00,106.83774
2012-12-29 00:00:00,96.70847
2012-12-29 01:00:00,83.0772
2012-12-29 02:00:00,52.307785
2012-12-29 03:00:00,22.779747
2012-12-29 04:00:00,9.243408
2012-12-29 05:00:00,9.126918
2012-12-29 06:00:00,10.603316
2012-12-29 07:00:00,44.74125
2012-12-29 08:00:00,132.61987
2012-12-29 09:00:00,210.20772
2012-12-29 10:00:00,206.51889
2012-12-29 11:00:00,232.72992
2012-12-29 12:00:00,265.9289
2012-12-29 13:00:00,254.61308
2012-12-29 14:00:00,303.4497
2012-12-29 15:00:00,302.04562
2012-12-29 16:00:00,366.8991
2012-12-29 17:00:00,255.75464
2012-12-29 18:00:00,235.0521
2012-12-29 19:00:00,206.78922
2012-12-29 20:00:00,157.64064
2012-12-29 21:00:00,126.43658
2012-12-29 22:00:00,105.83163
2012-12-29 23:00:00,105.75327
2012-12-30 00:00:00,104.71301
2012-12-30 01:00:00,79.93651
2012-12-30 02:00:00,60.803513
2012-12-30 03:00:00,19.893375
2012-12-30 04:00:00,9.525354
2012-12-30 05:00:00,3.2103703
2012-12-30 06:00:00,2.7593217
2012-12-30 07:00:00,40.24273
2012-12-30 08:00:00,97.6666
2012-12-30 09:00:00,176.32332
2012-12-30 10:00:00,254.95589
2012-12-30 11:00:00,299.8108
2012-12-30 12:00:00,368.47363
2012-12-30 13:00:00,373.35648
2012-12-30 14:00:00,366.1119
2012-12-30 15:00:00,364.24142
2012-12-30 16:00:00,357.6779
2012-12-30 17:00:00,305.68173
2012-12-30 18:00:00,241.69862
2012-12-30 19:00:00,192.72029
2012-12-30 20:00:00,123.9279
2012-12-30 21:00:00,83.68728
2012-12-30 22:00:00,62.710285
2012-12-30 23:00:00,39.440582
2012-12-31 00:00:00,22.741531
2012-12-31 01:00:00,8.894102
2012-12-31 02:00:00,6.4179277
2012-12-31 03:00:00,5.9731326
2012-12-31 04:00:00,6.091123
2012-12-31 05:00:00,29.395267
2012-12-31 06:00:00,109.03569
2012-12-31 07:00:00,341.60492
2012-12-31 08:00:00,587.49304
2012-12-31 09:00:00,269.78146
2012-12-31 10:00:00,131.23674
2012-12-31 11:00:00,170.76196
2012-12-31 12:00:00,217.71652
2012-12-31 13:00:00,206.5723
2012-12-31 14:00:00,192.54547
2012-12-31 15:00:00,206.55125
2012-12-31 16:00:00,296.6428
2012-12-31 17:00:00,524.14044
2012-12-31 18:00:00,498.29752
2012-12-31 19:00:00,314.4116
2012-12-31 20:00:00,214.26433
2012-12-31 21:00:00,148.3394
2012-12-31 22:00:00,95.55824
2012-12-31 23:00:00,47.42391
