datetime,count
2011-01-20 00:00:00,91.504036
2011-01-20 01:00:00,99.41903
2011-01-20 02:00:00,99.41903
2011-01-20 03:00:00,100.80612
2011-01-20 04:00:00,100.80612
2011-01-20 05:00:00,83.731384
2011-01-20 06:00:00,86.568825
2011-01-20 07:00:00,90.30413
2011-01-20 08:00:00,94.80042
2011-01-20 09:00:00,85.28019
2011-01-20 10:00:00,67.75456
2011-01-20 11:00:00,77.695175
2011-01-20 12:00:00,104.98297
2011-01-20 13:00:00,82.58542
2011-01-20 14:00:00,85.9532
2011-01-20 15:00:00,89.22672
2011-01-20 16:00:00,86.2754
2011-01-20 17:00:00,81.56047
2011-01-20 18:00:00,113.52668
2011-01-20 19:00:00,91.560356
2011-01-20 20:00:00,99.44735
2011-01-20 21:00:00,97.83306
2011-01-20 22:00:00,98.643715
2011-01-20 23:00:00,89.35606
2011-01-21 00:00:00,82.86128
2011-01-21 01:00:00,82.86128
2011-01-21 02:00:00,39.702507
2011-01-21 03:00:00,42.029755
2011-01-21 04:00:00,64.03987
2011-01-21 05:00:00,98.71742
2011-01-21 06:00:00,95.36152
2011-01-21 07:00:00,63.160915
2011-01-21 08:00:00,67.09685
2011-01-21 09:00:00,68.234436
2011-01-21 10:00:00,65.52698
2011-01-21 11:00:00,69.09587
2011-01-21 12:00:00,111.86375
2011-01-21 13:00:00,118.342766
2011-01-21 14:00:00,87.309395
2011-01-21 15:00:00,74.40021
2011-01-21 16:00:00,98.95499
2011-01-21 17:00:00,70.37732
2011-01-21 18:00:00,57.074783
2011-01-21 19:00:00,46.430073
2011-01-21 20:00:00,39.701534
2011-01-21 21:00:00,40.01931
2011-01-21 22:00:00,52.227524
2011-01-21 23:00:00,41.01413
2011-01-22 00:00:00,45.97152
2011-01-22 01:00:00,41.606884
2011-01-22 02:00:00,42.712227
2011-01-22 03:00:00,42.73844
2011-01-22 04:00:00,56.062946
2011-01-22 06:00:00,55.507004
2011-01-22 07:00:00,45.40175
2011-01-22 08:00:00,56.5281
2011-01-22 09:00:00,38.241383
2011-01-22 10:00:00,54.47517
2011-01-22 11:00:00,41.403595
2011-01-22 12:00:00,55.17974
2011-01-22 13:00:00,108.66472
2011-01-22 14:00:00,104.01144
2011-01-22 15:00:00,105.10201
2011-01-22 16:00:00,99.43809
2011-01-22 17:00:00,92.026695
2011-01-22 18:00:00,47.705784
2011-01-22 19:00:00,42.809677
2011-01-22 20:00:00,50.388374
2011-01-22 21:00:00,55.02164
2011-01-22 22:00:00,42.078552
2011-01-22 23:00:00,21.186657
2011-01-23 00:00:00,20.346504
2011-01-23 01:00:00,20.346504
2011-01-23 02:00:00,19.563566
2011-01-23 03:00:00,19.563566
2011-01-23 05:00:00,19.4731
2011-01-23 06:00:00,19.4731
2011-01-23 07:00:00,18.774591
2011-01-23 08:00:00,18.668802
2011-01-23 09:00:00,42.84825
2011-01-23 10:00:00,48.57478
2011-01-23 11:00:00,56.314224
2011-01-23 12:00:00,62.16295
2011-01-23 13:00:00,56.3908
2011-01-23 14:00:00,81.08733
2011-01-23 15:00:00,81.05655
2011-01-23 16:00:00,77.95406
2011-01-23 17:00:00,56.22465
2011-01-23 18:00:00,53.871544
2011-01-23 19:00:00,51.4519
2011-01-23 20:00:00,36.183323
2011-01-23 21:00:00,44.50162
2011-01-23 22:00:00,43.840202
2011-01-23 23:00:00,39.778835
2011-01-24 00:00:00,72.67795
2011-01-24 01:00:00,42.574375
2011-01-24 03:00:00,46.494347
2011-01-24 04:00:00,62.0958
2011-01-24 05:00:00,62.0958
2011-01-24 06:00:00,68.506096
2011-01-24 07:00:00,62.36876
2011-01-24 08:00:00,60.46671
2011-01-24 09:00:00,129.57097
2011-01-24 10:00:00,114.65804
2011-01-24 11:00:00,31.400183
2011-01-24 12:00:00,87.263954
2011-01-24 13:00:00,44.506134
2011-01-24 14:00:00,43.601105
2011-01-24 15:00:00,112.13
2011-01-24 16:00:00,60.827656
2011-01-24 17:00:00,61.713783
2011-01-24 18:00:00,53.52463
2011-01-24 19:00:00,57.18765
2011-01-24 20:00:00,53.366394
2011-01-24 21:00:00,59.326797
2011-01-24 22:00:00,58.18456
2011-01-24 23:00:00,68.19018
2011-01-25 00:00:00,55.3127
2011-01-25 01:00:00,73.255806
2011-01-25 02:00:00,64.410034
2011-01-25 04:00:00,63.294735
2011-01-25 05:00:00,61.97634
2011-01-25 06:00:00,56.199234
2011-01-25 07:00:00,64.08717
2011-01-25 08:00:00,54.760647
2011-01-25 09:00:00,36.750546
2011-01-25 10:00:00,75.16901
2011-01-25 11:00:00,94.56389
2011-01-25 12:00:00,89.79597
2011-01-25 13:00:00,119.53881
2011-01-25 14:00:00,86.69304
2011-01-25 15:00:00,101.449844
2011-01-25 16:00:00,101.449844
2011-01-25 17:00:00,77.18003
2011-01-25 18:00:00,78.03261
2011-01-25 19:00:00,91.63067
2011-01-25 20:00:00,67.58692
2011-01-25 21:00:00,67.58692
2011-01-25 22:00:00,75.36986
2011-01-25 23:00:00,85.61289
2011-01-26 00:00:00,65.02705
2011-01-26 01:00:00,77.79863
2011-01-26 02:00:00,34.496666
2011-01-26 05:00:00,28.785372
2011-01-26 06:00:00,28.785372
2011-01-26 07:00:00,33.74253
2011-01-26 08:00:00,33.74253
2011-01-26 09:00:00,33.74253
2011-01-26 10:00:00,22.32852
2011-01-26 11:00:00,19.883955
2011-01-26 12:00:00,19.883955
2011-01-26 13:00:00,19.883955
2011-01-26 14:00:00,21.057632
2011-01-26 15:00:00,30.50699
2011-01-26 16:00:00,41.160645
2011-01-26 17:00:00,21.267519
2011-01-27 16:00:00,97.867645
2011-01-27 17:00:00,93.217575
2011-01-27 18:00:00,59.430714
2011-01-27 19:00:00,59.430714
2011-01-27 20:00:00,60.72363
2011-01-27 21:00:00,60.72363
2011-01-27 22:00:00,60.72363
2011-01-27 23:00:00,71.28126
2011-01-28 00:00:00,66.51707
2011-01-28 01:00:00,66.51707
2011-01-28 02:00:00,70.31676
2011-01-28 03:00:00,61.196438
2011-01-28 05:00:00,68.25725
2011-01-28 06:00:00,70.13813
2011-01-28 07:00:00,62.80984
2011-01-28 08:00:00,62.80984
2011-01-28 09:00:00,39.09287
2011-01-28 10:00:00,37.796497
2011-01-28 11:00:00,33.81665
2011-01-28 12:00:00,33.81665
2011-01-28 13:00:00,33.81665
2011-01-28 14:00:00,41.01813
2011-01-28 15:00:00,59.563046
2011-01-28 16:00:00,73.111275
2011-01-28 17:00:00,96.44592
2011-01-28 18:00:00,89.39539
2011-01-28 19:00:00,87.32631
2011-01-28 20:00:00,87.6181
2011-01-28 21:00:00,73.20626
2011-01-28 22:00:00,91.845345
2011-01-28 23:00:00,89.91283
2011-01-29 00:00:00,53.89787
2011-01-29 01:00:00,28.371143
2011-01-29 02:00:00,26.499361
2011-01-29 03:00:00,29.427097
2011-01-29 04:00:00,24.26856
2011-01-29 06:00:00,28.584974
2011-01-29 07:00:00,30.00039
2011-01-29 08:00:00,50.72383
2011-01-29 09:00:00,25.155975
2011-01-29 10:00:00,23.767584
2011-01-29 11:00:00,32.166466
2011-01-29 12:00:00,36.451683
2011-01-29 13:00:00,31.334291
2011-01-29 14:00:00,26.249395
2011-01-29 15:00:00,31.545639
2011-01-29 16:00:00,27.318674
2011-01-29 17:00:00,23.110067
2011-01-29 18:00:00,24.235899
2011-01-29 19:00:00,31.294699
2011-01-29 20:00:00,20.60829
2011-01-29 21:00:00,20.60829
2011-01-29 22:00:00,22.922106
2011-01-29 23:00:00,22.922106
2011-01-30 00:00:00,24.749336
2011-01-30 01:00:00,17.939287
2011-01-30 02:00:00,17.967484
2011-01-30 03:00:00,17.392876
2011-01-30 04:00:00,17.392876
2011-01-30 05:00:00,18.073477
2011-01-30 07:00:00,18.073477
2011-01-30 08:00:00,17.277086
2011-01-30 09:00:00,17.397682
2011-01-30 10:00:00,18.416573
2011-01-30 11:00:00,18.49052
2011-01-30 12:00:00,57.148132
2011-01-30 13:00:00,33.23808
2011-01-30 14:00:00,35.17862
2011-01-30 15:00:00,53.57155
2011-01-30 16:00:00,53.57155
2011-01-30 17:00:00,40.628136
2011-01-30 18:00:00,22.296236
2011-01-30 19:00:00,24.471977
2011-01-30 20:00:00,18.807854
2011-01-30 21:00:00,22.661419
2011-01-30 22:00:00,24.952806
2011-01-30 23:00:00,30.998083
2011-01-31 00:00:00,85.02693
2011-01-31 01:00:00,69.30399
2011-01-31 02:00:00,69.53519
2011-01-31 03:00:00,69.53519
2011-01-31 04:00:00,64.71463
2011-01-31 05:00:00,58.35553
2011-01-31 06:00:00,57.229385
2011-01-31 07:00:00,59.459213
2011-01-31 08:00:00,57.165493
2011-01-31 09:00:00,56.058475
2011-01-31 10:00:00,65.28159
2011-01-31 11:00:00,65.261
2011-01-31 12:00:00,61.797737
2011-01-31 13:00:00,59.13397
2011-01-31 14:00:00,61.078808
2011-01-31 15:00:00,59.00686
2011-01-31 16:00:00,71.18679
2011-01-31 17:00:00,65.261
2011-01-31 18:00:00,60.57199
2011-01-31 19:00:00,76.72653
2011-01-31 20:00:00,52.351845
2011-01-31 21:00:00,35.362038
2011-01-31 22:00:00,53.326176
2011-01-31 23:00:00,37.495632
2011-02-20 00:00:00,50.590103
2011-02-20 01:00:00,38.32377
2011-02-20 02:00:00,38.19628
2011-02-20 03:00:00,57.44557
2011-02-20 04:00:00,57.44557
2011-02-20 06:00:00,57.257046
2011-02-20 07:00:00,43.421555
2011-02-20 08:00:00,31.047123
2011-02-20 09:00:00,55.154408
2011-02-20 10:00:00,53.49056
2011-02-20 11:00:00,71.15093
2011-02-20 12:00:00,94.48068
2011-02-20 13:00:00,99.741974
2011-02-20 14:00:00,85.598724
2011-02-20 15:00:00,102.536865
2011-02-20 16:00:00,101.47072
2011-02-20 17:00:00,73.25039
2011-02-20 18:00:00,80.43587
2011-02-20 19:00:00,80.44265
2011-02-20 20:00:00,98.57119
2011-02-20 21:00:00,95.297646
2011-02-20 22:00:00,63.727657
2011-02-20 23:00:00,50.0347
2011-02-21 00:00:00,73.648285
2011-02-21 01:00:00,73.648285
2011-02-21 02:00:00,73.648285
2011-02-21 03:00:00,75.08606
2011-02-21 04:00:00,69.68573
2011-02-21 05:00:00,101.23481
2011-02-21 06:00:00,101.89049
2011-02-21 07:00:00,103.83136
2011-02-21 08:00:00,88.93872
2011-02-21 09:00:00,89.80424
2011-02-21 10:00:00,92.691986
2011-02-21 11:00:00,119.51119
2011-02-21 12:00:00,109.953
2011-02-21 13:00:00,29.651846
2011-02-21 14:00:00,130.24817
2011-02-21 15:00:00,48.373436
2011-02-21 16:00:00,33.778206
2011-02-21 17:00:00,44.78824
2011-02-21 18:00:00,39.90692
2011-02-21 19:00:00,39.90692
2011-02-21 20:00:00,32.20885
2011-02-21 21:00:00,33.66932
2011-02-21 22:00:00,30.07697
2011-02-21 23:00:00,30.07697
2011-02-22 06:00:00,105.01234
2011-02-22 07:00:00,105.01234
2011-02-22 08:00:00,106.07555
2011-02-22 09:00:00,98.12958
2011-02-22 10:00:00,68.10408
2011-02-22 11:00:00,64.71733
2011-02-22 12:00:00,88.73445
2011-02-22 13:00:00,135.67636
2011-02-22 14:00:00,119.61794
2011-02-22 15:00:00,59.79744
2011-02-22 16:00:00,94.490456
2011-02-22 17:00:00,71.409134
2011-02-22 18:00:00,68.576744
2011-02-22 19:00:00,54.215824
2011-02-22 20:00:00,50.59313
2011-02-22 21:00:00,52.489563
2011-02-22 22:00:00,48.909443
2011-02-22 23:00:00,48.909443
2011-02-23 00:00:00,57.286392
2011-02-23 01:00:00,62.13744
2011-02-23 02:00:00,58.50205
2011-02-23 03:00:00,62.50637
2011-02-23 05:00:00,56.862556
2011-02-23 06:00:00,56.820206
2011-02-23 07:00:00,68.153534
2011-02-23 08:00:00,83.550224
2011-02-23 09:00:00,57.42823
2011-02-23 10:00:00,64.72231
2011-02-23 11:00:00,66.95705
2011-02-23 12:00:00,78.81898
2011-02-23 13:00:00,105.57259
2011-02-23 14:00:00,102.82403
2011-02-23 15:00:00,103.01136
2011-02-23 16:00:00,100.01877
2011-02-23 17:00:00,103.012535
2011-02-23 18:00:00,124.32294
2011-02-23 19:00:00,104.54544
2011-02-23 20:00:00,97.712074
2011-02-23 21:00:00,61.282417
2011-02-23 22:00:00,61.282417
2011-02-23 23:00:00,99.8453
2011-02-24 00:00:00,103.909584
2011-02-24 01:00:00,103.36841
2011-02-24 02:00:00,56.85805
2011-02-24 03:00:00,65.633095
2011-02-24 05:00:00,68.755615
2011-02-24 06:00:00,66.04887
2011-02-24 07:00:00,66.401695
2011-02-24 08:00:00,65.308556
2011-02-24 09:00:00,99.36378
2011-02-24 10:00:00,97.689575
2011-02-24 11:00:00,87.51433
2011-02-24 12:00:00,83.328255
2011-02-24 13:00:00,90.81973
2011-02-24 14:00:00,85.546036
2011-02-24 15:00:00,87.78702
2011-02-24 16:00:00,91.12998
2011-02-24 17:00:00,95.37489
2011-02-24 18:00:00,82.48265
2011-02-24 19:00:00,70.07014
2011-02-24 20:00:00,87.52393
2011-02-24 21:00:00,82.48265
2011-02-24 22:00:00,69.17601
2011-02-24 23:00:00,95.55858
2011-02-25 00:00:00,134.24866
2011-02-25 01:00:00,87.28079
2011-02-25 02:00:00,87.28079
2011-02-25 03:00:00,83.78667
2011-02-25 05:00:00,83.61309
2011-02-25 06:00:00,59.489307
2011-02-25 07:00:00,49.70449
2011-02-25 08:00:00,63.931564
2011-02-25 09:00:00,79.05536
2011-02-25 10:00:00,35.408016
2011-02-25 11:00:00,90.42093
2011-02-25 12:00:00,130.80493
2011-02-25 13:00:00,130.80493
2011-02-25 14:00:00,142.62383
2011-02-25 15:00:00,168.44429
2011-02-25 16:00:00,59.559887
2011-02-25 17:00:00,62.70621
2011-02-25 18:00:00,58.498558
2011-02-25 19:00:00,68.895485
2011-02-25 20:00:00,67.19578
2011-02-25 21:00:00,86.4052
2011-02-25 22:00:00,85.40776
2011-02-25 23:00:00,90.03699
2011-02-26 00:00:00,40.10845
2011-02-26 01:00:00,52.107304
2011-02-26 02:00:00,34.40628
2011-02-26 03:00:00,30.515955
2011-02-26 04:00:00,21.874638
2011-02-26 05:00:00,23.874992
2011-02-26 06:00:00,23.11118
2011-02-26 07:00:00,24.844652
2011-02-26 08:00:00,28.129183
2011-02-26 09:00:00,31.872889
2011-02-26 10:00:00,59.87584
2011-02-26 11:00:00,72.373535
2011-02-26 12:00:00,70.016685
2011-02-26 13:00:00,57.500202
2011-02-26 14:00:00,55.768158
2011-02-26 15:00:00,69.06778
2011-02-26 16:00:00,64.692696
2011-02-26 17:00:00,77.88081
2011-02-26 18:00:00,60.847157
2011-02-26 19:00:00,55.595993
2011-02-26 20:00:00,56.308823
2011-02-26 21:00:00,38.943554
2011-02-26 22:00:00,36.37309
2011-02-26 23:00:00,37.852985
2011-02-27 00:00:00,26.010422
2011-02-27 01:00:00,25.293581
2011-02-27 02:00:00,26.077938
2011-02-27 03:00:00,27.40732
2011-02-27 04:00:00,20.850557
2011-02-27 06:00:00,22.166807
2011-02-27 07:00:00,20.850557
2011-02-27 08:00:00,38.979027
2011-02-27 09:00:00,37.31865
2011-02-27 10:00:00,37.69426
2011-02-27 11:00:00,71.94968
2011-02-27 12:00:00,96.40374
2011-02-27 13:00:00,105.587494
2011-02-27 14:00:00,180.63876
2011-02-27 15:00:00,180.33226
2011-02-27 16:00:00,177.56429
2011-02-27 17:00:00,89.365944
2011-02-27 18:00:00,64.41542
2011-02-27 19:00:00,84.970764
2011-02-27 20:00:00,96.40374
2011-02-27 21:00:00,52.98138
2011-02-27 22:00:00,76.034294
2011-02-27 23:00:00,74.97342
2011-02-28 00:00:00,139.25874
2011-02-28 01:00:00,91.402664
2011-02-28 03:00:00,92.02273
2011-02-28 05:00:00,124.73241
2011-02-28 06:00:00,57.689903
2011-02-28 07:00:00,82.42302
2011-02-28 08:00:00,89.845726
2011-02-28 09:00:00,102.67887
2011-02-28 10:00:00,112.16167
2011-02-28 11:00:00,109.815506
2011-02-28 12:00:00,109.815506
2011-02-28 13:00:00,33.055412
2011-02-28 14:00:00,32.9832
2011-02-28 15:00:00,32.9832
2011-02-28 16:00:00,46.367302
2011-02-28 17:00:00,33.118107
2011-02-28 18:00:00,33.519913
2011-02-28 19:00:00,98.948326
2011-02-28 20:00:00,98.948326
2011-02-28 21:00:00,89.467575
2011-02-28 22:00:00,90.333244
2011-02-28 23:00:00,105.523285
2011-03-20 00:00:00,55.8146
2011-03-20 01:00:00,55.526215
2011-03-20 02:00:00,57.00373
2011-03-20 03:00:00,46.79277
2011-03-20 04:00:00,38.172096
2011-03-20 05:00:00,30.472319
2011-03-20 06:00:00,30.073439
2011-03-20 07:00:00,31.720692
2011-03-20 08:00:00,45.90257
2011-03-20 09:00:00,58.69868
2011-03-20 10:00:00,80.44858
2011-03-20 11:00:00,99.55474
2011-03-20 12:00:00,104.84798
2011-03-20 13:00:00,99.05503
2011-03-20 14:00:00,133.2839
2011-03-20 15:00:00,137.12668
2011-03-20 16:00:00,125.85171
2011-03-20 17:00:00,87.90367
2011-03-20 18:00:00,68.640564
2011-03-20 19:00:00,75.35763
2011-03-20 20:00:00,62.77238
2011-03-20 21:00:00,55.25883
2011-03-20 22:00:00,54.397213
2011-03-20 23:00:00,54.326164
2011-03-21 00:00:00,87.786095
2011-03-21 01:00:00,107.28167
2011-03-21 02:00:00,105.617325
2011-03-21 03:00:00,105.617325
2011-03-21 05:00:00,75.83669
2011-03-21 06:00:00,126.92751
2011-03-21 07:00:00,62.99003
2011-03-21 08:00:00,95.7562
2011-03-21 09:00:00,104.72633
2011-03-21 10:00:00,130.4387
2011-03-21 11:00:00,127.29878
2011-03-21 12:00:00,124.98006
2011-03-21 13:00:00,177.03473
2011-03-21 14:00:00,133.99416
2011-03-21 15:00:00,144.01913
2011-03-21 16:00:00,134.41692
2011-03-21 17:00:00,142.91272
2011-03-21 18:00:00,141.49657
2011-03-21 19:00:00,141.4974
2011-03-21 20:00:00,101.45627
2011-03-21 21:00:00,39.889103
2011-03-21 22:00:00,79.59557
2011-03-21 23:00:00,79.8831
2011-03-22 00:00:00,76.87452
2011-03-22 01:00:00,70.320724
2011-03-22 02:00:00,58.6074
2011-03-22 03:00:00,90.46372
2011-03-22 04:00:00,110.15193
2011-03-22 05:00:00,103.95082
2011-03-22 06:00:00,105.16865
2011-03-22 07:00:00,121.700066
2011-03-22 08:00:00,89.53892
2011-03-22 09:00:00,86.34242
2011-03-22 10:00:00,163.38762
2011-03-22 11:00:00,132.54984
2011-03-22 12:00:00,145.80482
2011-03-22 13:00:00,152.86143
2011-03-22 14:00:00,153.80132
2011-03-22 15:00:00,157.3598
2011-03-22 16:00:00,149.03868
2011-03-22 17:00:00,149.03868
2011-03-22 18:00:00,132.02324
2011-03-22 19:00:00,162.69496
2011-03-22 20:00:00,161.55893
2011-03-22 21:00:00,94.90037
2011-03-22 22:00:00,97.04741
2011-03-22 23:00:00,97.04741
2011-03-23 00:00:00,102.58402
2011-03-23 01:00:00,95.74405
2011-03-23 02:00:00,95.634224
2011-03-23 03:00:00,112.836395
2011-03-23 05:00:00,78.09856
2011-03-23 06:00:00,82.215805
2011-03-23 07:00:00,99.70664
2011-03-23 08:00:00,74.19752
2011-03-23 09:00:00,104.31648
2011-03-23 10:00:00,102.469086
2011-03-23 11:00:00,81.91477
2011-03-23 12:00:00,79.09907
2011-03-23 13:00:00,93.445114
2011-03-23 14:00:00,91.3845
2011-03-23 15:00:00,99.02249
2011-03-23 16:00:00,120.132576
2011-03-23 17:00:00,120.132576
2011-03-23 18:00:00,94.11691
2011-03-23 19:00:00,94.11691
2011-03-23 20:00:00,88.9152
2011-03-23 21:00:00,53.64782
2011-03-23 22:00:00,111.90302
2011-03-23 23:00:00,133.80394
2011-03-24 00:00:00,104.109215
2011-03-24 01:00:00,80.39644
2011-03-24 02:00:00,74.983734
2011-03-24 03:00:00,68.63876
2011-03-24 04:00:00,68.485695
2011-03-24 05:00:00,56.983578
2011-03-24 06:00:00,56.983578
2011-03-24 07:00:00,23.155579
2011-03-24 08:00:00,24.358612
2011-03-24 09:00:00,63.868378
2011-03-24 10:00:00,64.3537
2011-03-24 11:00:00,91.12656
2011-03-24 12:00:00,112.46794
2011-03-24 13:00:00,102.118546
2011-03-24 14:00:00,111.442894
2011-03-24 15:00:00,116.34785
2011-03-24 16:00:00,108.08521
2011-03-24 17:00:00,113.36058
2011-03-24 18:00:00,109.90789
2011-03-24 19:00:00,105.452385
2011-03-24 20:00:00,109.50499
2011-03-24 21:00:00,93.34815
2011-03-24 22:00:00,102.11493
2011-03-24 23:00:00,81.84284
2011-03-25 00:00:00,102.73365
2011-03-25 01:00:00,105.48071
2011-03-25 02:00:00,107.23614
2011-03-25 03:00:00,86.78391
2011-03-25 04:00:00,114.697945
2011-03-25 05:00:00,122.37136
2011-03-25 06:00:00,124.85783
2011-03-25 07:00:00,114.43524
2011-03-25 08:00:00,92.047966
2011-03-25 09:00:00,93.20847
2011-03-25 10:00:00,81.10975
2011-03-25 11:00:00,91.38485
2011-03-25 12:00:00,92.740585
2011-03-25 13:00:00,98.35212
2011-03-25 14:00:00,94.17025
2011-03-25 15:00:00,100.31488
2011-03-25 16:00:00,91.39948
2011-03-25 17:00:00,92.85274
2011-03-25 18:00:00,105.18048
2011-03-25 19:00:00,111.08665
2011-03-25 20:00:00,108.87923
2011-03-25 21:00:00,108.72705
2011-03-25 22:00:00,105.056885
2011-03-25 23:00:00,100.6651
2011-03-26 00:00:00,75.63197
2011-03-26 01:00:00,79.770676
2011-03-26 02:00:00,54.883675
2011-03-26 03:00:00,51.833523
2011-03-26 04:00:00,54.883675
2011-03-26 05:00:00,39.096172
2011-03-26 06:00:00,34.829155
2011-03-26 07:00:00,39.096172
2011-03-26 08:00:00,51.691338
2011-03-26 09:00:00,59.35407
2011-03-26 10:00:00,66.47802
2011-03-26 11:00:00,70.70852
2011-03-26 12:00:00,78.71656
2011-03-26 13:00:00,95.84922
2011-03-26 14:00:00,102.68168
2011-03-26 15:00:00,102.47499
2011-03-26 16:00:00,104.02752
2011-03-26 17:00:00,106.97464
2011-03-26 18:00:00,106.54947
2011-03-26 19:00:00,57.194557
2011-03-26 20:00:00,57.194557
2011-03-26 21:00:00,56.74129
2011-03-26 22:00:00,65.40631
2011-03-26 23:00:00,53.63859
2011-03-27 00:00:00,70.82717
2011-03-27 01:00:00,33.11694
2011-03-27 02:00:00,28.70207
2011-03-27 03:00:00,21.8109
2011-03-27 04:00:00,20.426567
2011-03-27 06:00:00,23.631256
2011-03-27 07:00:00,23.171421
2011-03-27 08:00:00,24.190199
2011-03-27 09:00:00,30.601479
2011-03-27 10:00:00,31.202578
2011-03-27 11:00:00,51.541283
2011-03-27 12:00:00,55.88336
2011-03-27 13:00:00,76.95812
2011-03-27 14:00:00,83.71353
2011-03-27 15:00:00,82.55811
2011-03-27 16:00:00,95.68075
2011-03-27 17:00:00,105.80357
2011-03-27 18:00:00,81.603065
2011-03-27 19:00:00,96.937515
2011-03-27 20:00:00,69.56881
2011-03-27 21:00:00,65.77217
2011-03-27 22:00:00,65.77217
2011-03-27 23:00:00,54.55785
2011-03-28 00:00:00,132.01836
2011-03-28 01:00:00,77.52596
2011-03-28 02:00:00,74.62149
2011-03-28 03:00:00,74.62149
2011-03-28 05:00:00,65.03482
2011-03-28 06:00:00,118.4302
2011-03-28 07:00:00,124.22649
2011-03-28 08:00:00,94.26932
2011-03-28 09:00:00,88.24607
2011-03-28 10:00:00,93.06018
2011-03-28 11:00:00,98.94515
2011-03-28 12:00:00,109.506935
2011-03-28 13:00:00,122.03253
2011-03-28 14:00:00,142.54604
2011-03-28 15:00:00,126.98466
2011-03-28 16:00:00,134.05852
2011-03-28 17:00:00,126.62564
2011-03-28 18:00:00,128.23387
2011-03-28 19:00:00,174.69742
2011-03-28 20:00:00,145.4175
2011-03-28 21:00:00,140.02069
2011-03-28 22:00:00,138.27225
2011-03-28 23:00:00,108.57762
2011-03-29 00:00:00,105.83687
2011-03-29 01:00:00,103.37445
2011-03-29 02:00:00,103.37445
2011-03-29 03:00:00,103.37445
2011-03-29 04:00:00,65.136536
2011-03-29 05:00:00,92.03446
2011-03-29 06:00:00,92.138336
2011-03-29 07:00:00,107.508316
2011-03-29 08:00:00,113.12837
2011-03-29 09:00:00,99.80351
2011-03-29 10:00:00,105.53632
2011-03-29 11:00:00,118.69937
2011-03-29 12:00:00,132.42975
2011-03-29 13:00:00,106.92592
2011-03-29 14:00:00,130.65865
2011-03-29 15:00:00,132.33026
2011-03-29 16:00:00,141.90814
2011-03-29 17:00:00,145.45154
2011-03-29 18:00:00,154.38495
2011-03-29 19:00:00,134.76282
2011-03-29 20:00:00,154.38495
2011-03-29 21:00:00,98.44884
2011-03-29 22:00:00,81.119865
2011-03-29 23:00:00,112.81552
2011-03-30 00:00:00,112.62803
2011-03-30 01:00:00,97.63664
2011-03-30 02:00:00,112.62803
2011-03-30 03:00:00,100.15997
2011-03-30 04:00:00,112.62803
2011-03-30 05:00:00,126.65359
2011-03-30 06:00:00,105.155876
2011-03-30 07:00:00,100.32985
2011-03-30 08:00:00,87.96883
2011-03-30 09:00:00,85.78537
2011-03-30 10:00:00,82.11576
2011-03-30 11:00:00,80.67605
2011-03-30 12:00:00,88.99163
2011-03-30 13:00:00,85.61877
2011-03-30 14:00:00,82.36988
2011-03-30 15:00:00,53.27116
2011-03-30 16:00:00,54.31992
2011-03-30 17:00:00,34.15212
2011-03-30 18:00:00,63.74597
2011-03-30 19:00:00,63.74597
2011-03-30 20:00:00,54.963173
2011-03-30 21:00:00,60.58214
2011-03-30 22:00:00,34.048286
2011-03-30 23:00:00,53.97403
2011-03-31 00:00:00,30.877605
2011-03-31 01:00:00,32.86716
2011-03-31 02:00:00,32.86716
2011-03-31 03:00:00,30.877605
2011-03-31 04:00:00,30.246824
2011-03-31 05:00:00,30.877605
2011-03-31 06:00:00,55.02987
2011-03-31 07:00:00,30.246824
2011-03-31 08:00:00,68.577446
2011-03-31 09:00:00,31.395521
2011-03-31 10:00:00,31.395521
2011-03-31 11:00:00,32.240192
2011-03-31 12:00:00,32.240192
2011-03-31 13:00:00,64.21464
2011-03-31 14:00:00,64.21464
2011-03-31 15:00:00,48.801083
2011-03-31 16:00:00,99.50014
2011-03-31 17:00:00,99.50014
2011-03-31 18:00:00,83.563545
2011-03-31 19:00:00,83.563545
2011-03-31 20:00:00,27.794144
2011-03-31 21:00:00,55.117264
2011-03-31 22:00:00,29.974005
2011-03-31 23:00:00,24.253933
2011-04-20 00:00:00,43.896046
2011-04-20 01:00:00,33.301445
2011-04-20 02:00:00,33.301445
2011-04-20 03:00:00,30.410011
2011-04-20 04:00:00,34.586914
2011-04-20 05:00:00,35.141167
2011-04-20 06:00:00,33.27262
2011-04-20 07:00:00,28.515125
2011-04-20 08:00:00,258.89816
2011-04-20 09:00:00,246.56758
2011-04-20 10:00:00,297.9472
2011-04-20 11:00:00,297.9472
2011-04-20 12:00:00,310.8069
2011-04-20 13:00:00,310.8069
2011-04-20 14:00:00,270.80124
2011-04-20 15:00:00,223.18274
2011-04-20 16:00:00,223.18274
2011-04-20 17:00:00,231.2387
2011-04-20 18:00:00,268.34293
2011-04-20 19:00:00,280.08197
2011-04-20 20:00:00,278.38467
2011-04-20 21:00:00,290.9709
2011-04-20 22:00:00,233.80682
2011-04-20 23:00:00,241.35266
2011-04-21 00:00:00,239.21
2011-04-21 01:00:00,198.1373
2011-04-21 02:00:00,202.28384
2011-04-21 03:00:00,178.82324
2011-04-21 04:00:00,168.2941
2011-04-21 05:00:00,172.66284
2011-04-21 06:00:00,166.75098
2011-04-21 07:00:00,167.94395
2011-04-21 08:00:00,185.42154
2011-04-21 09:00:00,174.97618
2011-04-21 10:00:00,212.33923
2011-04-21 11:00:00,185.05588
2011-04-21 12:00:00,180.0861
2011-04-21 13:00:00,236.26479
2011-04-21 14:00:00,234.57425
2011-04-21 15:00:00,248.47585
2011-04-21 16:00:00,267.8739
2011-04-21 17:00:00,247.7118
2011-04-21 18:00:00,279.22665
2011-04-21 19:00:00,247.58238
2011-04-21 20:00:00,241.48798
2011-04-21 21:00:00,107.22271
2011-04-21 22:00:00,179.91687
2011-04-21 23:00:00,197.69421
2011-04-22 00:00:00,59.97923
2011-04-22 01:00:00,130.21843
2011-04-22 02:00:00,130.05988
2011-04-22 03:00:00,130.05988
2011-04-22 04:00:00,110.570694
2011-04-22 05:00:00,104.26301
2011-04-22 06:00:00,110.570694
2011-04-22 07:00:00,132.48343
2011-04-22 08:00:00,132.84024
2011-04-22 09:00:00,133.32501
2011-04-22 10:00:00,111.45834
2011-04-22 11:00:00,108.1905
2011-04-22 12:00:00,67.11678
2011-04-22 13:00:00,54.117332
2011-04-22 14:00:00,51.989788
2011-04-22 15:00:00,54.117332
2011-04-22 16:00:00,60.663506
2011-04-22 17:00:00,62.402454
2011-04-22 18:00:00,62.402454
2011-04-22 19:00:00,62.240826
2011-04-22 20:00:00,54.04192
2011-04-22 21:00:00,53.857594
2011-04-22 22:00:00,88.84199
2011-04-22 23:00:00,67.46488
2011-04-23 00:00:00,83.68724
2011-04-23 01:00:00,83.68724
2011-04-23 02:00:00,67.525894
2011-04-23 03:00:00,60.594334
2011-04-23 04:00:00,49.464222
2011-04-23 05:00:00,49.464222
2011-04-23 06:00:00,52.67298
2011-04-23 07:00:00,54.578426
2011-04-23 08:00:00,54.28263
2011-04-23 09:00:00,52.27106
2011-04-23 10:00:00,47.31389
2011-04-23 11:00:00,46.450607
2011-04-23 12:00:00,138.24637
2011-04-23 13:00:00,137.8029
2011-04-23 14:00:00,174.12576
2011-04-23 15:00:00,232.11316
2011-04-23 16:00:00,234.01985
2011-04-23 17:00:00,234.16406
2011-04-23 18:00:00,182.15312
2011-04-23 19:00:00,169.86975
2011-04-23 20:00:00,169.11429
2011-04-23 21:00:00,157.16331
2011-04-23 22:00:00,159.82219
2011-04-23 23:00:00,159.19104
2011-04-24 00:00:00,146.24852
2011-04-24 01:00:00,95.56239
2011-04-24 02:00:00,95.56239
2011-04-24 03:00:00,48.079712
2011-04-24 04:00:00,48.079712
2011-04-24 05:00:00,48.079712
2011-04-24 06:00:00,53.49503
2011-04-24 07:00:00,53.49503
2011-04-24 08:00:00,65.6449
2011-04-24 09:00:00,146.41147
2011-04-24 10:00:00,207.95924
2011-04-24 11:00:00,347.83423
2011-04-24 12:00:00,344.58176
2011-04-24 13:00:00,331.74738
2011-04-24 14:00:00,314.6321
2011-04-24 15:00:00,306.5035
2011-04-24 16:00:00,371.43124
2011-04-24 17:00:00,339.46414
2011-04-24 18:00:00,344.46713
2011-04-24 19:00:00,173.8154
2011-04-24 20:00:00,173.80089
2011-04-24 21:00:00,131.25998
2011-04-24 22:00:00,133.81737
2011-04-24 23:00:00,123.08924
2011-04-25 00:00:00,111.49447
2011-04-25 01:00:00,87.51094
2011-04-25 02:00:00,87.51094
2011-04-25 03:00:00,55.932213
2011-04-25 04:00:00,100.69765
2011-04-25 05:00:00,49.73617
2011-04-25 06:00:00,76.01178
2011-04-25 07:00:00,103.284195
2011-04-25 08:00:00,99.562874
2011-04-25 09:00:00,179.34717
2011-04-25 10:00:00,242.89032
2011-04-25 11:00:00,242.89032
2011-04-25 12:00:00,286.65704
2011-04-25 13:00:00,300.0063
2011-04-25 14:00:00,267.7572
2011-04-25 15:00:00,241.70177
2011-04-25 16:00:00,315.7936
2011-04-25 17:00:00,323.7116
2011-04-25 18:00:00,254.34793
2011-04-25 19:00:00,245.92287
2011-04-25 20:00:00,241.35165
2011-04-25 21:00:00,252.42934
2011-04-25 22:00:00,221.21152
2011-04-25 23:00:00,181.35292
2011-04-26 00:00:00,274.78055
2011-04-26 01:00:00,222.89995
2011-04-26 02:00:00,141.20285
2011-04-26 03:00:00,158.55484
2011-04-26 04:00:00,129.98453
2011-04-26 05:00:00,123.00818
2011-04-26 06:00:00,106.93759
2011-04-26 07:00:00,147.10721
2011-04-26 08:00:00,147.10721
2011-04-26 09:00:00,251.92908
2011-04-26 10:00:00,278.01376
2011-04-26 11:00:00,305.14594
2011-04-26 12:00:00,268.35315
2011-04-26 13:00:00,262.38358
2011-04-26 14:00:00,278.39322
2011-04-26 15:00:00,268.83994
2011-04-26 16:00:00,283.95557
2011-04-26 17:00:00,279.1526
2011-04-26 18:00:00,291.2662
2011-04-26 19:00:00,269.55463
2011-04-26 20:00:00,251.6865
2011-04-26 21:00:00,195.46317
2011-04-26 22:00:00,183.10805
2011-04-26 23:00:00,165.21457
2011-04-27 00:00:00,168.68903
2011-04-27 01:00:00,159.82985
2011-04-27 02:00:00,119.05626
2011-04-27 03:00:00,172.34045
2011-04-27 04:00:00,97.35862
2011-04-27 05:00:00,133.19522
2011-04-27 06:00:00,96.67511
2011-04-27 07:00:00,172.34045
2011-04-27 08:00:00,163.79163
2011-04-27 09:00:00,177.94255
2011-04-27 10:00:00,157.49458
2011-04-27 11:00:00,192.35089
2011-04-27 12:00:00,250.67612
2011-04-27 13:00:00,213.38312
2011-04-27 14:00:00,322.87097
2011-04-27 15:00:00,293.4984
2011-04-27 16:00:00,285.35898
2011-04-27 17:00:00,233.86012
2011-04-27 18:00:00,233.84776
2011-04-27 19:00:00,220.06252
2011-04-27 20:00:00,200.29376
2011-04-27 21:00:00,172.15411
2011-04-27 22:00:00,177.85709
2011-04-27 23:00:00,174.84932
2011-04-28 00:00:00,205.03856
2011-04-28 01:00:00,146.60713
2011-04-28 02:00:00,152.54442
2011-04-28 03:00:00,176.02217
2011-04-28 04:00:00,146.81317
2011-04-28 05:00:00,146.60713
2011-04-28 06:00:00,171.97441
2011-04-28 07:00:00,175.13705
2011-04-28 08:00:00,223.29936
2011-04-28 09:00:00,185.29778
2011-04-28 10:00:00,167.92105
2011-04-28 11:00:00,157.60225
2011-04-28 12:00:00,182.84921
2011-04-28 13:00:00,153.48972
2011-04-28 14:00:00,188.60895
2011-04-28 15:00:00,297.87747
2011-04-28 16:00:00,206.98824
2011-04-28 17:00:00,315.474
2011-04-28 18:00:00,315.474
2011-04-28 19:00:00,283.00607
2011-04-28 20:00:00,305.29733
2011-04-28 21:00:00,274.0963
2011-04-28 22:00:00,217.81776
2011-04-28 23:00:00,199.33856
2011-04-29 00:00:00,198.40402
2011-04-29 01:00:00,171.54192
2011-04-29 02:00:00,125.27882
2011-04-29 03:00:00,91.86994
2011-04-29 04:00:00,137.86525
2011-04-29 05:00:00,125.05042
2011-04-29 06:00:00,171.84528
2011-04-29 07:00:00,195.05219
2011-04-29 08:00:00,227.6336
2011-04-29 09:00:00,213.41312
2011-04-29 10:00:00,231.96759
2011-04-29 11:00:00,260.1126
2011-04-29 12:00:00,230.12997
2011-04-29 13:00:00,226.22606
2011-04-29 14:00:00,266.24454
2011-04-29 15:00:00,224.87982
2011-04-29 16:00:00,224.0429
2011-04-29 17:00:00,213.17697
2011-04-29 18:00:00,205.71428
2011-04-29 19:00:00,169.09044
2011-04-29 20:00:00,148.65733
2011-04-29 21:00:00,121.724785
2011-04-29 22:00:00,96.564224
2011-04-29 23:00:00,132.99843
2011-04-30 00:00:00,152.7959
2011-04-30 01:00:00,140.28438
2011-04-30 02:00:00,142.28545
2011-04-30 03:00:00,128.45746
2011-04-30 04:00:00,135.28958
2011-04-30 05:00:00,150.62396
2011-04-30 06:00:00,124.90814
2011-04-30 07:00:00,136.54169
2011-04-30 08:00:00,135.96552
2011-04-30 09:00:00,151.92728
2011-04-30 10:00:00,225.7376
2011-04-30 11:00:00,233.26987
2011-04-30 12:00:00,242.23346
2011-04-30 13:00:00,264.92715
2011-04-30 14:00:00,230.7807
2011-04-30 15:00:00,235.30759
2011-04-30 16:00:00,310.08228
2011-04-30 17:00:00,245.45316
2011-04-30 18:00:00,230.63753
2011-04-30 19:00:00,230.63753
2011-04-30 20:00:00,99.00061
2011-04-30 21:00:00,99.00061
2011-04-30 22:00:00,88.82962
2011-04-30 23:00:00,88.94056
2011-05-20 00:00:00,73.64744
2011-05-20 01:00:00,115.224075
2011-05-20 02:00:00,104.38752
2011-05-20 03:00:00,122.372314
2011-05-20 04:00:00,82.632996
2011-05-20 05:00:00,71.577126
2011-05-20 06:00:00,148.62427
2011-05-20 07:00:00,215.11823
2011-05-20 08:00:00,242.92831
2011-05-20 09:00:00,237.7365
2011-05-20 10:00:00,306.92413
2011-05-20 11:00:00,305.95435
2011-05-20 12:00:00,311.56674
2011-05-20 13:00:00,334.45447
2011-05-20 14:00:00,283.57208
2011-05-20 15:00:00,314.0171
2011-05-20 16:00:00,284.0341
2011-05-20 17:00:00,283.14175
2011-05-20 18:00:00,312.21585
2011-05-20 19:00:00,296.56223
2011-05-20 20:00:00,290.8963
2011-05-20 21:00:00,296.52606
2011-05-20 22:00:00,201.551
2011-05-20 23:00:00,235.35335
2011-05-21 00:00:00,188.25961
2011-05-21 01:00:00,180.11705
2011-05-21 02:00:00,200.0016
2011-05-21 03:00:00,143.44388
2011-05-21 04:00:00,114.78194
2011-05-21 05:00:00,103.32226
2011-05-21 06:00:00,140.65219
2011-05-21 07:00:00,237.24039
2011-05-21 08:00:00,303.62936
2011-05-21 09:00:00,358.81082
2011-05-21 10:00:00,374.42148
2011-05-21 11:00:00,291.68552
2011-05-21 12:00:00,318.7654
2011-05-21 13:00:00,345.5132
2011-05-21 14:00:00,391.10956
2011-05-21 15:00:00,411.23035
2011-05-21 16:00:00,375.26273
2011-05-21 17:00:00,363.8596
2011-05-21 18:00:00,333.233
2011-05-21 19:00:00,342.67932
2011-05-21 20:00:00,363.79837
2011-05-21 21:00:00,374.42148
2011-05-21 22:00:00,377.12592
2011-05-21 23:00:00,240.34312
2011-05-22 00:00:00,148.51866
2011-05-22 01:00:00,67.53339
2011-05-22 02:00:00,59.99254
2011-05-22 03:00:00,71.712616
2011-05-22 04:00:00,86.25623
2011-05-22 05:00:00,71.712616
2011-05-22 06:00:00,59.99254
2011-05-22 07:00:00,136.15617
2011-05-22 08:00:00,255.34123
2011-05-22 09:00:00,392.45932
2011-05-22 10:00:00,385.00626
2011-05-22 11:00:00,363.61237
2011-05-22 12:00:00,370.54108
2011-05-22 13:00:00,294.24503
2011-05-22 14:00:00,364.94238
2011-05-22 15:00:00,345.29654
2011-05-22 16:00:00,380.08588
2011-05-22 17:00:00,402.2571
2011-05-22 18:00:00,375.55353
2011-05-22 19:00:00,372.69205
2011-05-22 20:00:00,377.40555
2011-05-22 21:00:00,290.5067
2011-05-22 22:00:00,214.9432
2011-05-22 23:00:00,202.74295
2011-05-23 00:00:00,192.63588
2011-05-23 01:00:00,131.68272
2011-05-23 02:00:00,194.00092
2011-05-23 03:00:00,106.02439
2011-05-23 04:00:00,137.93939
2011-05-23 05:00:00,137.99057
2011-05-23 06:00:00,160.22403
2011-05-23 07:00:00,94.8305
2011-05-23 08:00:00,182.69916
2011-05-23 09:00:00,199.73843
2011-05-23 10:00:00,331.19406
2011-05-23 11:00:00,339.75494
2011-05-23 12:00:00,339.75494
2011-05-23 13:00:00,252.93445
2011-05-23 14:00:00,321.26807
2011-05-23 15:00:00,301.5667
2011-05-23 16:00:00,289.3353
2011-05-23 17:00:00,301.31757
2011-05-23 18:00:00,327.25732
2011-05-23 19:00:00,344.449
2011-05-23 20:00:00,254.6723
2011-05-23 21:00:00,195.55841
2011-05-23 22:00:00,65.4119
2011-05-23 23:00:00,195.00652
2011-05-24 00:00:00,89.38821
2011-05-24 01:00:00,90.58219
2011-05-24 02:00:00,89.32056
2011-05-24 03:00:00,85.19004
2011-05-24 04:00:00,147.24974
2011-05-24 05:00:00,96.49157
2011-05-24 06:00:00,78.81995
2011-05-24 07:00:00,257.16953
2011-05-24 08:00:00,241.11365
2011-05-24 09:00:00,296.2275
2011-05-24 10:00:00,328.6779
2011-05-24 11:00:00,234.96928
2011-05-24 12:00:00,253.65205
2011-05-24 13:00:00,260.7877
2011-05-24 14:00:00,255.81381
2011-05-24 15:00:00,276.67413
2011-05-24 16:00:00,349.25623
2011-05-24 17:00:00,309.26764
2011-05-24 18:00:00,350.49472
2011-05-24 19:00:00,341.28677
2011-05-24 20:00:00,336.72263
2011-05-24 21:00:00,259.32776
2011-05-24 22:00:00,185.22435
2011-05-24 23:00:00,292.1175
2011-05-25 00:00:00,204.04234
2011-05-25 01:00:00,207.18738
2011-05-25 02:00:00,124.59283
2011-05-25 03:00:00,71.76458
2011-05-25 04:00:00,72.064224
2011-05-25 05:00:00,168.22638
2011-05-25 06:00:00,53.55853
2011-05-25 07:00:00,285.47275
2011-05-25 08:00:00,353.32556
2011-05-25 09:00:00,343.70776
2011-05-25 10:00:00,302.89462
2011-05-25 11:00:00,209.30656
2011-05-25 12:00:00,270.5316
2011-05-25 13:00:00,270.5316
2011-05-25 14:00:00,290.56964
2011-05-25 15:00:00,250.47716
2011-05-25 16:00:00,269.19098
2011-05-25 17:00:00,226.9405
2011-05-25 18:00:00,297.39362
2011-05-25 19:00:00,326.417
2011-05-25 20:00:00,328.90042
2011-05-25 21:00:00,354.4397
2011-05-25 22:00:00,364.34668
2011-05-25 23:00:00,306.58398
2011-05-26 00:00:00,310.61127
2011-05-26 01:00:00,310.2035
2011-05-26 02:00:00,213.31262
2011-05-26 03:00:00,160.11156
2011-05-26 04:00:00,173.64171
2011-05-26 05:00:00,193.3599
2011-05-26 06:00:00,144.2777
2011-05-26 07:00:00,79.96238
2011-05-26 08:00:00,254.42813
2011-05-26 09:00:00,358.16324
2011-05-26 10:00:00,363.1471
2011-05-26 11:00:00,294.15735
2011-05-26 12:00:00,330.46033
2011-05-26 13:00:00,273.48108
2011-05-26 14:00:00,273.48108
2011-05-26 15:00:00,255.06204
2011-05-26 16:00:00,284.97455
2011-05-26 17:00:00,284.8169
2011-05-26 18:00:00,281.1071
2011-05-26 19:00:00,274.35495
2011-05-26 20:00:00,386.84973
2011-05-26 21:00:00,321.6819
2011-05-26 22:00:00,374.35837
2011-05-26 23:00:00,363.94208
2011-05-27 00:00:00,368.1614
2011-05-27 01:00:00,383.44366
2011-05-27 02:00:00,344.68643
2011-05-27 03:00:00,324.00006
2011-05-27 04:00:00,344.86874
2011-05-27 05:00:00,352.91513
2011-05-27 06:00:00,320.3723
2011-05-27 07:00:00,306.83752
2011-05-27 08:00:00,340.68457
2011-05-27 09:00:00,373.78363
2011-05-27 10:00:00,280.13898
2011-05-27 11:00:00,247.5849
2011-05-27 12:00:00,240.80621
2011-05-27 13:00:00,335.2343
2011-05-27 14:00:00,287.66882
2011-05-27 15:00:00,317.1976
2011-05-27 16:00:00,238.98141
2011-05-27 17:00:00,323.3262
2011-05-27 18:00:00,320.20883
2011-05-27 19:00:00,208.3759
2011-05-27 20:00:00,229.72678
2011-05-27 21:00:00,204.72185
2011-05-27 22:00:00,210.37965
2011-05-27 23:00:00,173.61096
2011-05-28 00:00:00,139.51114
2011-05-28 01:00:00,168.2113
2011-05-28 02:00:00,54.903423
2011-05-28 03:00:00,168.16362
2011-05-28 04:00:00,178.72565
2011-05-28 05:00:00,168.16362
2011-05-28 06:00:00,196.74654
2011-05-28 07:00:00,201.1609
2011-05-28 08:00:00,232.63055
2011-05-28 09:00:00,375.03473
2011-05-28 10:00:00,387.1174
2011-05-28 11:00:00,387.1174
2011-05-28 12:00:00,394.81235
2011-05-28 13:00:00,400.89737
2011-05-28 14:00:00,314.24265
2011-05-28 15:00:00,417.50476
2011-05-28 16:00:00,411.79617
2011-05-28 17:00:00,412.3524
2011-05-28 18:00:00,403.39948
2011-05-28 19:00:00,385.1673
2011-05-28 20:00:00,387.09995
2011-05-28 21:00:00,389.11993
2011-05-28 22:00:00,331.03445
2011-05-28 23:00:00,234.73282
2011-05-29 00:00:00,224.96785
2011-05-29 01:00:00,147.07814
2011-05-29 02:00:00,124.15412
2011-05-29 03:00:00,124.15412
2011-05-29 04:00:00,90.34416
2011-05-29 05:00:00,49.85921
2011-05-29 06:00:00,142.18498
2011-05-29 07:00:00,145.06055
2011-05-29 08:00:00,146.03796
2011-05-29 09:00:00,94.52812
2011-05-29 10:00:00,298.23087
2011-05-29 11:00:00,302.85767
2011-05-29 12:00:00,363.0875
2011-05-29 13:00:00,408.9146
2011-05-29 14:00:00,358.08014
2011-05-29 15:00:00,356.45868
2011-05-29 16:00:00,358.08014
2011-05-29 17:00:00,358.08014
2011-05-29 18:00:00,407.79025
2011-05-29 19:00:00,400.87207
2011-05-29 20:00:00,355.75424
2011-05-29 21:00:00,339.4982
2011-05-29 22:00:00,140.57433
2011-05-29 23:00:00,166.88191
2011-05-30 00:00:00,48.651352
2011-05-30 01:00:00,52.8693
2011-05-30 02:00:00,48.651352
2011-05-30 03:00:00,48.651352
2011-05-30 04:00:00,57.429935
2011-05-30 05:00:00,83.57846
2011-05-30 06:00:00,83.53514
2011-05-30 07:00:00,117.65723
2011-05-30 08:00:00,183.32285
2011-05-30 09:00:00,347.73746
2011-05-30 10:00:00,353.88458
2011-05-30 11:00:00,379.22403
2011-05-30 12:00:00,368.84265
2011-05-30 13:00:00,375.29684
2011-05-30 14:00:00,378.64902
2011-05-30 15:00:00,366.58035
2011-05-30 16:00:00,370.3265
2011-05-30 17:00:00,369.36887
2011-05-30 18:00:00,373.15643
2011-05-30 19:00:00,201.34789
2011-05-30 20:00:00,296.92575
2011-05-30 21:00:00,279.37473
2011-05-30 22:00:00,292.9352
2011-05-30 23:00:00,306.43497
2011-05-31 00:00:00,304.107
2011-05-31 01:00:00,318.52313
2011-05-31 02:00:00,92.15934
2011-05-31 03:00:00,103.83488
2011-05-31 04:00:00,270.2917
2011-05-31 05:00:00,270.2917
2011-05-31 06:00:00,307.5119
2011-05-31 07:00:00,269.8019
2011-05-31 08:00:00,305.99036
2011-05-31 09:00:00,253.70697
2011-05-31 10:00:00,268.9172
2011-05-31 11:00:00,207.50645
2011-05-31 12:00:00,203.56483
2011-05-31 13:00:00,206.76132
2011-05-31 14:00:00,206.87622
2011-05-31 15:00:00,199.56235
2011-05-31 16:00:00,208.34457
2011-05-31 17:00:00,221.39642
2011-05-31 18:00:00,219.77249
2011-05-31 19:00:00,272.35583
2011-05-31 20:00:00,272.35583
2011-05-31 21:00:00,286.744
2011-05-31 22:00:00,281.42688
2011-05-31 23:00:00,332.0521
2011-06-20 00:00:00,74.094406
2011-06-20 01:00:00,75.36153
2011-06-20 02:00:00,75.36153
2011-06-20 03:00:00,102.95997
2011-06-20 04:00:00,117.8694
2011-06-20 05:00:00,89.85608
2011-06-20 06:00:00,105.551125
2011-06-20 07:00:00,118.43653
2011-06-20 08:00:00,107.70278
2011-06-20 09:00:00,146.50746
2011-06-20 10:00:00,146.50746
2011-06-20 11:00:00,125.53993
2011-06-20 12:00:00,180.38477
2011-06-20 13:00:00,169.22163
2011-06-20 14:00:00,164.2978
2011-06-20 15:00:00,175.5374
2011-06-20 16:00:00,224.78256
2011-06-20 17:00:00,206.47546
2011-06-20 18:00:00,203.21017
2011-06-20 19:00:00,160.62419
2011-06-20 20:00:00,133.23526
2011-06-20 21:00:00,60.161938
2011-06-20 22:00:00,107.77807
2011-06-20 23:00:00,116.990715
2011-06-21 00:00:00,81.44632
2011-06-21 01:00:00,109.97424
2011-06-21 02:00:00,100.29609
2011-06-21 03:00:00,100.29609
2011-06-21 04:00:00,121.69635
2011-06-21 05:00:00,138.89975
2011-06-21 06:00:00,138.89975
2011-06-21 07:00:00,124.05334
2011-06-21 08:00:00,129.42
2011-06-21 09:00:00,139.08197
2011-06-21 10:00:00,125.57948
2011-06-21 11:00:00,99.083885
2011-06-21 12:00:00,159.86426
2011-06-21 13:00:00,217.46536
2011-06-21 14:00:00,318.71735
2011-06-21 15:00:00,328.45978
2011-06-21 16:00:00,362.09293
2011-06-21 17:00:00,272.86508
2011-06-21 18:00:00,296.3052
2011-06-21 19:00:00,228.52536
2011-06-21 20:00:00,248.22852
2011-06-21 21:00:00,157.33029
2011-06-21 22:00:00,153.68208
2011-06-21 23:00:00,132.88431
2011-06-22 00:00:00,115.622765
2011-06-22 01:00:00,113.99938
2011-06-22 02:00:00,112.37958
2011-06-22 03:00:00,113.99938
2011-06-22 04:00:00,79.5378
2011-06-22 05:00:00,107.0818
2011-06-22 06:00:00,127.127785
2011-06-22 07:00:00,175.82361
2011-06-22 08:00:00,236.4899
2011-06-22 09:00:00,248.35172
2011-06-22 10:00:00,236.53618
2011-06-22 11:00:00,245.30048
2011-06-22 12:00:00,269.42923
2011-06-22 13:00:00,226.17003
2011-06-22 14:00:00,236.0914
2011-06-22 15:00:00,226.16495
2011-06-22 16:00:00,244.74167
2011-06-22 17:00:00,246.974
2011-06-22 18:00:00,260.2267
2011-06-22 19:00:00,214.19362
2011-06-22 20:00:00,225.22128
2011-06-22 21:00:00,228.71869
2011-06-22 22:00:00,260.75806
2011-06-22 23:00:00,259.6224
2011-06-23 00:00:00,229.69176
2011-06-23 01:00:00,235.68768
2011-06-23 02:00:00,235.68768
2011-06-23 03:00:00,237.60971
2011-06-23 04:00:00,181.29048
2011-06-23 05:00:00,196.4505
2011-06-23 06:00:00,196.4505
2011-06-23 07:00:00,244.94221
2011-06-23 08:00:00,230.8373
2011-06-23 09:00:00,244.68623
2011-06-23 10:00:00,257.7876
2011-06-23 11:00:00,253.33235
2011-06-23 12:00:00,245.51482
2011-06-23 13:00:00,242.4096
2011-06-23 14:00:00,249.00374
2011-06-23 15:00:00,206.23898
2011-06-23 16:00:00,218.81601
2011-06-23 17:00:00,201.68652
2011-06-23 18:00:00,189.62329
2011-06-23 19:00:00,185.54692
2011-06-23 20:00:00,182.96417
2011-06-23 21:00:00,179.22539
2011-06-23 22:00:00,216.17085
2011-06-23 23:00:00,228.59354
2011-06-24 00:00:00,152.09138
2011-06-24 01:00:00,202.60474
2011-06-24 02:00:00,202.52121
2011-06-24 03:00:00,170.53163
2011-06-24 04:00:00,159.72772
2011-06-24 05:00:00,73.212685
2011-06-24 06:00:00,169.08664
2011-06-24 07:00:00,175.16606
2011-06-24 08:00:00,186.56914
2011-06-24 09:00:00,259.8716
2011-06-24 10:00:00,332.0646
2011-06-24 11:00:00,374.61102
2011-06-24 12:00:00,344.65643
2011-06-24 13:00:00,326.59882
2011-06-24 14:00:00,335.23727
2011-06-24 15:00:00,325.58087
2011-06-24 16:00:00,338.96692
2011-06-24 17:00:00,391.40216
2011-06-24 18:00:00,395.54663
2011-06-24 19:00:00,377.4816
2011-06-24 20:00:00,336.5054
2011-06-24 21:00:00,273.0316
2011-06-24 22:00:00,229.46172
2011-06-24 23:00:00,248.20659
2011-06-25 00:00:00,236.20895
2011-06-25 01:00:00,223.39012
2011-06-25 02:00:00,219.91873
2011-06-25 03:00:00,135.76028
2011-06-25 04:00:00,135.76028
2011-06-25 05:00:00,130.28067
2011-06-25 06:00:00,135.5485
2011-06-25 07:00:00,155.00414
2011-06-25 08:00:00,304.59464
2011-06-25 09:00:00,360.5072
2011-06-25 10:00:00,354.81372
2011-06-25 11:00:00,381.10614
2011-06-25 12:00:00,407.59726
2011-06-25 13:00:00,407.59726
2011-06-25 14:00:00,394.5378
2011-06-25 15:00:00,380.63318
2011-06-25 16:00:00,430.84317
2011-06-25 17:00:00,405.34772
2011-06-25 18:00:00,360.35876
2011-06-25 19:00:00,341.8365
2011-06-25 20:00:00,304.16724
2011-06-25 21:00:00,218.29463
2011-06-25 22:00:00,233.84328
2011-06-25 23:00:00,220.90417
2011-06-26 00:00:00,198.20439
2011-06-26 01:00:00,194.66626
2011-06-26 02:00:00,95.65237
2011-06-26 03:00:00,124.85846
2011-06-26 04:00:00,105.74541
2011-06-26 05:00:00,100.29715
2011-06-26 06:00:00,100.29715
2011-06-26 07:00:00,106.00109
2011-06-26 08:00:00,124.10014
2011-06-26 09:00:00,208.04659
2011-06-26 10:00:00,349.27097
2011-06-26 11:00:00,356.65955
2011-06-26 12:00:00,394.139
2011-06-26 13:00:00,394.5569
2011-06-26 14:00:00,390.18356
2011-06-26 15:00:00,394.5569
2011-06-26 16:00:00,393.90094
2011-06-26 17:00:00,345.43634
2011-06-26 18:00:00,350.68637
2011-06-26 19:00:00,337.4762
2011-06-26 20:00:00,295.46387
2011-06-26 21:00:00,280.87094
2011-06-26 22:00:00,305.17868
2011-06-26 23:00:00,284.16037
2011-06-27 00:00:00,134.64545
2011-06-27 01:00:00,125.55774
2011-06-27 02:00:00,122.603516
2011-06-27 03:00:00,122.603516
2011-06-27 04:00:00,111.77045
2011-06-27 05:00:00,111.71954
2011-06-27 06:00:00,113.67481
2011-06-27 07:00:00,124.76742
2011-06-27 08:00:00,154.5449
2011-06-27 09:00:00,179.09184
2011-06-27 10:00:00,227.8598
2011-06-27 11:00:00,183.17558
2011-06-27 12:00:00,179.09184
2011-06-27 13:00:00,175.61938
2011-06-27 14:00:00,211.45445
2011-06-27 15:00:00,169.33514
2011-06-27 16:00:00,225.83907
2011-06-27 17:00:00,265.9992
2011-06-27 18:00:00,211.20876
2011-06-27 19:00:00,202.41272
2011-06-27 20:00:00,157.33566
2011-06-27 21:00:00,152.05064
2011-06-27 22:00:00,115.32244
2011-06-27 23:00:00,115.27045
2011-06-28 00:00:00,70.30348
2011-06-28 01:00:00,116.689224
2011-06-28 02:00:00,116.65533
2011-06-28 03:00:00,116.65533
2011-06-28 04:00:00,116.689224
2011-06-28 05:00:00,87.56599
2011-06-28 06:00:00,98.175415
2011-06-28 07:00:00,169.35118
2011-06-28 08:00:00,173.96254
2011-06-28 09:00:00,189.23448
2011-06-28 10:00:00,259.83966
2011-06-28 11:00:00,215.92776
2011-06-28 12:00:00,306.28647
2011-06-28 13:00:00,225.53835
2011-06-28 14:00:00,225.23721
2011-06-28 15:00:00,209.00874
2011-06-28 16:00:00,276.04904
2011-06-28 17:00:00,244.61319
2011-06-28 18:00:00,284.1807
2011-06-28 19:00:00,221.97816
2011-06-28 20:00:00,234.00018
2011-06-28 21:00:00,260.36234
2011-06-28 22:00:00,175.72751
2011-06-28 23:00:00,172.7112
2011-06-29 00:00:00,215.9881
2011-06-29 01:00:00,188.33963
2011-06-29 02:00:00,91.972496
2011-06-29 03:00:00,116.07446
2011-06-29 04:00:00,123.48423
2011-06-29 05:00:00,122.801605
2011-06-29 06:00:00,128.65181
2011-06-29 07:00:00,305.76144
2011-06-29 08:00:00,362.4866
2011-06-29 09:00:00,326.09885
2011-06-29 10:00:00,315.29883
2011-06-29 11:00:00,315.10858
2011-06-29 12:00:00,321.92792
2011-06-29 13:00:00,314.39606
2011-06-29 14:00:00,320.92294
2011-06-29 15:00:00,356.0761
2011-06-29 16:00:00,306.50156
2011-06-29 17:00:00,336.75046
2011-06-29 18:00:00,308.8772
2011-06-29 19:00:00,289.27554
2011-06-29 20:00:00,346.01254
2011-06-29 21:00:00,352.13608
2011-06-29 22:00:00,343.83783
2011-06-29 23:00:00,274.29276
2011-06-30 00:00:00,263.34357
2011-06-30 01:00:00,185.73146
2011-06-30 02:00:00,86.7738
2011-06-30 03:00:00,131.28313
2011-06-30 04:00:00,247.35146
2011-06-30 05:00:00,157.09834
2011-06-30 06:00:00,152.08952
2011-06-30 07:00:00,128.52571
2011-06-30 08:00:00,265.1688
2011-06-30 09:00:00,314.33777
2011-06-30 10:00:00,318.261
2011-06-30 11:00:00,353.48663
2011-06-30 12:00:00,341.34573
2011-06-30 13:00:00,318.24823
2011-06-30 14:00:00,322.54224
2011-06-30 15:00:00,323.99533
2011-06-30 16:00:00,366.41492
2011-06-30 17:00:00,345.8828
2011-06-30 18:00:00,320.02634
2011-06-30 19:00:00,328.20984
2011-06-30 20:00:00,328.20984
2011-06-30 21:00:00,331.60162
2011-06-30 22:00:00,338.94257
2011-06-30 23:00:00,184.24448
2011-07-20 00:00:00,189.2946
2011-07-20 01:00:00,221.44054
2011-07-20 02:00:00,221.44054
2011-07-20 03:00:00,189.2946
2011-07-20 04:00:00,144.14166
2011-07-20 05:00:00,148.771
2011-07-20 06:00:00,146.73495
2011-07-20 07:00:00,206.37686
2011-07-20 08:00:00,174.84065
2011-07-20 09:00:00,176.53488
2011-07-20 10:00:00,251.57596
2011-07-20 11:00:00,287.70523
2011-07-20 12:00:00,242.86435
2011-07-20 13:00:00,228.28302
2011-07-20 14:00:00,230.58476
2011-07-20 15:00:00,197.86514
2011-07-20 16:00:00,232.04381
2011-07-20 17:00:00,256.56937
2011-07-20 18:00:00,303.7998
2011-07-20 19:00:00,341.3717
2011-07-20 20:00:00,327.98178
2011-07-20 21:00:00,360.2063
2011-07-20 22:00:00,348.63483
2011-07-20 23:00:00,285.7082
2011-07-21 00:00:00,290.78925
2011-07-21 01:00:00,210.63577
2011-07-21 02:00:00,210.63577
2011-07-21 03:00:00,213.29532
2011-07-21 04:00:00,202.99321
2011-07-21 05:00:00,202.99321
2011-07-21 06:00:00,202.99321
2011-07-21 07:00:00,215.03743
2011-07-21 08:00:00,297.31998
2011-07-21 09:00:00,310.4682
2011-07-21 10:00:00,316.6026
2011-07-21 11:00:00,295.93097
2011-07-21 12:00:00,293.61096
2011-07-21 13:00:00,292.7594
2011-07-21 14:00:00,289.5914
2011-07-21 15:00:00,233.09863
2011-07-21 16:00:00,273.2286
2011-07-21 17:00:00,257.70575
2011-07-21 18:00:00,247.71353
2011-07-21 19:00:00,313.6578
2011-07-21 20:00:00,295.22253
2011-07-21 21:00:00,308.76608
2011-07-21 22:00:00,298.9549
2011-07-21 23:00:00,332.00507
2011-07-22 00:00:00,325.72736
2011-07-22 01:00:00,267.72495
2011-07-22 02:00:00,294.21698
2011-07-22 03:00:00,284.14203
2011-07-22 04:00:00,254.59451
2011-07-22 05:00:00,195.81165
2011-07-22 06:00:00,242.66269
2011-07-22 07:00:00,340.03757
2011-07-22 08:00:00,288.19452
2011-07-22 09:00:00,290.91534
2011-07-22 10:00:00,190.4002
2011-07-22 11:00:00,213.21484
2011-07-22 12:00:00,227.69115
2011-07-22 13:00:00,235.74518
2011-07-22 14:00:00,332.5777
2011-07-22 15:00:00,318.30136
2011-07-22 16:00:00,357.28256
2011-07-22 17:00:00,229.06264
2011-07-22 18:00:00,245.49791
2011-07-22 19:00:00,250.11147
2011-07-22 20:00:00,229.74506
2011-07-22 21:00:00,259.399
2011-07-22 22:00:00,199.30177
2011-07-22 23:00:00,303.6983
2011-07-23 00:00:00,314.3566
2011-07-23 01:00:00,364.49884
2011-07-23 02:00:00,373.75876
2011-07-23 03:00:00,347.30106
2011-07-23 04:00:00,291.77103
2011-07-23 05:00:00,298.221
2011-07-23 06:00:00,374.5053
2011-07-23 07:00:00,369.0011
2011-07-23 08:00:00,385.15814
2011-07-23 09:00:00,376.90283
2011-07-23 10:00:00,389.0411
2011-07-23 11:00:00,370.53055
2011-07-23 12:00:00,356.80154
2011-07-23 13:00:00,361.65527
2011-07-23 14:00:00,368.9574
2011-07-23 15:00:00,371.82123
2011-07-23 16:00:00,360.92758
2011-07-23 17:00:00,360.92758
2011-07-23 18:00:00,361.6186
2011-07-23 19:00:00,318.70367
2011-07-23 20:00:00,330.6374
2011-07-23 21:00:00,330.6374
2011-07-23 22:00:00,336.11963
2011-07-23 23:00:00,319.87277
2011-07-24 00:00:00,316.1058
2011-07-24 01:00:00,318.18918
2011-07-24 02:00:00,312.66168
2011-07-24 03:00:00,312.77402
2011-07-24 04:00:00,318.21918
2011-07-24 05:00:00,324.27637
2011-07-24 06:00:00,316.25046
2011-07-24 07:00:00,317.089
2011-07-24 08:00:00,336.86218
2011-07-24 09:00:00,335.33817
2011-07-24 10:00:00,354.506
2011-07-24 11:00:00,371.60782
2011-07-24 12:00:00,350.68744
2011-07-24 13:00:00,366.82962
2011-07-24 14:00:00,360.71933
2011-07-24 15:00:00,351.91882
2011-07-24 16:00:00,351.76843
2011-07-24 17:00:00,361.90607
2011-07-24 18:00:00,354.82507
2011-07-24 19:00:00,361.59644
2011-07-24 20:00:00,375.52032
2011-07-24 21:00:00,311.93802
2011-07-24 22:00:00,311.9704
2011-07-24 23:00:00,315.22153
2011-07-25 00:00:00,284.65128
2011-07-25 01:00:00,255.1013
2011-07-25 02:00:00,188.00046
2011-07-25 03:00:00,176.43344
2011-07-25 04:00:00,172.9609
2011-07-25 05:00:00,172.9609
2011-07-25 06:00:00,160.67369
2011-07-25 07:00:00,178.85643
2011-07-25 08:00:00,234.98001
2011-07-25 09:00:00,361.3847
2011-07-25 10:00:00,260.78595
2011-07-25 11:00:00,225.6652
2011-07-25 12:00:00,225.6652
2011-07-25 13:00:00,208.43637
2011-07-25 14:00:00,162.99036
2011-07-25 15:00:00,169.8345
2011-07-25 16:00:00,142.58365
2011-07-25 17:00:00,144.7473
2011-07-25 18:00:00,181.66295
2011-07-25 19:00:00,179.64803
2011-07-25 20:00:00,141.037
2011-07-25 21:00:00,145.0691
2011-07-25 22:00:00,145.0691
2011-07-25 23:00:00,149.38591
2011-07-26 00:00:00,113.765
2011-07-26 01:00:00,113.765
2011-07-26 02:00:00,124.350555
2011-07-26 03:00:00,126.64389
2011-07-26 04:00:00,144.67809
2011-07-26 05:00:00,109.04149
2011-07-26 06:00:00,177.1434
2011-07-26 07:00:00,163.64883
2011-07-26 08:00:00,298.3488
2011-07-26 09:00:00,320.408
2011-07-26 10:00:00,307.05838
2011-07-26 11:00:00,268.1581
2011-07-26 12:00:00,256.73206
2011-07-26 13:00:00,263.50937
2011-07-26 14:00:00,242.85838
2011-07-26 15:00:00,302.40326
2011-07-26 16:00:00,256.9936
2011-07-26 17:00:00,259.62134
2011-07-26 18:00:00,262.4466
2011-07-26 19:00:00,285.79724
2011-07-26 20:00:00,310.72733
2011-07-26 21:00:00,354.92297
2011-07-26 22:00:00,227.78912
2011-07-26 23:00:00,202.16005
2011-07-27 00:00:00,168.31479
2011-07-27 01:00:00,322.4137
2011-07-27 02:00:00,289.46204
2011-07-27 03:00:00,193.08789
2011-07-27 04:00:00,323.92465
2011-07-27 05:00:00,319.90567
2011-07-27 06:00:00,315.31158
2011-07-27 07:00:00,351.0314
2011-07-27 08:00:00,347.63626
2011-07-27 09:00:00,326.17233
2011-07-27 10:00:00,214.63705
2011-07-27 11:00:00,233.55415
2011-07-27 12:00:00,289.32397
2011-07-27 13:00:00,266.38025
2011-07-27 14:00:00,331.0289
2011-07-27 15:00:00,272.49533
2011-07-27 16:00:00,320.4053
2011-07-27 17:00:00,317.8548
2011-07-27 18:00:00,366.59396
2011-07-27 19:00:00,354.45038
2011-07-27 20:00:00,343.67157
2011-07-27 21:00:00,232.26013
2011-07-27 22:00:00,197.1534
2011-07-27 23:00:00,197.7941
2011-07-28 00:00:00,265.0441
2011-07-28 01:00:00,182.78455
2011-07-28 02:00:00,220.02617
2011-07-28 03:00:00,166.7196
2011-07-28 04:00:00,152.90761
2011-07-28 05:00:00,144.73148
2011-07-28 06:00:00,135.36671
2011-07-28 07:00:00,137.09163
2011-07-28 08:00:00,191.07967
2011-07-28 09:00:00,254.33618
2011-07-28 10:00:00,306.4983
2011-07-28 11:00:00,284.82562
2011-07-28 12:00:00,220.21783
2011-07-28 13:00:00,272.59402
2011-07-28 14:00:00,311.7386
2011-07-28 15:00:00,198.47508
2011-07-28 16:00:00,218.04257
2011-07-28 17:00:00,219.10211
2011-07-28 18:00:00,252.60359
2011-07-28 19:00:00,269.3691
2011-07-28 20:00:00,289.76035
2011-07-28 21:00:00,332.27472
2011-07-28 22:00:00,289.44357
2011-07-28 23:00:00,284.8685
2011-07-29 00:00:00,226.561
2011-07-29 01:00:00,207.52966
2011-07-29 02:00:00,179.40515
2011-07-29 03:00:00,179.40515
2011-07-29 04:00:00,239.1203
2011-07-29 05:00:00,222.476
2011-07-29 06:00:00,192.76675
2011-07-29 07:00:00,194.57
2011-07-29 08:00:00,245.94342
2011-07-29 09:00:00,305.683
2011-07-29 10:00:00,333.9477
2011-07-29 11:00:00,331.01868
2011-07-29 12:00:00,324.50775
2011-07-29 13:00:00,240.87726
2011-07-29 14:00:00,308.57837
2011-07-29 15:00:00,335.97726
2011-07-29 16:00:00,322.13428
2011-07-29 17:00:00,327.4159
2011-07-29 18:00:00,340.36838
2011-07-29 19:00:00,316.02475
2011-07-29 20:00:00,323.8851
2011-07-29 21:00:00,239.3492
2011-07-29 22:00:00,334.61426
2011-07-29 23:00:00,199.60002
2011-07-30 00:00:00,367.05692
2011-07-30 01:00:00,364.2811
2011-07-30 02:00:00,357.16812
2011-07-30 03:00:00,260.58493
2011-07-30 04:00:00,185.83063
2011-07-30 05:00:00,180.43279
2011-07-30 06:00:00,188.82103
2011-07-30 07:00:00,310.3424
2011-07-30 08:00:00,332.7092
2011-07-30 09:00:00,386.8437
2011-07-30 10:00:00,395.1247
2011-07-30 11:00:00,396.34653
2011-07-30 12:00:00,393.4462
2011-07-30 13:00:00,400.21347
2011-07-30 14:00:00,399.03723
2011-07-30 15:00:00,372.38687
2011-07-30 16:00:00,380.06876
2011-07-30 17:00:00,379.20145
2011-07-30 18:00:00,391.5327
2011-07-30 19:00:00,403.79877
2011-07-30 20:00:00,379.93066
2011-07-30 21:00:00,403.28427
2011-07-30 22:00:00,362.87787
2011-07-30 23:00:00,364.2811
2011-07-31 00:00:00,361.75403
2011-07-31 01:00:00,263.20444
2011-07-31 02:00:00,253.1164
2011-07-31 03:00:00,233.52519
2011-07-31 04:00:00,134.0551
2011-07-31 05:00:00,132.43071
2011-07-31 06:00:00,216.31195
2011-07-31 07:00:00,271.9789
2011-07-31 08:00:00,376.8169
2011-07-31 09:00:00,405.2626
2011-07-31 10:00:00,397.25876
2011-07-31 11:00:00,393.746
2011-07-31 12:00:00,390.50342
2011-07-31 13:00:00,388.11633
2011-07-31 14:00:00,390.57227
2011-07-31 15:00:00,388.6053
2011-07-31 16:00:00,396.7154
2011-07-31 17:00:00,391.67526
2011-07-31 18:00:00,384.73145
2011-07-31 19:00:00,386.07233
2011-07-31 20:00:00,386.07233
2011-07-31 21:00:00,337.796
2011-07-31 22:00:00,258.61636
2011-07-31 23:00:00,241.414
2011-08-20 00:00:00,67.69149
2011-08-20 01:00:00,69.816414
2011-08-20 02:00:00,61.47582
2011-08-20 03:00:00,61.47582
2011-08-20 04:00:00,97.98287
2011-08-20 05:00:00,63.227253
2011-08-20 06:00:00,88.32126
2011-08-20 07:00:00,69.812294
2011-08-20 08:00:00,155.55185
2011-08-20 09:00:00,203.11194
2011-08-20 10:00:00,260.3472
2011-08-20 11:00:00,248.83502
2011-08-20 12:00:00,303.77673
2011-08-20 13:00:00,364.9242
2011-08-20 14:00:00,392.75674
2011-08-20 15:00:00,390.73618
2011-08-20 16:00:00,376.41644
2011-08-20 17:00:00,391.9719
2011-08-20 18:00:00,336.18762
2011-08-20 19:00:00,312.1458
2011-08-20 20:00:00,306.45367
2011-08-20 21:00:00,235.26067
2011-08-20 22:00:00,201.32263
2011-08-20 23:00:00,183.43959
2011-08-21 00:00:00,190.7822
2011-08-21 01:00:00,185.05273
2011-08-21 02:00:00,182.22453
2011-08-21 03:00:00,145.51826
2011-08-21 04:00:00,190.31213
2011-08-21 05:00:00,134.37418
2011-08-21 06:00:00,129.95384
2011-08-21 07:00:00,221.48204
2011-08-21 08:00:00,196.77771
2011-08-21 09:00:00,237.77406
2011-08-21 10:00:00,272.08273
2011-08-21 11:00:00,362.3023
2011-08-21 12:00:00,356.307
2011-08-21 13:00:00,373.7312
2011-08-21 14:00:00,239.56488
2011-08-21 15:00:00,201.79655
2011-08-21 16:00:00,221.84921
2011-08-21 17:00:00,207.2263
2011-08-21 18:00:00,232.44086
2011-08-21 19:00:00,235.1543
2011-08-21 20:00:00,218.16127
2011-08-21 21:00:00,218.16127
2011-08-21 22:00:00,214.66496
2011-08-21 23:00:00,187.19095
2011-08-22 00:00:00,178.55481
2011-08-22 01:00:00,190.8775
2011-08-22 02:00:00,207.97264
2011-08-22 03:00:00,221.5403
2011-08-22 04:00:00,177.93016
2011-08-22 05:00:00,200.2331
2011-08-22 06:00:00,183.13853
2011-08-22 07:00:00,193.2851
2011-08-22 08:00:00,193.2851
2011-08-22 09:00:00,333.8245
2011-08-22 10:00:00,396.5359
2011-08-22 11:00:00,388.6685
2011-08-22 12:00:00,346.66263
2011-08-22 13:00:00,381.90854
2011-08-22 14:00:00,362.88843
2011-08-22 15:00:00,397.17175
2011-08-22 16:00:00,362.88843
2011-08-22 17:00:00,426.9781
2011-08-22 18:00:00,409.7245
2011-08-22 19:00:00,390.35196
2011-08-22 20:00:00,348.92447
2011-08-22 21:00:00,344.6855
2011-08-22 22:00:00,361.6361
2011-08-22 23:00:00,275.7267
2011-08-23 00:00:00,231.45445
2011-08-23 01:00:00,295.71808
2011-08-23 02:00:00,254.3718
2011-08-23 03:00:00,243.62381
2011-08-23 04:00:00,235.60233
2011-08-23 05:00:00,209.9561
2011-08-23 06:00:00,204.87044
2011-08-23 07:00:00,186.90623
2011-08-23 08:00:00,203.93295
2011-08-23 09:00:00,217.06816
2011-08-23 10:00:00,250.59973
2011-08-23 11:00:00,306.9385
2011-08-23 12:00:00,245.27348
2011-08-23 13:00:00,362.65863
2011-08-23 14:00:00,363.10492
2011-08-23 15:00:00,368.9822
2011-08-23 16:00:00,375.88968
2011-08-23 17:00:00,368.9822
2011-08-23 18:00:00,350.47348
2011-08-23 19:00:00,285.36462
2011-08-23 20:00:00,256.21356
2011-08-23 21:00:00,188.76834
2011-08-23 22:00:00,173.55247
2011-08-23 23:00:00,186.98799
2011-08-24 00:00:00,170.81204
2011-08-24 01:00:00,184.23303
2011-08-24 02:00:00,237.11293
2011-08-24 03:00:00,237.10939
2011-08-24 04:00:00,92.242165
2011-08-24 05:00:00,92.24805
2011-08-24 06:00:00,91.972824
2011-08-24 07:00:00,165.66075
2011-08-24 08:00:00,188.70975
2011-08-24 09:00:00,180.84956
2011-08-24 10:00:00,208.58133
2011-08-24 11:00:00,312.88068
2011-08-24 12:00:00,314.4785
2011-08-24 13:00:00,311.8198
2011-08-24 14:00:00,311.8198
2011-08-24 15:00:00,292.1271
2011-08-24 16:00:00,282.17966
2011-08-24 17:00:00,292.146
2011-08-24 18:00:00,344.51724
2011-08-24 19:00:00,345.41666
2011-08-24 20:00:00,233.88422
2011-08-24 21:00:00,198.95897
2011-08-24 22:00:00,191.39194
2011-08-24 23:00:00,163.80019
2011-08-25 00:00:00,266.98593
2011-08-25 01:00:00,164.1706
2011-08-25 02:00:00,164.1706
2011-08-25 03:00:00,277.26328
2011-08-25 04:00:00,230.0924
2011-08-25 05:00:00,215.05849
2011-08-25 06:00:00,205.548
2011-08-25 07:00:00,246.0129
2011-08-25 08:00:00,188.93054
2011-08-25 09:00:00,180.36868
2011-08-25 10:00:00,229.72766
2011-08-25 11:00:00,168.97545
2011-08-25 12:00:00,169.09375
2011-08-25 13:00:00,161.79836
2011-08-25 14:00:00,187.17119
2011-08-25 15:00:00,233.23672
2011-08-25 16:00:00,218.37668
2011-08-25 17:00:00,218.37668
2011-08-25 18:00:00,200.69585
2011-08-25 19:00:00,215.89656
2011-08-25 20:00:00,219.45694
2011-08-25 21:00:00,125.3831
2011-08-25 22:00:00,101.01629
2011-08-25 23:00:00,105.38687
2011-08-26 00:00:00,121.05533
2011-08-26 01:00:00,108.19741
2011-08-26 02:00:00,132.13779
2011-08-26 03:00:00,124.727356
2011-08-26 04:00:00,112.015144
2011-08-26 05:00:00,101.79651
2011-08-26 06:00:00,112.015144
2011-08-26 07:00:00,91.58533
2011-08-26 08:00:00,230.43526
2011-08-26 09:00:00,156.98566
2011-08-26 10:00:00,226.14328
2011-08-26 11:00:00,223.16032
2011-08-26 12:00:00,265.7664
2011-08-26 13:00:00,243.20776
2011-08-26 14:00:00,289.65717
2011-08-26 15:00:00,266.07013
2011-08-26 16:00:00,263.58362
2011-08-26 17:00:00,229.74591
2011-08-26 18:00:00,204.40302
2011-08-26 19:00:00,198.00665
2011-08-26 20:00:00,187.42128
2011-08-26 21:00:00,195.07571
2011-08-26 22:00:00,198.65111
2011-08-26 23:00:00,179.24593
2011-08-27 00:00:00,173.7927
2011-08-27 01:00:00,198.31367
2011-08-27 02:00:00,192.18729
2011-08-27 03:00:00,189.08676
2011-08-27 04:00:00,189.08676
2011-08-27 05:00:00,192.28148
2011-08-27 06:00:00,192.28148
2011-08-27 07:00:00,190.26515
2011-08-27 08:00:00,193.88904
2011-08-27 09:00:00,192.10422
2011-08-27 10:00:00,223.09889
2011-08-27 11:00:00,120.7317
2011-08-27 12:00:00,165.77116
2011-08-27 13:00:00,157.43791
2011-08-27 14:00:00,89.642235
2011-08-27 15:00:00,89.5989
2011-08-27 16:00:00,89.137505
2011-08-27 17:00:00,107.5345
2011-08-28 07:00:00,115.489975
2011-08-28 08:00:00,128.27226
2011-08-28 09:00:00,224.64392
2011-08-28 10:00:00,272.55057
2011-08-28 11:00:00,238.97716
2011-08-28 12:00:00,357.9389
2011-08-28 13:00:00,401.66913
2011-08-28 14:00:00,370.22964
2011-08-28 15:00:00,386.57822
2011-08-28 16:00:00,392.40808
2011-08-28 17:00:00,417.2406
2011-08-28 18:00:00,406.8607
2011-08-28 19:00:00,340.7084
2011-08-28 20:00:00,342.11838
2011-08-28 21:00:00,170.63731
2011-08-28 22:00:00,148.87358
2011-08-28 23:00:00,60.528557
2011-08-29 00:00:00,89.72684
2011-08-29 01:00:00,211.94754
2011-08-29 02:00:00,213.54709
2011-08-29 03:00:00,211.94754
2011-08-29 04:00:00,219.04642
2011-08-29 05:00:00,109.77274
2011-08-29 06:00:00,109.77274
2011-08-29 07:00:00,182.91977
2011-08-29 08:00:00,182.72162
2011-08-29 09:00:00,251.84213
2011-08-29 10:00:00,335.70486
2011-08-29 11:00:00,304.8204
2011-08-29 12:00:00,331.91705
2011-08-29 13:00:00,251.49828
2011-08-29 14:00:00,254.9589
2011-08-29 15:00:00,371.876
2011-08-29 16:00:00,368.48883
2011-08-29 17:00:00,369.87442
2011-08-29 18:00:00,338.9566
2011-08-29 19:00:00,338.9566
2011-08-29 20:00:00,250.33202
2011-08-29 21:00:00,253.46681
2011-08-29 22:00:00,183.43684
2011-08-29 23:00:00,180.33017
2011-08-30 00:00:00,113.406654
2011-08-30 01:00:00,169.27682
2011-08-30 02:00:00,94.011055
2011-08-30 03:00:00,97.860054
2011-08-30 04:00:00,104.90839
2011-08-30 05:00:00,89.478424
2011-08-30 06:00:00,94.35655
2011-08-30 07:00:00,214.76556
2011-08-30 08:00:00,172.678
2011-08-30 09:00:00,290.62708
2011-08-30 10:00:00,372.0596
2011-08-30 11:00:00,347.3095
2011-08-30 12:00:00,255.19284
2011-08-30 13:00:00,278.90875
2011-08-30 14:00:00,351.49774
2011-08-30 15:00:00,360.17462
2011-08-30 16:00:00,335.51425
2011-08-30 17:00:00,366.18155
2011-08-30 18:00:00,339.8142
2011-08-30 19:00:00,207.394
2011-08-30 20:00:00,222.05841
2011-08-30 21:00:00,176.49275
2011-08-30 22:00:00,172.49525
2011-08-30 23:00:00,172.49525
2011-08-31 00:00:00,196.62636
2011-08-31 01:00:00,196.62636
2011-08-31 02:00:00,92.13228
2011-08-31 03:00:00,94.66339
2011-08-31 04:00:00,92.13228
2011-08-31 05:00:00,105.64405
2011-08-31 06:00:00,91.748344
2011-08-31 07:00:00,94.27119
2011-08-31 08:00:00,176.08897
2011-08-31 09:00:00,175.09251
2011-08-31 10:00:00,233.27965
2011-08-31 11:00:00,298.3954
2011-08-31 12:00:00,248.57982
2011-08-31 13:00:00,256.94315
2011-08-31 14:00:00,320.8537
2011-08-31 15:00:00,320.89896
2011-08-31 16:00:00,260.4383
2011-08-31 17:00:00,300.00592
2011-08-31 18:00:00,346.46362
2011-08-31 19:00:00,307.86273
2011-08-31 20:00:00,193.96574
2011-08-31 21:00:00,175.40076
2011-08-31 22:00:00,177.723
2011-08-31 23:00:00,86.885025
2011-09-20 00:00:00,135.26056
2011-09-20 01:00:00,146.64621
2011-09-20 02:00:00,146.64621
2011-09-20 03:00:00,223.36652
2011-09-20 04:00:00,179.49086
2011-09-20 05:00:00,151.15923
2011-09-20 06:00:00,151.15923
2011-09-20 07:00:00,146.64621
2011-09-20 08:00:00,76.407776
2011-09-20 09:00:00,79.22852
2011-09-20 10:00:00,127.677666
2011-09-20 11:00:00,127.677666
2011-09-20 12:00:00,81.402824
2011-09-20 13:00:00,80.22585
2011-09-20 14:00:00,134.92648
2011-09-20 15:00:00,212.80658
2011-09-20 16:00:00,217.1926
2011-09-20 17:00:00,229.89928
2011-09-20 18:00:00,229.89928
2011-09-20 19:00:00,125.153366
2011-09-20 20:00:00,81.43063
2011-09-20 21:00:00,81.43063
2011-09-20 22:00:00,81.43063
2011-09-20 23:00:00,81.43063
2011-09-21 00:00:00,77.97604
2011-09-21 01:00:00,76.740166
2011-09-21 02:00:00,76.740166
2011-09-21 03:00:00,68.48419
2011-09-21 04:00:00,77.81379
2011-09-21 05:00:00,74.596245
2011-09-21 06:00:00,76.48885
2011-09-21 07:00:00,76.48885
2011-09-21 08:00:00,75.69996
2011-09-21 09:00:00,91.004585
2011-09-21 10:00:00,114.37048
2011-09-21 11:00:00,199.56223
2011-09-21 12:00:00,176.39803
2011-09-21 13:00:00,214.15309
2011-09-21 14:00:00,213.09993
2011-09-21 15:00:00,209.36098
2011-09-21 16:00:00,209.36098
2011-09-21 17:00:00,232.10452
2011-09-21 18:00:00,186.04156
2011-09-21 19:00:00,106.25146
2011-09-21 20:00:00,106.25146
2011-09-21 21:00:00,97.11149
2011-09-21 22:00:00,118.582245
2011-09-21 23:00:00,72.06375
2011-09-22 00:00:00,68.2462
2011-09-22 01:00:00,79.90274
2011-09-22 02:00:00,72.10028
2011-09-22 03:00:00,79.73744
2011-09-22 04:00:00,79.73744
2011-09-22 05:00:00,72.10028
2011-09-22 06:00:00,95.281746
2011-09-22 07:00:00,91.59131
2011-09-22 08:00:00,90.754105
2011-09-22 09:00:00,112.45243
2011-09-22 10:00:00,135.85667
2011-09-22 11:00:00,134.55707
2011-09-22 12:00:00,228.33412
2011-09-22 13:00:00,217.89912
2011-09-22 14:00:00,227.5292
2011-09-22 15:00:00,253.99785
2011-09-22 16:00:00,208.34291
2011-09-22 17:00:00,208.18452
2011-09-22 18:00:00,199.712
2011-09-22 19:00:00,123.49006
2011-09-22 20:00:00,96.66064
2011-09-22 21:00:00,123.43947
2011-09-22 22:00:00,104.530106
2011-09-22 23:00:00,122.77279
2011-09-23 00:00:00,76.5654
2011-09-23 01:00:00,109.78862
2011-09-23 02:00:00,74.53963
2011-09-23 03:00:00,109.78862
2011-09-23 04:00:00,105.236984
2011-09-23 05:00:00,102.104866
2011-09-23 06:00:00,76.5654
2011-09-23 07:00:00,102.72739
2011-09-23 08:00:00,102.72739
2011-09-23 09:00:00,90.86434
2011-09-23 10:00:00,88.8813
2011-09-23 11:00:00,88.8813
2011-09-23 12:00:00,89.804504
2011-09-23 13:00:00,97.16178
2011-09-23 14:00:00,97.16178
2011-09-23 15:00:00,89.804504
2011-09-23 16:00:00,96.88323
2011-09-23 17:00:00,109.78862
2011-09-23 18:00:00,88.210686
2011-09-23 19:00:00,97.62232
2011-09-23 20:00:00,86.232376
2011-09-23 21:00:00,71.595184
2011-09-23 22:00:00,64.076805
2011-09-23 23:00:00,65.737976
2011-09-24 00:00:00,61.153316
2011-09-24 01:00:00,60.192818
2011-09-24 02:00:00,60.192818
2011-09-24 03:00:00,68.854774
2011-09-24 04:00:00,55.897415
2011-09-24 05:00:00,61.789917
2011-09-24 06:00:00,61.789917
2011-09-24 07:00:00,87.73784
2011-09-24 08:00:00,95.54098
2011-09-24 09:00:00,89.088234
2011-09-24 10:00:00,89.088234
2011-09-24 11:00:00,165.23932
2011-09-24 12:00:00,165.23932
2011-09-24 13:00:00,186.18452
2011-09-24 14:00:00,208.12411
2011-09-24 15:00:00,208.12411
2011-09-24 16:00:00,197.73032
2011-09-24 17:00:00,245.21896
2011-09-24 18:00:00,213.21547
2011-09-24 19:00:00,101.36679
2011-09-24 20:00:00,151.735
2011-09-24 21:00:00,166.97792
2011-09-24 22:00:00,93.33597
2011-09-24 23:00:00,89.324356
2011-09-25 00:00:00,99.29721
2011-09-25 01:00:00,92.87036
2011-09-25 02:00:00,102.824486
2011-09-25 03:00:00,101.627815
2011-09-25 04:00:00,93.62446
2011-09-25 05:00:00,105.32682
2011-09-25 06:00:00,92.85722
2011-09-25 07:00:00,72.585655
2011-09-25 08:00:00,95.62782
2011-09-25 09:00:00,152.5739
2011-09-25 10:00:00,152.5739
2011-09-25 11:00:00,213.83539
2011-09-25 12:00:00,216.61336
2011-09-25 13:00:00,234.26694
2011-09-25 14:00:00,216.61336
2011-09-25 15:00:00,216.61336
2011-09-25 16:00:00,284.96017
2011-09-25 17:00:00,250.10881
2011-09-25 18:00:00,250.10881
2011-09-25 19:00:00,179.26532
2011-09-25 20:00:00,168.42758
2011-09-25 21:00:00,102.03234
2011-09-25 22:00:00,102.094315
2011-09-25 23:00:00,77.78419
2011-09-26 00:00:00,102.11229
2011-09-26 01:00:00,103.67455
2011-09-26 02:00:00,103.67455
2011-09-26 03:00:00,102.11229
2011-09-26 04:00:00,74.44985
2011-09-26 05:00:00,86.19703
2011-09-26 06:00:00,74.267715
2011-09-26 07:00:00,102.10563
2011-09-26 08:00:00,102.10563
2011-09-26 09:00:00,107.18645
2011-09-26 10:00:00,107.18645
2011-09-26 11:00:00,252.88008
2011-09-26 12:00:00,239.95201
2011-09-26 13:00:00,227.00072
2011-09-26 14:00:00,268.35944
2011-09-26 15:00:00,388.7661
2011-09-26 16:00:00,310.6749
2011-09-26 17:00:00,225.01839
2011-09-26 18:00:00,215.231
2011-09-26 19:00:00,217.69424
2011-09-26 20:00:00,156.49626
2011-09-26 21:00:00,156.49626
2011-09-26 22:00:00,91.15
2011-09-26 23:00:00,91.13119
2011-09-27 00:00:00,99.27845
2011-09-27 01:00:00,100.78254
2011-09-27 02:00:00,89.20401
2011-09-27 03:00:00,96.299286
2011-09-27 04:00:00,76.06167
2011-09-27 05:00:00,76.06167
2011-09-27 06:00:00,57.864304
2011-09-27 07:00:00,57.606262
2011-09-27 08:00:00,84.23069
2011-09-27 09:00:00,104.43816
2011-09-27 10:00:00,71.714905
2011-09-27 11:00:00,119.188286
2011-09-27 12:00:00,132.51065
2011-09-27 13:00:00,238.79901
2011-09-27 14:00:00,230.44107
2011-09-27 15:00:00,242.55005
2011-09-27 16:00:00,200.19064
2011-09-27 17:00:00,131.29419
2011-09-27 18:00:00,121.06627
2011-09-27 19:00:00,98.71797
2011-09-27 20:00:00,205.36095
2011-09-27 21:00:00,195.64343
2011-09-27 22:00:00,124.12607
2011-09-27 23:00:00,124.12607
2011-09-28 00:00:00,118.9597
2011-09-28 01:00:00,118.9597
2011-09-28 02:00:00,175.22649
2011-09-28 03:00:00,72.25227
2011-09-28 04:00:00,118.9597
2011-09-28 05:00:00,91.36039
2011-09-28 06:00:00,82.51692
2011-09-28 07:00:00,82.51692
2011-09-28 08:00:00,90.825645
2011-09-28 09:00:00,90.825645
2011-09-28 10:00:00,116.79896
2011-09-28 11:00:00,199.32545
2011-09-28 12:00:00,253.64542
2011-09-28 13:00:00,265.5435
2011-09-28 14:00:00,379.55966
2011-09-28 15:00:00,233.50275
2011-09-28 16:00:00,271.44464
2011-09-28 17:00:00,270.12305
2011-09-28 18:00:00,200.42976
2011-09-28 19:00:00,200.21603
2011-09-28 20:00:00,180.08563
2011-09-28 21:00:00,112.730705
2011-09-28 22:00:00,125.874214
2011-09-28 23:00:00,53.1866
2011-09-29 00:00:00,65.90407
2011-09-29 01:00:00,74.06425
2011-09-29 02:00:00,74.06425
2011-09-29 03:00:00,67.64281
2011-09-29 04:00:00,127.58859
2011-09-29 05:00:00,126.72732
2011-09-29 06:00:00,128.44086
2011-09-29 07:00:00,130.37244
2011-09-29 08:00:00,136.27284
2011-09-29 09:00:00,224.70758
2011-09-29 10:00:00,247.5649
2011-09-29 11:00:00,282.4985
2011-09-29 12:00:00,288.31757
2011-09-29 13:00:00,302.52423
2011-09-29 14:00:00,328.90115
2011-09-29 15:00:00,311.48224
2011-09-29 16:00:00,335.5507
2011-09-29 17:00:00,300.86307
2011-09-29 18:00:00,312.02975
2011-09-29 19:00:00,296.2738
2011-09-29 20:00:00,294.0862
2011-09-29 21:00:00,302.58664
2011-09-29 22:00:00,240.01802
2011-09-29 23:00:00,164.36038
2011-09-30 00:00:00,162.4509
2011-09-30 01:00:00,138.17451
2011-09-30 02:00:00,162.4509
2011-09-30 03:00:00,162.4509
2011-09-30 04:00:00,166.43427
2011-09-30 05:00:00,166.43427
2011-09-30 06:00:00,171.62207
2011-09-30 07:00:00,171.62207
2011-09-30 08:00:00,162.0808
2011-09-30 09:00:00,125.74681
2011-09-30 10:00:00,317.52975
2011-09-30 11:00:00,301.6043
2011-09-30 12:00:00,299.07947
2011-09-30 13:00:00,283.6432
2011-09-30 14:00:00,277.69333
2011-09-30 15:00:00,305.10742
2011-09-30 16:00:00,305.4276
2011-09-30 17:00:00,291.9528
2011-09-30 18:00:00,280.42883
2011-09-30 19:00:00,187.73492
2011-09-30 20:00:00,187.73492
2011-09-30 21:00:00,187.63974
2011-09-30 22:00:00,183.42647
2011-09-30 23:00:00,183.42647
2011-10-20 00:00:00,118.00582
2011-10-20 01:00:00,219.10353
2011-10-20 02:00:00,221.56082
2011-10-20 03:00:00,126.49819
2011-10-20 04:00:00,126.49819
2011-10-20 05:00:00,132.62854
2011-10-20 06:00:00,103.8662
2011-10-20 07:00:00,84.70296
2011-10-20 08:00:00,132.12796
2011-10-20 09:00:00,134.87708
2011-10-20 10:00:00,175.2511
2011-10-20 11:00:00,156.74597
2011-10-20 12:00:00,183.02682
2011-10-20 13:00:00,234.9437
2011-10-20 14:00:00,190.87692
2011-10-20 15:00:00,204.7185
2011-10-20 16:00:00,204.7185
2011-10-20 17:00:00,182.22443
2011-10-20 18:00:00,180.26411
2011-10-20 19:00:00,155.14256
2011-10-20 20:00:00,173.56299
2011-10-20 21:00:00,157.00414
2011-10-20 22:00:00,154.7946
2011-10-20 23:00:00,133.96884
2011-10-21 00:00:00,141.85522
2011-10-21 01:00:00,143.83687
2011-10-21 02:00:00,118.889565
2011-10-21 03:00:00,112.92397
2011-10-21 04:00:00,110.98552
2011-10-21 05:00:00,98.19887
2011-10-21 06:00:00,109.82709
2011-10-21 07:00:00,109.82709
2011-10-21 08:00:00,122.84729
2011-10-21 09:00:00,132.76375
2011-10-21 10:00:00,155.37674
2011-10-21 11:00:00,188.29716
2011-10-21 12:00:00,196.68927
2011-10-21 13:00:00,147.56383
2011-10-21 14:00:00,262.47873
2011-10-21 15:00:00,198.72401
2011-10-21 16:00:00,199.71095
2011-10-21 17:00:00,181.34743
2011-10-21 18:00:00,164.98862
2011-10-21 19:00:00,150.75674
2011-10-21 20:00:00,165.24495
2011-10-21 21:00:00,118.71812
2011-10-21 22:00:00,133.55319
2011-10-21 23:00:00,144.03308
2011-10-22 00:00:00,131.35643
2011-10-22 01:00:00,131.35643
2011-10-22 02:00:00,107.5624
2011-10-22 03:00:00,125.41288
2011-10-22 04:00:00,91.785065
2011-10-22 05:00:00,91.1016
2011-10-22 06:00:00,86.367805
2011-10-22 07:00:00,88.58206
2011-10-22 08:00:00,100.36714
2011-10-22 09:00:00,131.64162
2011-10-22 10:00:00,140.41904
2011-10-22 11:00:00,140.41904
2011-10-22 12:00:00,155.95808
2011-10-22 13:00:00,208.53096
2011-10-22 14:00:00,200.62476
2011-10-22 15:00:00,184.18144
2011-10-22 16:00:00,200.2655
2011-10-22 17:00:00,141.3406
2011-10-22 18:00:00,134.16632
2011-10-22 19:00:00,118.34752
2011-10-22 20:00:00,133.40453
2011-10-22 21:00:00,88.99087
2011-10-22 22:00:00,88.99087
2011-10-22 23:00:00,80.52039
2011-10-23 00:00:00,155.75421
2011-10-23 01:00:00,155.75421
2011-10-23 02:00:00,144.16345
2011-10-23 03:00:00,154.03467
2011-10-23 04:00:00,154.03467
2011-10-23 05:00:00,129.45657
2011-10-23 06:00:00,120.89502
2011-10-23 07:00:00,144.17757
2011-10-23 08:00:00,133.83582
2011-10-23 09:00:00,93.14269
2011-10-23 10:00:00,125.12231
2011-10-23 11:00:00,107.51301
2011-10-23 12:00:00,192.42032
2011-10-23 13:00:00,148.21524
2011-10-23 14:00:00,181.5586
2011-10-23 15:00:00,170.40073
2011-10-23 16:00:00,148.21524
2011-10-23 17:00:00,196.78584
2011-10-23 18:00:00,210.1528
2011-10-23 19:00:00,125.24205
2011-10-23 20:00:00,107.33604
2011-10-23 21:00:00,107.33604
2011-10-23 22:00:00,102.37353
2011-10-23 23:00:00,73.57449
2011-10-24 00:00:00,166.49484
2011-10-24 01:00:00,154.52922
2011-10-24 02:00:00,209.24228
2011-10-24 03:00:00,154.82913
2011-10-24 04:00:00,160.44958
2011-10-24 05:00:00,206.41457
2011-10-24 06:00:00,209.24228
2011-10-24 07:00:00,83.94053
2011-10-24 08:00:00,165.91116
2011-10-24 09:00:00,149.28163
2011-10-24 10:00:00,146.62164
2011-10-24 11:00:00,187.12086
2011-10-24 12:00:00,239.39989
2011-10-24 13:00:00,193.28542
2011-10-24 14:00:00,197.19374
2011-10-24 15:00:00,249.25424
2011-10-24 16:00:00,180.09344
2011-10-24 17:00:00,237.08125
2011-10-24 18:00:00,261.42325
2011-10-24 19:00:00,143.83194
2011-10-24 20:00:00,171.80418
2011-10-24 21:00:00,209.48868
2011-10-24 22:00:00,140.46518
2011-10-24 23:00:00,176.86024
2011-10-25 00:00:00,146.02078
2011-10-25 01:00:00,146.02078
2011-10-25 02:00:00,126.17078
2011-10-25 03:00:00,197.4708
2011-10-25 04:00:00,212.82454
2011-10-25 05:00:00,212.82454
2011-10-25 06:00:00,164.00618
2011-10-25 07:00:00,121.917336
2011-10-25 08:00:00,163.48245
2011-10-25 09:00:00,194.20813
2011-10-25 10:00:00,238.31061
2011-10-25 11:00:00,182.8273
2011-10-25 12:00:00,244.90057
2011-10-25 13:00:00,260.36728
2011-10-25 14:00:00,261.4905
2011-10-25 15:00:00,213.4033
2011-10-25 16:00:00,233.13724
2011-10-25 17:00:00,213.4033
2011-10-25 18:00:00,216.4392
2011-10-25 19:00:00,171.42554
2011-10-25 20:00:00,162.89786
2011-10-25 21:00:00,137.11359
2011-10-25 22:00:00,180.9053
2011-10-25 23:00:00,137.33997
2011-10-26 00:00:00,118.5585
2011-10-26 01:00:00,162.70128
2011-10-26 02:00:00,169.22186
2011-10-26 03:00:00,160.33633
2011-10-26 04:00:00,102.7191
2011-10-26 05:00:00,109.277
2011-10-26 06:00:00,109.277
2011-10-26 07:00:00,109.17746
2011-10-26 08:00:00,186.81398
2011-10-26 09:00:00,208.79593
2011-10-26 10:00:00,175.21262
2011-10-26 11:00:00,126.265274
2011-10-26 12:00:00,238.26294
2011-10-26 13:00:00,294.87396
2011-10-26 14:00:00,148.94669
2011-10-26 15:00:00,148.94669
2011-10-26 16:00:00,159.74292
2011-10-26 17:00:00,151.85994
2011-10-26 18:00:00,52.64442
2011-10-26 19:00:00,125.21405
2011-10-26 20:00:00,197.43077
2011-10-26 21:00:00,148.91791
2011-10-26 22:00:00,202.32234
2011-10-26 23:00:00,202.32234
2011-10-27 00:00:00,77.278694
2011-10-27 01:00:00,77.278694
2011-10-27 02:00:00,96.52254
2011-10-27 03:00:00,96.52254
2011-10-27 04:00:00,132.329
2011-10-27 05:00:00,165.31323
2011-10-27 06:00:00,129.22719
2011-10-27 07:00:00,60.33539
2011-10-27 08:00:00,146.21968
2011-10-27 09:00:00,87.39804
2011-10-27 10:00:00,140.44868
2011-10-27 11:00:00,137.77802
2011-10-27 12:00:00,137.77802
2011-10-27 13:00:00,173.47194
2011-10-27 14:00:00,125.88878
2011-10-27 15:00:00,147.98245
2011-10-27 16:00:00,90.08406
2011-10-27 17:00:00,155.65388
2011-10-27 18:00:00,166.33212
2011-10-27 19:00:00,131.363
2011-10-27 20:00:00,137.52707
2011-10-27 21:00:00,133.78534
2011-10-27 22:00:00,143.30956
2011-10-27 23:00:00,140.70825
2011-10-28 00:00:00,135.43834
2011-10-28 01:00:00,125.41468
2011-10-28 02:00:00,126.76666
2011-10-28 03:00:00,125.713684
2011-10-28 04:00:00,123.13349
2011-10-28 05:00:00,123.11235
2011-10-28 06:00:00,123.64568
2011-10-28 07:00:00,123.64568
2011-10-28 08:00:00,117.85851
2011-10-28 09:00:00,142.01222
2011-10-28 10:00:00,144.91826
2011-10-28 11:00:00,151.05725
2011-10-28 12:00:00,226.52444
2011-10-28 13:00:00,228.37614
2011-10-28 14:00:00,199.51929
2011-10-28 15:00:00,212.21033
2011-10-28 16:00:00,192.83434
2011-10-28 17:00:00,156.13414
2011-10-28 18:00:00,153.9578
2011-10-28 19:00:00,156.13414
2011-10-28 20:00:00,144.97739
2011-10-28 21:00:00,111.0554
2011-10-28 22:00:00,102.22814
2011-10-28 23:00:00,92.4124
2011-10-29 00:00:00,53.891834
2011-10-29 01:00:00,54.82587
2011-10-29 02:00:00,54.82587
2011-10-29 03:00:00,77.6305
2011-10-29 04:00:00,77.6305
2011-10-29 05:00:00,48.997353
2011-10-29 06:00:00,54.418518
2011-10-29 07:00:00,54.418518
2011-10-29 08:00:00,59.843056
2011-10-29 09:00:00,59.843056
2011-10-29 10:00:00,44.19125
2011-10-29 11:00:00,50.56028
2011-10-29 12:00:00,58.14605
2011-10-29 13:00:00,59.75841
2011-10-29 14:00:00,61.43126
2011-10-29 15:00:00,37.126312
2011-10-29 16:00:00,42.915035
2011-10-29 17:00:00,42.915035
2011-10-29 18:00:00,42.915035
2011-10-29 19:00:00,104.75643
2011-10-29 20:00:00,104.75643
2011-10-29 21:00:00,104.75643
2011-10-29 22:00:00,61.3241
2011-10-29 23:00:00,60.63043
2011-10-30 00:00:00,61.73267
2011-10-30 01:00:00,61.98838
2011-10-30 02:00:00,72.0463
2011-10-30 03:00:00,60.315624
2011-10-30 04:00:00,59.4393
2011-10-30 05:00:00,43.79176
2011-10-30 06:00:00,38.966175
2011-10-30 07:00:00,37.98368
2011-10-30 08:00:00,50.656372
2011-10-30 09:00:00,62.829235
2011-10-30 10:00:00,97.14775
2011-10-30 11:00:00,133.90059
2011-10-30 12:00:00,133.50432
2011-10-30 13:00:00,245.01318
2011-10-30 14:00:00,259.8467
2011-10-30 15:00:00,275.75055
2011-10-30 16:00:00,278.98892
2011-10-30 17:00:00,254.1357
2011-10-30 18:00:00,206.4432
2011-10-30 19:00:00,187.38138
2011-10-30 20:00:00,97.47707
2011-10-30 21:00:00,82.8703
2011-10-30 22:00:00,68.71093
2011-10-30 23:00:00,104.44461
2011-10-31 00:00:00,174.76076
2011-10-31 01:00:00,144.99323
2011-10-31 02:00:00,152.17366
2011-10-31 03:00:00,139.55116
2011-10-31 04:00:00,152.17366
2011-10-31 05:00:00,129.486
2011-10-31 06:00:00,152.17366
2011-10-31 07:00:00,124.21991
2011-10-31 08:00:00,139.14282
2011-10-31 09:00:00,153.90834
2011-10-31 10:00:00,167.24402
2011-10-31 11:00:00,162.39113
2011-10-31 12:00:00,195.46896
2011-10-31 13:00:00,206.02843
2011-10-31 14:00:00,188.3471
2011-10-31 15:00:00,139.99239
2011-10-31 16:00:00,149.68263
2011-10-31 17:00:00,155.36351
2011-10-31 18:00:00,129.44096
2011-10-31 19:00:00,129.44096
2011-10-31 20:00:00,129.44096
2011-10-31 21:00:00,169.1057
2011-10-31 22:00:00,169.1057
2011-10-31 23:00:00,169.1057
2011-11-20 00:00:00,117.906555
2011-11-20 01:00:00,108.866295
2011-11-20 02:00:00,103.36877
2011-11-20 03:00:00,117.163216
2011-11-20 04:00:00,126.54487
2011-11-20 05:00:00,125.522675
2011-11-20 06:00:00,124.82967
2011-11-20 07:00:00,140.31361
2011-11-20 08:00:00,123.02925
2011-11-20 09:00:00,151.0189
2011-11-20 10:00:00,153.92426
2011-11-20 11:00:00,172.07132
2011-11-20 12:00:00,149.62044
2011-11-20 13:00:00,150.18747
2011-11-20 14:00:00,130.19438
2011-11-20 15:00:00,174.51474
2011-11-20 16:00:00,187.8454
2011-11-20 17:00:00,132.28836
2011-11-20 18:00:00,149.64906
2011-11-20 19:00:00,161.77734
2011-11-20 20:00:00,242.02771
2011-11-20 21:00:00,126.995514
2011-11-20 22:00:00,103.08652
2011-11-20 23:00:00,103.08652
2011-11-21 00:00:00,134.7287
2011-11-21 01:00:00,74.78193
2011-11-21 02:00:00,81.10881
2011-11-21 03:00:00,92.68798
2011-11-21 04:00:00,92.68798
2011-11-21 05:00:00,136.36148
2011-11-21 06:00:00,153.6831
2011-11-21 07:00:00,110.19231
2011-11-21 08:00:00,134.7287
2011-11-21 09:00:00,111.802925
2011-11-21 10:00:00,186.43036
2011-11-21 11:00:00,195.59212
2011-11-21 12:00:00,179.7893
2011-11-21 13:00:00,179.7893
2011-11-21 14:00:00,137.71234
2011-11-21 15:00:00,81.8081
2011-11-21 16:00:00,81.8081
2011-11-21 17:00:00,116.39684
2011-11-21 18:00:00,111.88512
2011-11-21 19:00:00,108.029106
2011-11-21 20:00:00,121.050804
2011-11-21 21:00:00,125.56621
2011-11-21 22:00:00,123.61275
2011-11-21 23:00:00,125.37026
2011-11-22 00:00:00,105.69798
2011-11-22 01:00:00,103.09909
2011-11-22 02:00:00,107.92071
2011-11-22 03:00:00,107.92071
2011-11-22 04:00:00,111.3024
2011-11-22 05:00:00,111.3024
2011-11-22 06:00:00,117.73673
2011-11-22 07:00:00,99.01303
2011-11-22 08:00:00,99.01303
2011-11-22 09:00:00,119.53631
2011-11-22 10:00:00,119.53631
2011-11-22 11:00:00,103.09909
2011-11-22 12:00:00,119.468
2011-11-22 13:00:00,114.3222
2011-11-22 14:00:00,114.3222
2011-11-22 15:00:00,94.85139
2011-11-22 16:00:00,94.85139
2011-11-22 17:00:00,91.934654
2011-11-22 18:00:00,100.15821
2011-11-22 19:00:00,79.19344
2011-11-22 20:00:00,105.63259
2011-11-22 21:00:00,96.18571
2011-11-22 22:00:00,116.716736
2011-11-22 23:00:00,114.4082
2011-11-23 00:00:00,97.86548
2011-11-23 01:00:00,99.71496
2011-11-23 02:00:00,99.505264
2011-11-23 03:00:00,99.505264
2011-11-23 04:00:00,118.808846
2011-11-23 05:00:00,59.579
2011-11-23 06:00:00,78.813255
2011-11-23 07:00:00,73.69597
2011-11-23 08:00:00,99.37454
2011-11-23 09:00:00,118.483864
2011-11-23 10:00:00,118.483864
2011-11-23 11:00:00,151.94408
2011-11-23 12:00:00,104.29787
2011-11-23 13:00:00,78.26472
2011-11-23 14:00:00,100.25563
2011-11-23 15:00:00,95.6679
2011-11-23 16:00:00,84.00294
2011-11-23 17:00:00,114.08089
2011-11-23 18:00:00,73.807274
2011-11-23 19:00:00,94.558784
2011-11-23 20:00:00,116.91048
2011-11-23 21:00:00,138.53772
2011-11-23 22:00:00,156.31569
2011-11-23 23:00:00,131.57219
2011-11-24 00:00:00,109.96863
2011-11-24 01:00:00,158.0247
2011-11-24 02:00:00,143.20294
2011-11-24 03:00:00,77.22367
2011-11-24 04:00:00,145.2555
2011-11-24 05:00:00,156.12859
2011-11-24 06:00:00,145.2555
2011-11-24 07:00:00,64.157425
2011-11-24 08:00:00,121.503006
2011-11-24 09:00:00,156.89165
2011-11-24 10:00:00,146.77567
2011-11-24 11:00:00,219.94641
2011-11-24 12:00:00,233.92761
2011-11-24 13:00:00,233.56944
2011-11-24 14:00:00,259.46567
2011-11-24 15:00:00,266.0664
2011-11-24 16:00:00,231.97322
2011-11-24 17:00:00,233.51434
2011-11-24 18:00:00,149.64334
2011-11-24 19:00:00,140.1514
2011-11-24 20:00:00,105.369125
2011-11-24 21:00:00,149.95045
2011-11-24 22:00:00,149.95045
2011-11-24 23:00:00,100.80397
2011-11-25 00:00:00,127.074646
2011-11-25 01:00:00,111.48604
2011-11-25 02:00:00,131.62683
2011-11-25 03:00:00,112.66013
2011-11-25 04:00:00,143.38918
2011-11-25 05:00:00,125.77258
2011-11-25 06:00:00,120.93377
2011-11-25 07:00:00,163.7913
2011-11-25 08:00:00,124.13682
2011-11-25 09:00:00,116.15399
2011-11-25 10:00:00,162.73999
2011-11-25 11:00:00,134.29308
2011-11-25 12:00:00,166.91653
2011-11-25 13:00:00,190.49077
2011-11-25 14:00:00,246.94809
2011-11-25 15:00:00,238.55565
2011-11-25 16:00:00,220.8084
2011-11-25 17:00:00,243.77979
2011-11-25 18:00:00,199.22491
2011-11-25 19:00:00,148.89024
2011-11-25 20:00:00,116.213776
2011-11-25 21:00:00,160.22743
2011-11-25 22:00:00,158.70435
2011-11-25 23:00:00,125.81091
2011-11-26 00:00:00,118.038734
2011-11-26 01:00:00,131.70259
2011-11-26 02:00:00,133.24796
2011-11-26 03:00:00,135.59747
2011-11-26 04:00:00,135.59747
2011-11-26 05:00:00,139.97125
2011-11-26 06:00:00,145.37129
2011-11-26 07:00:00,95.22313
2011-11-26 08:00:00,131.98085
2011-11-26 09:00:00,119.37707
2011-11-26 10:00:00,96.572914
2011-11-26 11:00:00,131.13216
2011-11-26 12:00:00,147.52664
2011-11-26 13:00:00,230.57451
2011-11-26 14:00:00,182.60016
2011-11-26 15:00:00,260.15262
2011-11-26 16:00:00,158.88911
2011-11-26 17:00:00,158.88911
2011-11-26 18:00:00,118.90405
2011-11-26 19:00:00,131.80107
2011-11-26 20:00:00,130.82509
2011-11-26 21:00:00,72.1891
2011-11-26 22:00:00,110.54391
2011-11-26 23:00:00,96.3072
2011-11-27 00:00:00,103.59223
2011-11-27 01:00:00,103.59223
2011-11-27 02:00:00,110.62942
2011-11-27 03:00:00,130.30571
2011-11-27 04:00:00,98.66119
2011-11-27 05:00:00,96.29437
2011-11-27 06:00:00,99.053795
2011-11-27 07:00:00,111.06095
2011-11-27 08:00:00,113.38929
2011-11-27 09:00:00,139.83954
2011-11-27 10:00:00,139.83954
2011-11-27 11:00:00,118.60989
2011-11-27 12:00:00,191.33548
2011-11-27 13:00:00,138.68661
2011-11-27 14:00:00,432.1778
2011-11-27 15:00:00,441.20316
2011-11-27 16:00:00,183.17017
2011-11-27 17:00:00,160.56602
2011-11-27 18:00:00,135.03577
2011-11-27 19:00:00,169.54446
2011-11-27 20:00:00,121.28245
2011-11-27 21:00:00,151.8197
2011-11-27 22:00:00,144.68958
2011-11-27 23:00:00,144.68958
2011-11-28 00:00:00,152.10745
2011-11-28 01:00:00,167.42041
2011-11-28 03:00:00,170.19025
2011-11-28 04:00:00,161.26237
2011-11-28 05:00:00,153.3141
2011-11-28 06:00:00,152.27844
2011-11-28 07:00:00,169.1465
2011-11-28 08:00:00,159.3234
2011-11-28 09:00:00,108.16285
2011-11-28 10:00:00,156.63757
2011-11-28 11:00:00,295.4561
2011-11-28 12:00:00,308.48526
2011-11-28 13:00:00,237.14107
2011-11-28 14:00:00,366.7961
2011-11-28 15:00:00,212.3879
2011-11-28 16:00:00,192.92636
2011-11-28 17:00:00,229.9259
2011-11-28 18:00:00,163.67822
2011-11-28 19:00:00,190.8524
2011-11-28 20:00:00,196.55675
2011-11-28 21:00:00,219.71204
2011-11-28 22:00:00,194.26433
2011-11-28 23:00:00,181.01668
2011-11-29 00:00:00,205.31192
2011-11-29 01:00:00,207.39877
2011-11-29 02:00:00,176.28795
2011-11-29 03:00:00,176.28795
2011-11-29 04:00:00,142.24402
2011-11-29 05:00:00,198.16624
2011-11-29 06:00:00,140.00868
2011-11-29 07:00:00,136.92238
2011-11-29 08:00:00,145.72452
2011-11-29 09:00:00,147.84581
2011-11-29 10:00:00,147.65875
2011-11-29 11:00:00,125.401436
2011-11-29 12:00:00,110.64502
2011-11-29 13:00:00,120.450775
2011-11-29 14:00:00,93.26311
2011-11-29 15:00:00,119.071556
2011-11-29 16:00:00,92.862
2011-11-29 17:00:00,112.93146
2011-11-29 18:00:00,107.08374
2011-11-29 19:00:00,124.19633
2011-11-29 20:00:00,102.74194
2011-11-29 21:00:00,102.74194
2011-11-29 22:00:00,127.994576
2011-11-29 23:00:00,144.11017
2011-11-30 00:00:00,115.455765
2011-11-30 01:00:00,123.132385
2011-11-30 02:00:00,143.41115
2011-11-30 03:00:00,143.41115
2011-11-30 04:00:00,127.18526
2011-11-30 05:00:00,117.17971
2011-11-30 06:00:00,123.003105
2011-11-30 07:00:00,101.89433
2011-11-30 08:00:00,117.17971
2011-11-30 09:00:00,124.491486
2011-11-30 10:00:00,158.77383
2011-11-30 11:00:00,123.86104
2011-11-30 12:00:00,140.90106
2011-11-30 13:00:00,197.70462
2011-11-30 14:00:00,197.70462
2011-11-30 15:00:00,194.91164
2011-11-30 16:00:00,188.25284
2011-11-30 17:00:00,117.00401
2011-11-30 18:00:00,123.74128
2011-11-30 19:00:00,123.68769
2011-11-30 20:00:00,123.68769
2011-11-30 21:00:00,191.3092
2011-11-30 22:00:00,136.42688
2011-11-30 23:00:00,105.69821
2011-12-20 00:00:00,138.68524
2011-12-20 01:00:00,139.27426
2011-12-20 02:00:00,156.88708
2011-12-20 03:00:00,156.88708
2011-12-20 04:00:00,142.04684
2011-12-20 05:00:00,145.08147
2011-12-20 06:00:00,145.08147
2011-12-20 07:00:00,151.78337
2011-12-20 08:00:00,152.4293
2011-12-20 09:00:00,171.52444
2011-12-20 10:00:00,155.38756
2011-12-20 11:00:00,165.07129
2011-12-20 12:00:00,156.9014
2011-12-20 13:00:00,156.9014
2011-12-20 14:00:00,150.23105
2011-12-20 15:00:00,151.60808
2011-12-20 16:00:00,151.23747
2011-12-20 17:00:00,138.42986
2011-12-20 18:00:00,191.5689
2011-12-20 19:00:00,150.98433
2011-12-20 20:00:00,154.66586
2011-12-20 21:00:00,151.72887
2011-12-20 22:00:00,170.72656
2011-12-20 23:00:00,155.3601
2011-12-21 00:00:00,118.46659
2011-12-21 01:00:00,156.46872
2011-12-21 02:00:00,150.762
2011-12-21 03:00:00,150.762
2011-12-21 04:00:00,150.762
2011-12-21 05:00:00,75.30473
2011-12-21 06:00:00,224.77655
2011-12-21 07:00:00,142.03401
2011-12-21 08:00:00,110.91823
2011-12-21 09:00:00,126.13345
2011-12-21 10:00:00,123.41579
2011-12-21 11:00:00,123.41579
2011-12-21 12:00:00,112.776405
2011-12-21 13:00:00,56.52616
2011-12-21 14:00:00,173.37578
2011-12-21 15:00:00,164.85309
2011-12-21 16:00:00,59.63991
2011-12-21 17:00:00,59.63991
2011-12-21 18:00:00,86.60059
2011-12-21 19:00:00,74.81676
2011-12-21 20:00:00,87.06991
2011-12-21 21:00:00,219.28296
2011-12-21 22:00:00,183.8294
2011-12-21 23:00:00,190.17317
2011-12-22 00:00:00,95.88095
2011-12-22 01:00:00,83.1221
2011-12-22 02:00:00,115.338905
2011-12-22 03:00:00,182.57297
2011-12-22 04:00:00,102.06656
2011-12-22 05:00:00,123.057465
2011-12-22 06:00:00,185.2494
2011-12-22 07:00:00,143.34021
2011-12-22 08:00:00,222.71706
2011-12-22 09:00:00,181.22305
2011-12-22 10:00:00,75.61704
2011-12-22 11:00:00,139.98705
2011-12-22 12:00:00,129.46863
2011-12-22 13:00:00,149.53854
2011-12-22 14:00:00,149.53854
2011-12-22 15:00:00,120.16565
2011-12-22 16:00:00,149.53854
2011-12-22 17:00:00,192.90082
2011-12-22 18:00:00,143.25694
2011-12-22 19:00:00,142.95473
2011-12-22 20:00:00,136.94855
2011-12-22 21:00:00,136.94855
2011-12-22 22:00:00,98.83462
2011-12-22 23:00:00,181.76016
2011-12-23 00:00:00,117.678566
2011-12-23 01:00:00,117.678566
2011-12-23 02:00:00,90.928185
2011-12-23 03:00:00,90.928185
2011-12-23 04:00:00,64.95457
2011-12-23 05:00:00,112.63797
2011-12-23 06:00:00,90.11306
2011-12-23 07:00:00,98.05769
2011-12-23 08:00:00,122.47044
2011-12-23 09:00:00,151.439
2011-12-23 10:00:00,122.56111
2011-12-23 11:00:00,118.80079
2011-12-23 12:00:00,126.73801
2011-12-23 13:00:00,154.616
2011-12-23 14:00:00,124.5875
2011-12-23 15:00:00,118.27225
2011-12-23 16:00:00,152.70105
2011-12-23 17:00:00,118.41872
2011-12-23 18:00:00,155.714
2011-12-23 19:00:00,147.91867
2011-12-23 20:00:00,159.51003
2011-12-23 21:00:00,171.8113
2011-12-23 22:00:00,188.4909
2011-12-23 23:00:00,136.30809
2011-12-24 00:00:00,147.51012
2011-12-24 01:00:00,147.20088
2011-12-24 02:00:00,142.01628
2011-12-24 03:00:00,113.384865
2011-12-24 04:00:00,175.62508
2011-12-24 05:00:00,175.62508
2011-12-24 06:00:00,143.74347
2011-12-24 07:00:00,161.46819
2011-12-24 08:00:00,142.77078
2011-12-24 09:00:00,187.10387
2011-12-24 10:00:00,161.5386
2011-12-24 11:00:00,188.61743
2011-12-24 12:00:00,190.90889
2011-12-24 13:00:00,190.03908
2011-12-24 14:00:00,190.03908
2011-12-24 15:00:00,180.34863
2011-12-24 16:00:00,184.89526
2011-12-24 17:00:00,145.05803
2011-12-24 18:00:00,164.08588
2011-12-24 19:00:00,136.38379
2011-12-24 20:00:00,101.32957
2011-12-24 21:00:00,127.97157
2011-12-24 22:00:00,92.52943
2011-12-24 23:00:00,74.24044
2011-12-25 00:00:00,106.775276
2011-12-25 01:00:00,89.135376
2011-12-25 02:00:00,62.450294
2011-12-25 03:00:00,59.89462
2011-12-25 05:00:00,71.40987
2011-12-25 06:00:00,71.40987
2011-12-25 07:00:00,88.67033
2011-12-25 08:00:00,90.263695
2011-12-25 09:00:00,99.679535
2011-12-25 10:00:00,132.80597
2011-12-25 11:00:00,156.41888
2011-12-25 12:00:00,153.89836
2011-12-25 13:00:00,155.15791
2011-12-25 14:00:00,214.72978
2011-12-25 15:00:00,157.50223
2011-12-25 16:00:00,126.91514
2011-12-25 17:00:00,144.02617
2011-12-25 18:00:00,184.69812
2011-12-25 19:00:00,142.25429
2011-12-25 20:00:00,139.8959
2011-12-25 21:00:00,133.70447
2011-12-25 22:00:00,133.25558
2011-12-25 23:00:00,107.09185
2011-12-26 00:00:00,128.88606
2011-12-26 01:00:00,155.14568
2011-12-26 02:00:00,195.08525
2011-12-26 04:00:00,167.7332
2011-12-26 05:00:00,202.09096
2011-12-26 06:00:00,198.6911
2011-12-26 07:00:00,205.18364
2011-12-26 08:00:00,180.69125
2011-12-26 09:00:00,167.7332
2011-12-26 10:00:00,182.6771
2011-12-26 11:00:00,154.62608
2011-12-26 12:00:00,202.9601
2011-12-26 13:00:00,180.69302
2011-12-26 14:00:00,176.40906
2011-12-26 15:00:00,188.16862
2011-12-26 16:00:00,193.11122
2011-12-26 17:00:00,195.20409
2011-12-26 18:00:00,162.99796
2011-12-26 19:00:00,162.08171
2011-12-26 20:00:00,176.8068
2011-12-26 21:00:00,73.014366
2011-12-26 22:00:00,73.014366
2011-12-26 23:00:00,95.59583
2011-12-27 00:00:00,155.70033
2011-12-27 01:00:00,149.2289
2011-12-27 02:00:00,149.2289
2011-12-27 03:00:00,154.66806
2011-12-27 04:00:00,167.41173
2011-12-27 05:00:00,164.7035
2011-12-27 06:00:00,143.1933
2011-12-27 07:00:00,160.1711
2011-12-27 08:00:00,164.50418
2011-12-27 09:00:00,133.01108
2011-12-27 10:00:00,156.06961
2011-12-27 11:00:00,133.01108
2011-12-27 12:00:00,139.66815
2011-12-27 13:00:00,147.96962
2011-12-27 14:00:00,122.71421
2011-12-27 15:00:00,122.71421
2011-12-27 16:00:00,103.6717
2011-12-27 17:00:00,123.73915
2011-12-27 18:00:00,185.98344
2011-12-27 19:00:00,158.36784
2011-12-27 20:00:00,203.80913
2011-12-27 21:00:00,194.64677
2011-12-27 22:00:00,194.64677
2011-12-27 23:00:00,143.7643
2011-12-28 00:00:00,167.09659
2011-12-28 01:00:00,156.90846
2011-12-28 02:00:00,163.43262
2011-12-28 03:00:00,163.43262
2011-12-28 05:00:00,191.87216
2011-12-28 06:00:00,140.07272
2011-12-28 07:00:00,140.07272
2011-12-28 08:00:00,191.87216
2011-12-28 09:00:00,127.37606
2011-12-28 10:00:00,166.29291
2011-12-28 11:00:00,193.77766
2011-12-28 12:00:00,128.80852
2011-12-28 13:00:00,181.36389
2011-12-28 14:00:00,201.15846
2011-12-28 15:00:00,200.0247
2011-12-28 16:00:00,205.09848
2011-12-28 17:00:00,198.60234
2011-12-28 18:00:00,211.1504
2011-12-28 19:00:00,183.46931
2011-12-28 20:00:00,172.7406
2011-12-28 21:00:00,153.73895
2011-12-28 22:00:00,153.47472
2011-12-28 23:00:00,162.01434
2011-12-29 00:00:00,133.29556
2011-12-29 01:00:00,131.47592
2011-12-29 02:00:00,102.22281
2011-12-29 03:00:00,145.80688
2011-12-29 04:00:00,147.57922
2011-12-29 05:00:00,130.44315
2011-12-29 06:00:00,98.015015
2011-12-29 07:00:00,92.94926
2011-12-29 08:00:00,203.66666
2011-12-29 09:00:00,154.0198
2011-12-29 10:00:00,140.0111
2011-12-29 11:00:00,141.82495
2011-12-29 12:00:00,108.232346
2011-12-29 13:00:00,144.12244
2011-12-29 14:00:00,165.02402
2011-12-29 15:00:00,164.12138
2011-12-29 16:00:00,156.24469
2011-12-29 17:00:00,158.33365
2011-12-29 18:00:00,141.11435
2011-12-29 19:00:00,144.66283
2011-12-29 20:00:00,110.00567
2011-12-29 21:00:00,131.45895
2011-12-29 22:00:00,118.63483
2011-12-29 23:00:00,171.57484
2011-12-30 00:00:00,138.59254
2011-12-30 01:00:00,104.44573
2011-12-30 02:00:00,158.2459
2011-12-30 03:00:00,158.2459
2011-12-30 04:00:00,116.04117
2011-12-30 05:00:00,104.7452
2011-12-30 06:00:00,116.04117
2011-12-30 07:00:00,111.22507
2011-12-30 08:00:00,152.31094
2011-12-30 09:00:00,83.0469
2011-12-30 10:00:00,169.55644
2011-12-30 11:00:00,186.975
2011-12-30 12:00:00,129.75127
2011-12-30 13:00:00,116.7454
2011-12-30 14:00:00,147.91934
2011-12-30 15:00:00,216.29346
2011-12-30 16:00:00,165.6686
2011-12-30 17:00:00,111.12192
2011-12-30 18:00:00,120.117805
2011-12-30 19:00:00,161.24568
2011-12-30 20:00:00,163.78711
2011-12-30 21:00:00,153.21288
2011-12-30 22:00:00,147.31497
2011-12-30 23:00:00,181.59853
2011-12-31 00:00:00,135.52545
2011-12-31 01:00:00,133.24536
2011-12-31 02:00:00,133.24536
2011-12-31 03:00:00,133.24536
2011-12-31 04:00:00,129.78345
2011-12-31 05:00:00,115.62788
2011-12-31 06:00:00,111.54191
2011-12-31 07:00:00,102.91646
2011-12-31 08:00:00,126.98832
2011-12-31 09:00:00,112.27928
2011-12-31 10:00:00,112.0975
2011-12-31 11:00:00,120.73765
2011-12-31 12:00:00,287.2795
2011-12-31 13:00:00,283.30472
2011-12-31 14:00:00,135.95459
2011-12-31 15:00:00,174.1776
2011-12-31 16:00:00,133.29091
2011-12-31 17:00:00,124.819214
2011-12-31 18:00:00,127.59438
2011-12-31 19:00:00,121.11293
2011-12-31 20:00:00,121.11293
2011-12-31 21:00:00,120.74492
2011-12-31 22:00:00,125.58351
2011-12-31 23:00:00,130.24452
2012-01-20 00:00:00,129.22943
2012-01-20 01:00:00,105.84644
2012-01-20 02:00:00,105.84644
2012-01-20 03:00:00,116.94487
2012-01-20 04:00:00,128.1188
2012-01-20 05:00:00,128.43175
2012-01-20 06:00:00,158.02121
2012-01-20 07:00:00,186.20212
2012-01-20 08:00:00,201.27223
2012-01-20 09:00:00,144.39795
2012-01-20 10:00:00,177.55576
2012-01-20 11:00:00,218.5514
2012-01-20 12:00:00,202.17519
2012-01-20 13:00:00,208.95984
2012-01-20 14:00:00,205.87183
2012-01-20 15:00:00,170.07907
2012-01-20 16:00:00,164.00813
2012-01-20 17:00:00,207.21031
2012-01-20 18:00:00,169.32072
2012-01-20 19:00:00,168.7882
2012-01-20 20:00:00,169.32072
2012-01-20 21:00:00,156.56908
2012-01-20 22:00:00,175.697
2012-01-20 23:00:00,172.86203
2012-01-21 00:00:00,142.65404
2012-01-21 01:00:00,150.92007
2012-01-21 02:00:00,119.39619
2012-01-21 03:00:00,113.959724
2012-01-21 04:00:00,107.341675
2012-01-21 05:00:00,114.72258
2012-01-21 06:00:00,87.75412
2012-01-21 07:00:00,87.75412
2012-01-21 08:00:00,109.043884
2012-01-21 09:00:00,109.043884
2012-01-21 10:00:00,111.870865
2012-01-21 11:00:00,121.84949
2012-01-21 12:00:00,111.91202
2012-01-21 13:00:00,144.13994
2012-01-21 14:00:00,128.89865
2012-01-21 15:00:00,128.89865
2012-01-21 16:00:00,138.55614
2012-01-21 17:00:00,139.7458
2012-01-21 18:00:00,129.34598
2012-01-21 19:00:00,146.27977
2012-01-21 20:00:00,146.54256
2012-01-21 21:00:00,129.36816
2012-01-21 22:00:00,121.686874
2012-01-21 23:00:00,157.93817
2012-01-22 00:00:00,159.32863
2012-01-22 01:00:00,113.18594
2012-01-22 02:00:00,115.05933
2012-01-22 03:00:00,107.526405
2012-01-22 04:00:00,145.90036
2012-01-22 05:00:00,131.993
2012-01-22 06:00:00,139.11111
2012-01-22 07:00:00,139.11111
2012-01-22 08:00:00,139.11111
2012-01-22 09:00:00,139.11111
2012-01-22 10:00:00,132.43283
2012-01-22 11:00:00,151.01717
2012-01-22 12:00:00,151.36177
2012-01-22 13:00:00,134.88243
2012-01-22 14:00:00,136.30501
2012-01-22 15:00:00,147.27756
2012-01-22 16:00:00,147.27756
2012-01-22 17:00:00,134.53058
2012-01-22 18:00:00,115.8506
2012-01-22 19:00:00,115.8506
2012-01-22 20:00:00,129.64386
2012-01-22 21:00:00,115.8506
2012-01-22 22:00:00,97.08707
2012-01-22 23:00:00,104.78406
2012-01-23 00:00:00,183.32793
2012-01-23 01:00:00,153.60371
2012-01-23 02:00:00,153.60371
2012-01-23 03:00:00,183.12724
2012-01-23 04:00:00,199.51942
2012-01-23 05:00:00,177.25711
2012-01-23 06:00:00,177.25711
2012-01-23 07:00:00,162.08772
2012-01-23 08:00:00,136.57971
2012-01-23 09:00:00,137.15807
2012-01-23 10:00:00,145.3072
2012-01-23 11:00:00,122.93671
2012-01-23 12:00:00,148.75558
2012-01-23 13:00:00,123.22493
2012-01-23 14:00:00,110.30905
2012-01-23 15:00:00,240.37834
2012-01-23 16:00:00,91.04877
2012-01-23 17:00:00,80.76752
2012-01-23 18:00:00,84.821884
2012-01-23 19:00:00,86.08331
2012-01-23 20:00:00,234.99232
2012-01-23 21:00:00,241.69794
2012-01-23 22:00:00,241.69794
2012-01-23 23:00:00,111.723465
2012-01-24 00:00:00,245.53297
2012-01-24 01:00:00,112.62834
2012-01-24 02:00:00,112.45086
2012-01-24 03:00:00,123.147606
2012-01-24 04:00:00,237.88087
2012-01-24 05:00:00,237.88087
2012-01-24 06:00:00,112.32463
2012-01-24 07:00:00,123.147606
2012-01-24 08:00:00,123.147606
2012-01-24 09:00:00,159.0245
2012-01-24 10:00:00,160.01155
2012-01-24 11:00:00,148.65703
2012-01-24 12:00:00,146.76051
2012-01-24 13:00:00,147.04054
2012-01-24 14:00:00,145.01627
2012-01-24 15:00:00,90.60327
2012-01-24 16:00:00,101.751854
2012-01-24 17:00:00,113.35574
2012-01-24 18:00:00,75.988434
2012-01-24 19:00:00,66.510635
2012-01-24 20:00:00,132.0583
2012-01-24 21:00:00,126.36396
2012-01-24 22:00:00,122.90901
2012-01-24 23:00:00,132.70532
2012-01-25 00:00:00,154.24683
2012-01-25 01:00:00,141.53711
2012-01-25 02:00:00,109.34678
2012-01-25 03:00:00,121.00899
2012-01-25 04:00:00,142.7719
2012-01-25 05:00:00,142.7719
2012-01-25 06:00:00,152.7756
2012-01-25 07:00:00,141.44643
2012-01-25 08:00:00,189.76094
2012-01-25 09:00:00,189.76094
2012-01-25 10:00:00,117.697495
2012-01-25 11:00:00,135.57135
2012-01-25 12:00:00,106.395966
2012-01-25 13:00:00,125.7258
2012-01-25 14:00:00,123.62223
2012-01-25 15:00:00,182.03334
2012-01-25 16:00:00,120.4208
2012-01-25 17:00:00,84.33624
2012-01-25 18:00:00,102.010704
2012-01-25 19:00:00,87.973175
2012-01-25 20:00:00,128.80905
2012-01-25 21:00:00,111.63372
2012-01-25 22:00:00,129.94011
2012-01-25 23:00:00,77.35958
2012-01-26 00:00:00,95.54078
2012-01-26 01:00:00,88.560524
2012-01-26 02:00:00,87.573006
2012-01-26 03:00:00,99.95025
2012-01-26 04:00:00,106.21913
2012-01-26 05:00:00,97.65304
2012-01-26 06:00:00,89.78445
2012-01-26 07:00:00,87.7206
2012-01-26 08:00:00,87.7206
2012-01-26 09:00:00,94.15867
2012-01-26 10:00:00,124.60297
2012-01-26 11:00:00,122.92
2012-01-26 12:00:00,88.307884
2012-01-26 13:00:00,101.58098
2012-01-26 14:00:00,75.98068
2012-01-26 15:00:00,66.700485
2012-01-26 16:00:00,78.94172
2012-01-26 17:00:00,79.191765
2012-01-26 18:00:00,79.191765
2012-01-26 19:00:00,82.33347
2012-01-26 20:00:00,43.316975
2012-01-26 21:00:00,82.33347
2012-01-26 22:00:00,65.97653
2012-01-26 23:00:00,45.873928
2012-01-27 00:00:00,64.17338
2012-01-27 01:00:00,131.59128
2012-01-27 02:00:00,78.16054
2012-01-27 03:00:00,109.5116
2012-01-27 04:00:00,125.07141
2012-01-27 05:00:00,106.19939
2012-01-27 06:00:00,123.76675
2012-01-27 07:00:00,128.58295
2012-01-27 08:00:00,131.9705
2012-01-27 09:00:00,131.9705
2012-01-27 10:00:00,110.81987
2012-01-27 11:00:00,64.4382
2012-01-27 12:00:00,124.48134
2012-01-27 13:00:00,165.25307
2012-01-27 14:00:00,142.56322
2012-01-27 15:00:00,107.05844
2012-01-27 16:00:00,74.96249
2012-01-27 17:00:00,121.49589
2012-01-27 18:00:00,131.66905
2012-01-27 19:00:00,139.76567
2012-01-27 20:00:00,135.03304
2012-01-27 21:00:00,181.64145
2012-01-27 22:00:00,132.34639
2012-01-27 23:00:00,181.94516
2012-01-28 00:00:00,140.51707
2012-01-28 01:00:00,146.80905
2012-01-28 02:00:00,83.94912
2012-01-28 03:00:00,89.03188
2012-01-28 04:00:00,106.0281
2012-01-28 05:00:00,58.625168
2012-01-28 06:00:00,60.46291
2012-01-28 07:00:00,58.956696
2012-01-28 08:00:00,88.440834
2012-01-28 09:00:00,62.81047
2012-01-28 10:00:00,88.01758
2012-01-28 11:00:00,138.54068
2012-01-28 12:00:00,140.79367
2012-01-28 13:00:00,158.9947
2012-01-28 14:00:00,120.62258
2012-01-28 15:00:00,83.81177
2012-01-28 16:00:00,258.42532
2012-01-28 17:00:00,237.65872
2012-01-28 18:00:00,265.92392
2012-01-28 19:00:00,271.1944
2012-01-28 20:00:00,314.96695
2012-01-28 21:00:00,265.6076
2012-01-28 22:00:00,260.19745
2012-01-28 23:00:00,240.40163
2012-01-29 00:00:00,205.77698
2012-01-29 01:00:00,211.47374
2012-01-29 02:00:00,213.1964
2012-01-29 03:00:00,205.42833
2012-01-29 04:00:00,197.28487
2012-01-29 05:00:00,94.103874
2012-01-29 06:00:00,145.10388
2012-01-29 07:00:00,154.12607
2012-01-29 08:00:00,104.93771
2012-01-29 09:00:00,71.96053
2012-01-29 10:00:00,172.27765
2012-01-29 11:00:00,207.49081
2012-01-29 12:00:00,214.91837
2012-01-29 13:00:00,214.83594
2012-01-29 14:00:00,231.08594
2012-01-29 15:00:00,257.6429
2012-01-29 16:00:00,239.26137
2012-01-29 17:00:00,239.26137
2012-01-29 18:00:00,230.98363
2012-01-29 19:00:00,228.12329
2012-01-29 20:00:00,176.61679
2012-01-29 21:00:00,210.51836
2012-01-29 22:00:00,205.75356
2012-01-29 23:00:00,215.35152
2012-01-30 00:00:00,174.64658
2012-01-30 01:00:00,118.213585
2012-01-30 02:00:00,132.82486
2012-01-30 03:00:00,99.79916
2012-01-30 04:00:00,123.96641
2012-01-30 05:00:00,123.96641
2012-01-30 06:00:00,124.705315
2012-01-30 07:00:00,131.5643
2012-01-30 08:00:00,125.25768
2012-01-30 09:00:00,125.25768
2012-01-30 10:00:00,147.41391
2012-01-30 11:00:00,147.71225
2012-01-30 12:00:00,156.74284
2012-01-30 13:00:00,199.91927
2012-01-30 14:00:00,229.82957
2012-01-30 15:00:00,223.55595
2012-01-30 16:00:00,236.63416
2012-01-30 17:00:00,252.97061
2012-01-30 18:00:00,235.19817
2012-01-30 19:00:00,185.96867
2012-01-30 20:00:00,192.92464
2012-01-30 21:00:00,187.3843
2012-01-30 22:00:00,129.11191
2012-01-30 23:00:00,113.23775
2012-01-31 00:00:00,135.6497
2012-01-31 01:00:00,144.05193
2012-01-31 02:00:00,157.08633
2012-01-31 03:00:00,155.74606
2012-01-31 04:00:00,153.7056
2012-01-31 05:00:00,153.7056
2012-01-31 06:00:00,105.18209
2012-01-31 07:00:00,101.2457
2012-01-31 08:00:00,82.91687
2012-01-31 09:00:00,152.94843
2012-01-31 10:00:00,116.13367
2012-01-31 11:00:00,226.82991
2012-01-31 12:00:00,233.9483
2012-01-31 13:00:00,311.63553
2012-01-31 14:00:00,246.86024
2012-01-31 15:00:00,244.90897
2012-01-31 16:00:00,244.90897
2012-01-31 17:00:00,245.50183
2012-01-31 18:00:00,266.30017
2012-01-31 19:00:00,250.02847
2012-01-31 20:00:00,99.71426
2012-01-31 21:00:00,247.26637
2012-01-31 22:00:00,248.89078
2012-01-31 23:00:00,258.53976
2012-02-20 00:00:00,133.23396
2012-02-20 01:00:00,133.23396
2012-02-20 02:00:00,133.23396
2012-02-20 03:00:00,189.05856
2012-02-20 05:00:00,151.66408
2012-02-20 06:00:00,132.9332
2012-02-20 07:00:00,135.87753
2012-02-20 08:00:00,151.53343
2012-02-20 09:00:00,151.53343
2012-02-20 10:00:00,153.88548
2012-02-20 11:00:00,119.75452
2012-02-20 12:00:00,134.50565
2012-02-20 13:00:00,131.31367
2012-02-20 14:00:00,176.7044
2012-02-20 15:00:00,214.28752
2012-02-20 16:00:00,222.17
2012-02-20 17:00:00,225.70801
2012-02-20 18:00:00,214.27863
2012-02-20 19:00:00,214.27863
2012-02-20 20:00:00,212.77989
2012-02-20 21:00:00,121.32144
2012-02-20 22:00:00,184.57906
2012-02-20 23:00:00,127.46336
2012-02-21 00:00:00,121.64552
2012-02-21 01:00:00,118.95035
2012-02-21 02:00:00,154.33429
2012-02-21 04:00:00,166.46591
2012-02-21 05:00:00,180.13153
2012-02-21 06:00:00,183.09688
2012-02-21 07:00:00,165.76509
2012-02-21 08:00:00,156.7404
2012-02-21 09:00:00,212.50171
2012-02-21 10:00:00,184.87764
2012-02-21 11:00:00,189.98592
2012-02-21 12:00:00,197.79526
2012-02-21 13:00:00,197.05597
2012-02-21 14:00:00,258.28967
2012-02-21 15:00:00,197.05597
2012-02-21 16:00:00,217.53032
2012-02-21 17:00:00,201.45718
2012-02-21 18:00:00,201.45718
2012-02-21 19:00:00,210.54987
2012-02-21 20:00:00,149.95496
2012-02-21 21:00:00,157.87065
2012-02-21 22:00:00,142.07904
2012-02-21 23:00:00,152.55508
2012-02-22 00:00:00,144.11092
2012-02-22 01:00:00,134.03645
2012-02-22 02:00:00,149.72568
2012-02-22 03:00:00,125.17616
2012-02-22 04:00:00,140.93758
2012-02-22 05:00:00,143.94572
2012-02-22 06:00:00,127.74178
2012-02-22 07:00:00,141.37622
2012-02-22 08:00:00,187.36105
2012-02-22 09:00:00,147.5245
2012-02-22 10:00:00,161.41357
2012-02-22 11:00:00,165.69878
2012-02-22 12:00:00,141.34053
2012-02-22 13:00:00,156.77037
2012-02-22 14:00:00,165.56406
2012-02-22 15:00:00,305.7189
2012-02-22 16:00:00,312.24075
2012-02-22 17:00:00,303.87793
2012-02-22 18:00:00,244.0977
2012-02-22 19:00:00,242.864
2012-02-22 20:00:00,155.65976
2012-02-22 21:00:00,248.38539
2012-02-22 22:00:00,179.37074
2012-02-22 23:00:00,227.22803
2012-02-23 00:00:00,158.02724
2012-02-23 01:00:00,164.78496
2012-02-23 02:00:00,152.13177
2012-02-23 03:00:00,148.01463
2012-02-23 04:00:00,117.17685
2012-02-23 05:00:00,117.17685
2012-02-23 06:00:00,189.81465
2012-02-23 07:00:00,143.0613
2012-02-23 08:00:00,207.48358
2012-02-23 09:00:00,154.2397
2012-02-23 10:00:00,150.46608
2012-02-23 11:00:00,194.80821
2012-02-23 12:00:00,260.73196
2012-02-23 13:00:00,218.57402
2012-02-23 14:00:00,286.30917
2012-02-23 15:00:00,247.47414
2012-02-23 16:00:00,252.46825
2012-02-23 17:00:00,257.72473
2012-02-23 18:00:00,250.84462
2012-02-23 19:00:00,210.12144
2012-02-23 20:00:00,194.11717
2012-02-23 21:00:00,146.18706
2012-02-23 22:00:00,151.90524
2012-02-23 23:00:00,74.86606
2012-02-24 00:00:00,73.23013
2012-02-24 01:00:00,156.72371
2012-02-24 02:00:00,113.59101
2012-02-24 03:00:00,102.473274
2012-02-24 04:00:00,179.28825
2012-02-24 05:00:00,194.33696
2012-02-24 06:00:00,207.89203
2012-02-24 07:00:00,107.7779
2012-02-24 08:00:00,147.92976
2012-02-24 09:00:00,122.892105
2012-02-24 10:00:00,131.03891
2012-02-24 11:00:00,122.75201
2012-02-24 12:00:00,118.76126
2012-02-24 13:00:00,113.519325
2012-02-24 14:00:00,142.1626
2012-02-24 15:00:00,165.99104
2012-02-24 16:00:00,165.99104
2012-02-24 17:00:00,107.45437
2012-02-24 18:00:00,110.50339
2012-02-24 19:00:00,184.99153
2012-02-24 20:00:00,170.20944
2012-02-24 21:00:00,219.69621
2012-02-24 22:00:00,204.94124
2012-02-24 23:00:00,208.8384
2012-02-25 00:00:00,193.8255
2012-02-25 01:00:00,180.48013
2012-02-25 02:00:00,200.70535
2012-02-25 03:00:00,144.74492
2012-02-25 04:00:00,121.15345
2012-02-25 05:00:00,87.320244
2012-02-25 06:00:00,87.320244
2012-02-25 07:00:00,109.22242
2012-02-25 08:00:00,100.007
2012-02-25 09:00:00,128.53844
2012-02-25 10:00:00,162.58603
2012-02-25 11:00:00,108.47971
2012-02-25 12:00:00,194.43217
2012-02-25 13:00:00,198.47205
2012-02-25 14:00:00,201.8822
2012-02-25 15:00:00,213.28693
2012-02-25 16:00:00,212.16086
2012-02-25 17:00:00,148.07047
2012-02-25 18:00:00,168.88623
2012-02-25 19:00:00,156.96283
2012-02-25 20:00:00,159.22392
2012-02-25 21:00:00,87.99292
2012-02-25 22:00:00,105.57745
2012-02-25 23:00:00,81.50171
2012-02-26 00:00:00,68.42399
2012-02-26 01:00:00,73.240074
2012-02-26 02:00:00,73.04645
2012-02-26 03:00:00,66.575325
2012-02-26 04:00:00,66.575325
2012-02-26 05:00:00,71.27276
2012-02-26 06:00:00,70.66826
2012-02-26 07:00:00,87.63294
2012-02-26 08:00:00,95.80327
2012-02-26 09:00:00,86.43489
2012-02-26 10:00:00,61.255013
2012-02-26 11:00:00,52.76409
2012-02-26 12:00:00,86.95741
2012-02-26 13:00:00,144.98247
2012-02-26 14:00:00,194.26915
2012-02-26 15:00:00,203.70064
2012-02-26 16:00:00,222.28279
2012-02-26 17:00:00,219.73799
2012-02-26 18:00:00,183.35268
2012-02-26 19:00:00,200.54579
2012-02-26 20:00:00,135.16159
2012-02-26 21:00:00,156.25604
2012-02-26 22:00:00,84.844124
2012-02-26 23:00:00,122.05971
2012-02-27 00:00:00,155.48091
2012-02-27 01:00:00,176.72815
2012-02-27 02:00:00,167.69197
2012-02-27 03:00:00,243.46634
2012-02-27 04:00:00,198.59686
2012-02-27 05:00:00,198.22511
2012-02-27 06:00:00,212.67963
2012-02-27 07:00:00,162.6452
2012-02-27 08:00:00,158.2143
2012-02-27 09:00:00,150.5674
2012-02-27 10:00:00,190.75873
2012-02-27 11:00:00,214.39525
2012-02-27 12:00:00,217.40411
2012-02-27 13:00:00,232.60866
2012-02-27 14:00:00,252.19997
2012-02-27 15:00:00,284.1566
2012-02-27 16:00:00,282.305
2012-02-27 17:00:00,290.9586
2012-02-27 18:00:00,312.5276
2012-02-27 19:00:00,277.4134
2012-02-27 20:00:00,296.14886
2012-02-27 21:00:00,252.03407
2012-02-27 22:00:00,219.53354
2012-02-27 23:00:00,154.25166
2012-02-28 00:00:00,149.24156
2012-02-28 01:00:00,122.11154
2012-02-28 02:00:00,128.76219
2012-02-28 03:00:00,252.40034
2012-02-28 04:00:00,190.76106
2012-02-28 05:00:00,190.76106
2012-02-28 06:00:00,141.2734
2012-02-28 07:00:00,94.87349
2012-02-28 08:00:00,113.98384
2012-02-28 09:00:00,84.06926
2012-02-28 10:00:00,125.10008
2012-02-28 11:00:00,200.19945
2012-02-28 12:00:00,206.70909
2012-02-28 13:00:00,223.30539
2012-02-28 14:00:00,220.31508
2012-02-28 15:00:00,248.89821
2012-02-28 16:00:00,224.29938
2012-02-28 17:00:00,248.79585
2012-02-28 18:00:00,225.93369
2012-02-28 19:00:00,251.46048
2012-02-28 20:00:00,227.0147
2012-02-28 21:00:00,162.0711
2012-02-28 22:00:00,162.0711
2012-02-28 23:00:00,150.02115
2012-02-29 00:00:00,139.55415
2012-02-29 01:00:00,154.68825
2012-02-29 02:00:00,141.88652
2012-02-29 03:00:00,187.81433
2012-02-29 05:00:00,200.07623
2012-02-29 06:00:00,255.91821
2012-02-29 07:00:00,222.73314
2012-02-29 08:00:00,234.3794
2012-02-29 09:00:00,167.91183
2012-02-29 10:00:00,167.91183
2012-02-29 11:00:00,158.98366
2012-02-29 12:00:00,139.37212
2012-02-29 13:00:00,155.02298
2012-02-29 14:00:00,155.02298
2012-02-29 15:00:00,149.40308
2012-02-29 16:00:00,128.80739
2012-02-29 17:00:00,215.95087
2012-02-29 18:00:00,201.37752
2012-02-29 19:00:00,227.33424
2012-02-29 20:00:00,163.39102
2012-02-29 21:00:00,163.39102
2012-02-29 22:00:00,112.61271
2012-02-29 23:00:00,112.61271
2012-03-20 00:00:00,142.71133
2012-03-20 01:00:00,212.34633
2012-03-20 02:00:00,215.07327
2012-03-20 03:00:00,240.97662
2012-03-20 04:00:00,246.00537
2012-03-20 05:00:00,192.42955
2012-03-20 06:00:00,200.27557
2012-03-20 07:00:00,146.46838
2012-03-20 08:00:00,248.57567
2012-03-20 09:00:00,244.80852
2012-03-20 10:00:00,247.9964
2012-03-20 11:00:00,217.87791
2012-03-20 12:00:00,219.13344
2012-03-20 13:00:00,160.45055
2012-03-20 14:00:00,191.07893
2012-03-20 15:00:00,275.1612
2012-03-20 16:00:00,348.56302
2012-03-20 17:00:00,188.61751
2012-03-20 18:00:00,256.05728
2012-03-20 19:00:00,162.42432
2012-03-20 20:00:00,186.3026
2012-03-20 21:00:00,192.34473
2012-03-20 22:00:00,165.85258
2012-03-20 23:00:00,177.59071
2012-03-21 00:00:00,221.5053
2012-03-21 01:00:00,226.38321
2012-03-21 02:00:00,304.26178
2012-03-21 03:00:00,323.9405
2012-03-21 04:00:00,274.75836
2012-03-21 05:00:00,274.75836
2012-03-21 06:00:00,262.4962
2012-03-21 07:00:00,138.93646
2012-03-21 08:00:00,176.94618
2012-03-21 09:00:00,279.17923
2012-03-21 10:00:00,240.00366
2012-03-21 11:00:00,240.00366
2012-03-21 12:00:00,249.62549
2012-03-21 13:00:00,227.37215
2012-03-21 14:00:00,206.57185
2012-03-21 15:00:00,206.57185
2012-03-21 16:00:00,191.67998
2012-03-21 17:00:00,268.23404
2012-03-21 18:00:00,253.0227
2012-03-21 19:00:00,318.18204
2012-03-21 20:00:00,124.63207
2012-03-21 21:00:00,227.50551
2012-03-21 22:00:00,238.74342
2012-03-21 23:00:00,188.47423
2012-03-22 00:00:00,223.06302
2012-03-22 01:00:00,223.06302
2012-03-22 02:00:00,223.06302
2012-03-22 03:00:00,223.06302
2012-03-22 04:00:00,252.68608
2012-03-22 05:00:00,252.68608
2012-03-22 06:00:00,252.68608
2012-03-22 07:00:00,252.68608
2012-03-22 08:00:00,248.96738
2012-03-22 09:00:00,248.96738
2012-03-22 10:00:00,244.11667
2012-03-22 11:00:00,192.07336
2012-03-22 12:00:00,247.79187
2012-03-22 13:00:00,162.54166
2012-03-22 14:00:00,225.44093
2012-03-22 15:00:00,326.01837
2012-03-22 16:00:00,333.10754
2012-03-22 17:00:00,385.91504
2012-03-22 18:00:00,385.91504
2012-03-22 19:00:00,352.26923
2012-03-22 20:00:00,270.33704
2012-03-22 21:00:00,140.90242
2012-03-22 22:00:00,199.98732
2012-03-22 23:00:00,159.40108
2012-03-23 00:00:00,197.74931
2012-03-23 01:00:00,206.73625
2012-03-23 02:00:00,237.9974
2012-03-23 03:00:00,256.79468
2012-03-23 04:00:00,246.00345
2012-03-23 05:00:00,198.23691
2012-03-23 06:00:00,248.69038
2012-03-23 07:00:00,238.46416
2012-03-23 08:00:00,244.65283
2012-03-23 09:00:00,229.15388
2012-03-23 10:00:00,245.12386
2012-03-23 11:00:00,259.71054
2012-03-23 12:00:00,366.36835
2012-03-23 13:00:00,321.69138
2012-03-23 14:00:00,371.6384
2012-03-23 15:00:00,399.80225
2012-03-23 16:00:00,408.53046
2012-03-23 17:00:00,408.53046
2012-03-23 18:00:00,491.36612
2012-03-23 19:00:00,437.05408
2012-03-23 20:00:00,498.22473
2012-03-23 21:00:00,444.19104
2012-03-23 22:00:00,327.72806
2012-03-23 23:00:00,293.62256
2012-03-24 00:00:00,266.28134
2012-03-24 01:00:00,246.68007
2012-03-24 02:00:00,182.58003
2012-03-24 03:00:00,182.5065
2012-03-24 04:00:00,196.59743
2012-03-24 05:00:00,302.00125
2012-03-24 06:00:00,302.00125
2012-03-24 07:00:00,313.81143
2012-03-24 08:00:00,196.1735
2012-03-24 09:00:00,302.5614
2012-03-24 10:00:00,279.19357
2012-03-24 11:00:00,196.1035
2012-03-24 12:00:00,161.41357
2012-03-24 13:00:00,167.0527
2012-03-24 14:00:00,175.64304
2012-03-24 15:00:00,179.57274
2012-03-24 16:00:00,171.45204
2012-03-24 17:00:00,187.9868
2012-03-24 18:00:00,172.96873
2012-03-24 19:00:00,184.53941
2012-03-24 20:00:00,182.06004
2012-03-24 21:00:00,182.06004
2012-03-24 22:00:00,182.12347
2012-03-24 23:00:00,242.41705
2012-03-25 00:00:00,225.98431
2012-03-25 01:00:00,197.57301
2012-03-25 02:00:00,148.44891
2012-03-25 03:00:00,145.97192
2012-03-25 04:00:00,224.20772
2012-03-25 05:00:00,206.90773
2012-03-25 06:00:00,206.90459
2012-03-25 07:00:00,216.05426
2012-03-25 08:00:00,216.05426
2012-03-25 09:00:00,203.65288
2012-03-25 10:00:00,271.41214
2012-03-25 11:00:00,203.65288
2012-03-25 12:00:00,201.69147
2012-03-25 13:00:00,279.16748
2012-03-25 14:00:00,295.1455
2012-03-25 15:00:00,304.72546
2012-03-25 16:00:00,197.95346
2012-03-25 17:00:00,221.5109
2012-03-25 18:00:00,221.02693
2012-03-25 19:00:00,206.76831
2012-03-25 20:00:00,181.11382
2012-03-25 21:00:00,148.1528
2012-03-25 22:00:00,182.76321
2012-03-25 23:00:00,166.57942
2012-03-26 00:00:00,233.08412
2012-03-26 01:00:00,228.80887
2012-03-26 02:00:00,261.56262
2012-03-26 03:00:00,238.38196
2012-03-26 04:00:00,224.49783
2012-03-26 05:00:00,226.61295
2012-03-26 06:00:00,234.39665
2012-03-26 07:00:00,226.03491
2012-03-26 08:00:00,235.2181
2012-03-26 09:00:00,181.1652
2012-03-26 10:00:00,334.9498
2012-03-26 11:00:00,296.19754
2012-03-26 12:00:00,289.77863
2012-03-26 13:00:00,297.04953
2012-03-26 14:00:00,241.9094
2012-03-26 15:00:00,300.03525
2012-03-26 16:00:00,338.2728
2012-03-26 17:00:00,344.58786
2012-03-26 18:00:00,304.65427
2012-03-26 19:00:00,310.5251
2012-03-26 20:00:00,319.03458
2012-03-26 21:00:00,299.44998
2012-03-26 22:00:00,257.22556
2012-03-26 23:00:00,300.44122
2012-03-27 00:00:00,278.24036
2012-03-27 01:00:00,271.29156
2012-03-27 02:00:00,205.23471
2012-03-27 03:00:00,234.09538
2012-03-27 04:00:00,215.30696
2012-03-27 05:00:00,153.35817
2012-03-27 06:00:00,158.2405
2012-03-27 07:00:00,158.2405
2012-03-27 08:00:00,164.47746
2012-03-27 09:00:00,150.25218
2012-03-27 10:00:00,176.33914
2012-03-27 11:00:00,204.47102
2012-03-27 12:00:00,193.77583
2012-03-27 13:00:00,256.35587
2012-03-27 14:00:00,242.97961
2012-03-27 15:00:00,246.51216
2012-03-27 16:00:00,246.51216
2012-03-27 17:00:00,248.71324
2012-03-27 18:00:00,237.08731
2012-03-27 19:00:00,237.32443
2012-03-27 20:00:00,237.08731
2012-03-27 21:00:00,200.96642
2012-03-27 22:00:00,202.59149
2012-03-27 23:00:00,200.48285
2012-03-28 00:00:00,183.28139
2012-03-28 01:00:00,186.86855
2012-03-28 02:00:00,253.76758
2012-03-28 03:00:00,224.69637
2012-03-28 04:00:00,190.93555
2012-03-28 05:00:00,190.93555
2012-03-28 06:00:00,214.69923
2012-03-28 07:00:00,205.45662
2012-03-28 08:00:00,200.48619
2012-03-28 09:00:00,231.60196
2012-03-28 10:00:00,248.36507
2012-03-28 11:00:00,230.49977
2012-03-28 12:00:00,265.5475
2012-03-28 13:00:00,276.1213
2012-03-28 14:00:00,437.7011
2012-03-28 15:00:00,357.85034
2012-03-28 16:00:00,424.03375
2012-03-28 17:00:00,359.28162
2012-03-28 18:00:00,359.28162
2012-03-28 19:00:00,357.16992
2012-03-28 20:00:00,392.23297
2012-03-28 21:00:00,348.33426
2012-03-28 22:00:00,329.75253
2012-03-28 23:00:00,195.27223
2012-03-29 00:00:00,209.96825
2012-03-29 01:00:00,300.9592
2012-03-29 02:00:00,435.27484
2012-03-29 03:00:00,381.35754
2012-03-29 04:00:00,222.09674
2012-03-29 05:00:00,176.62941
2012-03-29 06:00:00,225.40262
2012-03-29 07:00:00,262.4882
2012-03-29 08:00:00,263.3439
2012-03-29 09:00:00,265.24872
2012-03-29 10:00:00,285.7514
2012-03-29 11:00:00,270.6439
2012-03-29 12:00:00,336.38336
2012-03-29 13:00:00,260.02014
2012-03-29 14:00:00,278.2513
2012-03-29 15:00:00,331.13876
2012-03-29 16:00:00,305.93866
2012-03-29 17:00:00,295.6271
2012-03-29 18:00:00,273.46524
2012-03-29 19:00:00,196.56108
2012-03-29 20:00:00,224.68918
2012-03-29 21:00:00,188.47382
2012-03-29 22:00:00,188.60472
2012-03-29 23:00:00,215.82025
2012-03-30 00:00:00,231.13937
2012-03-30 01:00:00,204.95607
2012-03-30 02:00:00,218.43921
2012-03-30 03:00:00,257.64548
2012-03-30 04:00:00,233.77649
2012-03-30 05:00:00,216.8825
2012-03-30 06:00:00,259.0132
2012-03-30 07:00:00,228.52086
2012-03-30 08:00:00,157.35628
2012-03-30 09:00:00,258.5555
2012-03-30 10:00:00,213.89845
2012-03-30 11:00:00,226.98418
2012-03-30 12:00:00,198.41154
2012-03-30 13:00:00,143.4185
2012-03-30 14:00:00,162.52985
2012-03-30 15:00:00,172.02441
2012-03-30 16:00:00,188.44598
2012-03-30 17:00:00,235.51028
2012-03-30 18:00:00,243.26393
2012-03-30 19:00:00,233.63248
2012-03-30 20:00:00,245.56178
2012-03-30 21:00:00,193.23405
2012-03-30 22:00:00,169.11626
2012-03-30 23:00:00,198.13165
2012-03-31 00:00:00,164.50601
2012-03-31 01:00:00,268.92526
2012-03-31 02:00:00,252.20068
2012-03-31 03:00:00,181.51239
2012-03-31 04:00:00,185.40431
2012-03-31 05:00:00,190.26363
2012-03-31 06:00:00,167.41797
2012-03-31 07:00:00,167.41797
2012-03-31 08:00:00,178.2411
2012-03-31 09:00:00,268.92526
2012-03-31 10:00:00,243.036
2012-03-31 11:00:00,219.51697
2012-03-31 12:00:00,197.20659
2012-03-31 13:00:00,297.13458
2012-03-31 14:00:00,229.2426
2012-03-31 15:00:00,259.26962
2012-03-31 16:00:00,228.76028
2012-03-31 17:00:00,233.56084
2012-03-31 18:00:00,325.4915
2012-03-31 19:00:00,235.45792
2012-03-31 20:00:00,293.75494
2012-03-31 21:00:00,293.75494
2012-03-31 22:00:00,235.2723
2012-03-31 23:00:00,144.4053
2012-04-20 00:00:00,188.32918
2012-04-20 01:00:00,254.52357
2012-04-20 02:00:00,251.15047
2012-04-20 03:00:00,303.2871
2012-04-20 04:00:00,246.25842
2012-04-20 05:00:00,197.67593
2012-04-20 06:00:00,265.2929
2012-04-20 07:00:00,197.73515
2012-04-20 08:00:00,198.42892
2012-04-20 09:00:00,257.41272
2012-04-20 10:00:00,258.64035
2012-04-20 11:00:00,217.58684
2012-04-20 12:00:00,303.05313
2012-04-20 13:00:00,549.5864
2012-04-20 14:00:00,453.4842
2012-04-20 15:00:00,388.21118
2012-04-20 16:00:00,457.08206
2012-04-20 17:00:00,401.90805
2012-04-20 18:00:00,319.9657
2012-04-20 19:00:00,347.3564
2012-04-20 20:00:00,311.58533
2012-04-20 21:00:00,223.71649
2012-04-20 22:00:00,239.83835
2012-04-20 23:00:00,209.65633
2012-04-21 00:00:00,192.7328
2012-04-21 01:00:00,192.7328
2012-04-21 02:00:00,204.8969
2012-04-21 03:00:00,180.48141
2012-04-21 04:00:00,186.95566
2012-04-21 05:00:00,186.90726
2012-04-21 06:00:00,180.8484
2012-04-21 07:00:00,186.4899
2012-04-21 08:00:00,184.02713
2012-04-21 09:00:00,184.44498
2012-04-21 10:00:00,350.275
2012-04-21 11:00:00,350.90497
2012-04-21 12:00:00,361.79736
2012-04-21 13:00:00,376.44205
2012-04-21 14:00:00,453.62305
2012-04-21 15:00:00,578.3084
2012-04-21 16:00:00,480.65817
2012-04-21 17:00:00,599.9781
2012-04-21 18:00:00,346.02036
2012-04-21 19:00:00,228.01909
2012-04-21 20:00:00,168.51855
2012-04-21 21:00:00,177.287
2012-04-21 22:00:00,189.37843
2012-04-21 23:00:00,308.39774
2012-04-22 00:00:00,308.97986
2012-04-22 01:00:00,322.57593
2012-04-22 02:00:00,191.92531
2012-04-22 03:00:00,297.85565
2012-04-22 04:00:00,230.00058
2012-04-22 05:00:00,240.29056
2012-04-22 06:00:00,239.49329
2012-04-22 07:00:00,162.18686
2012-04-22 08:00:00,183.37584
2012-04-22 09:00:00,183.37584
2012-04-22 10:00:00,173.8059
2012-04-22 11:00:00,178.53864
2012-04-22 12:00:00,181.24438
2012-04-22 13:00:00,170.39185
2012-04-22 14:00:00,181.24438
2012-04-22 15:00:00,177.5478
2012-04-22 16:00:00,176.4812
2012-04-22 17:00:00,114.745735
2012-04-22 18:00:00,114.745735
2012-04-22 19:00:00,158.7978
2012-04-22 20:00:00,118.06688
2012-04-22 21:00:00,146.18306
2012-04-22 22:00:00,167.9837
2012-04-22 23:00:00,144.57407
2012-04-23 00:00:00,110.067314
2012-04-23 01:00:00,123.464775
2012-04-23 02:00:00,189.2384
2012-04-23 03:00:00,257.1431
2012-04-23 04:00:00,126.848
2012-04-23 05:00:00,126.848
2012-04-23 06:00:00,208.24098
2012-04-23 07:00:00,107.70208
2012-04-23 08:00:00,213.99348
2012-04-23 09:00:00,224.54146
2012-04-23 10:00:00,301.60815
2012-04-23 11:00:00,306.62885
2012-04-23 12:00:00,182.19165
2012-04-23 13:00:00,256.67374
2012-04-23 14:00:00,306.13626
2012-04-23 15:00:00,308.91516
2012-04-23 16:00:00,122.955635
2012-04-23 17:00:00,119.03018
2012-04-23 18:00:00,138.13309
2012-04-23 19:00:00,204.40913
2012-04-23 20:00:00,200.89919
2012-04-23 21:00:00,253.11635
2012-04-23 22:00:00,180.69029
2012-04-23 23:00:00,182.33957
2012-04-24 00:00:00,211.78058
2012-04-24 01:00:00,269.70346
2012-04-24 02:00:00,212.30743
2012-04-24 03:00:00,210.84277
2012-04-24 04:00:00,181.28741
2012-04-24 05:00:00,181.28741
2012-04-24 06:00:00,177.03185
2012-04-24 07:00:00,231.36882
2012-04-24 08:00:00,247.39941
2012-04-24 09:00:00,196.55215
2012-04-24 10:00:00,177.54323
2012-04-24 11:00:00,301.37787
2012-04-24 12:00:00,298.51135
2012-04-24 13:00:00,290.4126
2012-04-24 14:00:00,401.06943
2012-04-24 15:00:00,389.65546
2012-04-24 16:00:00,282.33347
2012-04-24 17:00:00,421.37167
2012-04-24 18:00:00,315.24362
2012-04-24 19:00:00,324.63596
2012-04-24 20:00:00,314.40323
2012-04-24 21:00:00,299.09164
2012-04-24 22:00:00,217.10455
2012-04-24 23:00:00,219.45905
2012-04-25 00:00:00,211.21982
2012-04-25 01:00:00,204.30594
2012-04-25 02:00:00,246.75726
2012-04-25 03:00:00,201.44087
2012-04-25 04:00:00,199.12724
2012-04-25 05:00:00,175.8216
2012-04-25 06:00:00,175.81296
2012-04-25 07:00:00,205.87843
2012-04-25 08:00:00,192.78464
2012-04-25 09:00:00,189.60182
2012-04-25 10:00:00,203.96094
2012-04-25 11:00:00,238.89424
2012-04-25 12:00:00,289.71408
2012-04-25 13:00:00,304.98392
2012-04-25 14:00:00,389.17963
2012-04-25 15:00:00,348.3961
2012-04-25 16:00:00,386.33218
2012-04-25 17:00:00,393.22153
2012-04-25 18:00:00,368.0366
2012-04-25 19:00:00,343.96045
2012-04-25 20:00:00,302.25308
2012-04-25 21:00:00,266.81705
2012-04-25 22:00:00,159.42838
2012-04-25 23:00:00,190.60422
2012-04-26 00:00:00,185.81473
2012-04-26 01:00:00,176.35419
2012-04-26 02:00:00,205.72972
2012-04-26 03:00:00,192.1629
2012-04-26 04:00:00,156.51292
2012-04-26 05:00:00,237.41156
2012-04-26 06:00:00,221.47406
2012-04-26 07:00:00,222.66965
2012-04-26 08:00:00,205.93646
2012-04-26 09:00:00,177.79286
2012-04-26 10:00:00,262.81738
2012-04-26 11:00:00,268.18634
2012-04-26 12:00:00,294.40308
2012-04-26 13:00:00,276.9347
2012-04-26 14:00:00,266.22244
2012-04-26 15:00:00,279.95303
2012-04-26 16:00:00,270.3678
2012-04-26 17:00:00,235.7323
2012-04-26 18:00:00,266.22244
2012-04-26 19:00:00,274.5922
2012-04-26 20:00:00,247.34097
2012-04-26 21:00:00,237.24792
2012-04-26 22:00:00,242.53407
2012-04-26 23:00:00,232.02052
2012-04-27 00:00:00,332.84875
2012-04-27 01:00:00,326.79642
2012-04-27 02:00:00,298.34387
2012-04-27 03:00:00,273.73505
2012-04-27 04:00:00,222.17401
2012-04-27 05:00:00,300.08127
2012-04-27 06:00:00,195.3663
2012-04-27 07:00:00,177.17993
2012-04-27 08:00:00,231.5413
2012-04-27 09:00:00,322.16022
2012-04-27 10:00:00,294.5329
2012-04-27 11:00:00,294.03915
2012-04-27 12:00:00,292.286
2012-04-27 13:00:00,325.26535
2012-04-27 14:00:00,298.59198
2012-04-27 15:00:00,361.1281
2012-04-27 16:00:00,339.67368
2012-04-27 17:00:00,468.4411
2012-04-27 18:00:00,429.55524
2012-04-27 19:00:00,450.79987
2012-04-27 20:00:00,299.51007
2012-04-27 21:00:00,305.89908
2012-04-27 22:00:00,194.88144
2012-04-27 23:00:00,186.27426
2012-04-28 00:00:00,241.22093
2012-04-28 01:00:00,202.0366
2012-04-28 02:00:00,251.8697
2012-04-28 03:00:00,200.63554
2012-04-28 04:00:00,197.7469
2012-04-28 05:00:00,259.78983
2012-04-28 06:00:00,157.46144
2012-04-28 07:00:00,195.50363
2012-04-28 08:00:00,232.64731
2012-04-28 09:00:00,263.97662
2012-04-28 10:00:00,264.1607
2012-04-28 11:00:00,230.48795
2012-04-28 12:00:00,274.14963
2012-04-28 13:00:00,245.65683
2012-04-28 14:00:00,233.7766
2012-04-28 15:00:00,215.5971
2012-04-28 16:00:00,250.46275
2012-04-28 17:00:00,211.79669
2012-04-28 18:00:00,149.62518
2012-04-28 19:00:00,139.26076
2012-04-28 20:00:00,171.99352
2012-04-28 21:00:00,135.69638
2012-04-28 22:00:00,176.81549
2012-04-28 23:00:00,209.91313
2012-04-29 00:00:00,199.8119
2012-04-29 01:00:00,237.03267
2012-04-29 02:00:00,226.84311
2012-04-29 03:00:00,219.01175
2012-04-29 04:00:00,224.25061
2012-04-29 05:00:00,165.75789
2012-04-29 06:00:00,155.08578
2012-04-29 07:00:00,172.892
2012-04-29 08:00:00,211.43
2012-04-29 09:00:00,153.26071
2012-04-29 10:00:00,98.18711
2012-04-29 11:00:00,144.71727
2012-04-29 12:00:00,214.7351
2012-04-29 13:00:00,219.6585
2012-04-29 14:00:00,213.07991
2012-04-29 15:00:00,329.42752
2012-04-29 16:00:00,482.08752
2012-04-29 17:00:00,505.2994
2012-04-29 18:00:00,509.3711
2012-04-29 19:00:00,329.91632
2012-04-29 20:00:00,317.20404
2012-04-29 21:00:00,215.91492
2012-04-29 22:00:00,222.97543
2012-04-29 23:00:00,95.61205
2012-04-30 00:00:00,211.3912
2012-04-30 01:00:00,259.0797
2012-04-30 02:00:00,202.95993
2012-04-30 03:00:00,249.7406
2012-04-30 04:00:00,225.51248
2012-04-30 05:00:00,225.51248
2012-04-30 06:00:00,179.66534
2012-04-30 07:00:00,187.34503
2012-04-30 08:00:00,184.30695
2012-04-30 09:00:00,201.76204
2012-04-30 10:00:00,235.89122
2012-04-30 11:00:00,266.80817
2012-04-30 12:00:00,192.98103
2012-04-30 13:00:00,163.43526
2012-04-30 14:00:00,211.68161
2012-04-30 15:00:00,191.3321
2012-04-30 16:00:00,276.8587
2012-04-30 17:00:00,276.67865
2012-04-30 18:00:00,264.1149
2012-04-30 19:00:00,249.19284
2012-04-30 20:00:00,265.823
2012-04-30 21:00:00,265.823
2012-04-30 22:00:00,213.36874
2012-04-30 23:00:00,205.42062
2012-05-20 00:00:00,233.52756
2012-05-20 01:00:00,224.0225
2012-05-20 02:00:00,224.0225
2012-05-20 03:00:00,166.93675
2012-05-20 04:00:00,72.662384
2012-05-20 05:00:00,58.651535
2012-05-20 06:00:00,119.30324
2012-05-20 07:00:00,91.912056
2012-05-20 08:00:00,219.53976
2012-05-20 09:00:00,577.19183
2012-05-20 10:00:00,617.9952
2012-05-20 11:00:00,617.88525
2012-05-20 12:00:00,615.25775
2012-05-20 13:00:00,616.79645
2012-05-20 14:00:00,591.3568
2012-05-20 15:00:00,565.99634
2012-05-20 16:00:00,501.60318
2012-05-20 17:00:00,478.79312
2012-05-20 18:00:00,474.5533
2012-05-20 19:00:00,353.59048
2012-05-20 20:00:00,353.59048
2012-05-20 21:00:00,224.87659
2012-05-20 22:00:00,144.87257
2012-05-20 23:00:00,154.28705
2012-05-21 00:00:00,188.11955
2012-05-21 01:00:00,181.26953
2012-05-21 02:00:00,145.41647
2012-05-21 03:00:00,196.74393
2012-05-21 04:00:00,147.3284
2012-05-21 05:00:00,147.3284
2012-05-21 06:00:00,147.3284
2012-05-21 07:00:00,147.3284
2012-05-21 08:00:00,148.87149
2012-05-21 09:00:00,124.33283
2012-05-21 10:00:00,186.00735
2012-05-21 11:00:00,175.68105
2012-05-21 12:00:00,170.72366
2012-05-21 13:00:00,193.98676
2012-05-21 14:00:00,136.4032
2012-05-21 15:00:00,304.05066
2012-05-21 16:00:00,266.4946
2012-05-21 17:00:00,394.80707
2012-05-21 18:00:00,285.61942
2012-05-21 19:00:00,403.0273
2012-05-21 20:00:00,296.96884
2012-05-21 21:00:00,290.3259
2012-05-21 22:00:00,206.13217
2012-05-21 23:00:00,199.23245
2012-05-22 00:00:00,208.906
2012-05-22 01:00:00,189.68536
2012-05-22 02:00:00,236.86713
2012-05-22 03:00:00,236.86713
2012-05-22 04:00:00,127.6109
2012-05-22 05:00:00,98.097084
2012-05-22 06:00:00,99.82364
2012-05-22 07:00:00,99.82364
2012-05-22 08:00:00,102.119
2012-05-22 09:00:00,207.89862
2012-05-22 10:00:00,230.06049
2012-05-22 11:00:00,263.0615
2012-05-22 12:00:00,232.20737
2012-05-22 13:00:00,293.48642
2012-05-22 14:00:00,286.6791
2012-05-22 15:00:00,440.42242
2012-05-22 16:00:00,425.51764
2012-05-22 17:00:00,494.0471
2012-05-22 18:00:00,414.24823
2012-05-22 19:00:00,414.51974
2012-05-22 20:00:00,289.133
2012-05-22 21:00:00,173.06737
2012-05-22 22:00:00,235.98198
2012-05-22 23:00:00,200.34454
2012-05-23 00:00:00,160.33955
2012-05-23 01:00:00,93.15911
2012-05-23 02:00:00,155.53606
2012-05-23 03:00:00,159.64922
2012-05-23 04:00:00,89.76564
2012-05-23 05:00:00,116.529884
2012-05-23 06:00:00,198.22754
2012-05-23 07:00:00,270.96982
2012-05-23 08:00:00,270.96982
2012-05-23 09:00:00,253.86678
2012-05-23 10:00:00,220.80319
2012-05-23 11:00:00,317.816
2012-05-23 12:00:00,347.21695
2012-05-23 13:00:00,352.6453
2012-05-23 14:00:00,432.46213
2012-05-23 15:00:00,365.51422
2012-05-23 16:00:00,404.90344
2012-05-23 17:00:00,296.45657
2012-05-23 18:00:00,296.45657
2012-05-23 19:00:00,158.61833
2012-05-23 20:00:00,226.46384
2012-05-23 21:00:00,277.8858
2012-05-23 22:00:00,159.44725
2012-05-23 23:00:00,166.44048
2012-05-24 00:00:00,258.50192
2012-05-24 01:00:00,269.01898
2012-05-24 02:00:00,322.33707
2012-05-24 03:00:00,200.59323
2012-05-24 04:00:00,129.85838
2012-05-24 05:00:00,129.85838
2012-05-24 06:00:00,129.85838
2012-05-24 07:00:00,189.55672
2012-05-24 08:00:00,159.43802
2012-05-24 09:00:00,141.42056
2012-05-24 10:00:00,302.14667
2012-05-24 11:00:00,371.74365
2012-05-24 12:00:00,435.0919
2012-05-24 13:00:00,532.90814
2012-05-24 14:00:00,526.7815
2012-05-24 15:00:00,476.7892
2012-05-24 16:00:00,474.14847
2012-05-24 17:00:00,476.93488
2012-05-24 18:00:00,479.81635
2012-05-24 19:00:00,396.9059
2012-05-24 20:00:00,330.99402
2012-05-24 21:00:00,121.59589
2012-05-24 22:00:00,205.37363
2012-05-24 23:00:00,216.11877
2012-05-25 00:00:00,242.63565
2012-05-25 01:00:00,248.44568
2012-05-25 02:00:00,265.17383
2012-05-25 03:00:00,212.71584
2012-05-25 04:00:00,246.2765
2012-05-25 05:00:00,212.25616
2012-05-25 06:00:00,212.64388
2012-05-25 07:00:00,176.19594
2012-05-25 08:00:00,172.32567
2012-05-25 09:00:00,174.64168
2012-05-25 10:00:00,325.0477
2012-05-25 11:00:00,331.7165
2012-05-25 12:00:00,419.29105
2012-05-25 13:00:00,324.50537
2012-05-25 14:00:00,335.93774
2012-05-25 15:00:00,310.39606
2012-05-25 16:00:00,517.4593
2012-05-25 17:00:00,361.74075
2012-05-25 18:00:00,317.8109
2012-05-25 19:00:00,337.28012
2012-05-25 20:00:00,397.80765
2012-05-25 21:00:00,434.3699
2012-05-25 22:00:00,332.83505
2012-05-25 23:00:00,263.8743
2012-05-26 00:00:00,123.0125
2012-05-26 01:00:00,163.63051
2012-05-26 02:00:00,175.53336
2012-05-26 03:00:00,146.34853
2012-05-26 04:00:00,128.84924
2012-05-26 05:00:00,91.67523
2012-05-26 06:00:00,100.964355
2012-05-26 07:00:00,163.4498
2012-05-26 08:00:00,151.60696
2012-05-26 09:00:00,120.10465
2012-05-26 10:00:00,345.98328
2012-05-26 11:00:00,369.65982
2012-05-26 12:00:00,370.48523
2012-05-26 13:00:00,347.5953
2012-05-26 14:00:00,373.79935
2012-05-26 15:00:00,379.47473
2012-05-26 16:00:00,497.53143
2012-05-26 17:00:00,406.62717
2012-05-26 18:00:00,422.70102
2012-05-26 19:00:00,357.52206
2012-05-26 20:00:00,414.43228
2012-05-26 21:00:00,354.21506
2012-05-26 22:00:00,381.211
2012-05-26 23:00:00,381.211
2012-05-27 00:00:00,360.3757
2012-05-27 01:00:00,363.91498
2012-05-27 02:00:00,265.0861
2012-05-27 03:00:00,222.31734
2012-05-27 04:00:00,113.76836
2012-05-27 05:00:00,113.76836
2012-05-27 06:00:00,115.09086
2012-05-27 07:00:00,116.9985
2012-05-27 08:00:00,124.94499
2012-05-27 09:00:00,236.36882
2012-05-27 10:00:00,372.1687
2012-05-27 11:00:00,440.0528
2012-05-27 12:00:00,379.91107
2012-05-27 13:00:00,371.84802
2012-05-27 14:00:00,424.13937
2012-05-27 15:00:00,507.1236
2012-05-27 16:00:00,507.1236
2012-05-27 17:00:00,492.51834
2012-05-27 18:00:00,415.3733
2012-05-27 19:00:00,371.77554
2012-05-27 20:00:00,530.8045
2012-05-27 21:00:00,337.9778
2012-05-27 22:00:00,188.55142
2012-05-27 23:00:00,126.63531
2012-05-28 00:00:00,135.81126
2012-05-28 01:00:00,230.171
2012-05-28 02:00:00,139.53812
2012-05-28 03:00:00,147.31511
2012-05-28 04:00:00,129.77232
2012-05-28 05:00:00,129.77232
2012-05-28 06:00:00,147.31511
2012-05-28 07:00:00,170.52092
2012-05-28 08:00:00,377.76135
2012-05-28 09:00:00,421.1744
2012-05-28 10:00:00,421.1744
2012-05-28 11:00:00,432.05435
2012-05-28 12:00:00,360.9407
2012-05-28 13:00:00,387.38657
2012-05-28 14:00:00,387.38657
2012-05-28 15:00:00,386.7199
2012-05-28 16:00:00,394.21402
2012-05-28 17:00:00,386.87323
2012-05-28 18:00:00,387.78778
2012-05-28 19:00:00,441.94397
2012-05-28 20:00:00,364.19803
2012-05-28 21:00:00,357.7027
2012-05-28 22:00:00,377.15704
2012-05-28 23:00:00,396.95694
2012-05-29 00:00:00,383.58115
2012-05-29 01:00:00,381.01562
2012-05-29 02:00:00,401.59985
2012-05-29 03:00:00,373.96472
2012-05-29 04:00:00,281.64108
2012-05-29 05:00:00,281.64108
2012-05-29 06:00:00,281.64108
2012-05-29 07:00:00,281.64108
2012-05-29 08:00:00,392.90793
2012-05-29 09:00:00,430.27356
2012-05-29 10:00:00,342.6963
2012-05-29 11:00:00,371.98337
2012-05-29 12:00:00,457.71497
2012-05-29 13:00:00,449.74136
2012-05-29 14:00:00,450.74304
2012-05-29 15:00:00,413.15146
2012-05-29 16:00:00,436.3829
2012-05-29 17:00:00,450.60297
2012-05-29 18:00:00,456.39124
2012-05-29 19:00:00,459.60022
2012-05-29 20:00:00,382.95105
2012-05-29 21:00:00,120.985565
2012-05-29 22:00:00,199.84358
2012-05-29 23:00:00,141.5448
2012-05-30 00:00:00,121.86007
2012-05-30 01:00:00,119.69319
2012-05-30 02:00:00,135.89226
2012-05-30 03:00:00,113.92622
2012-05-30 04:00:00,156.63995
2012-05-30 05:00:00,155.99129
2012-05-30 06:00:00,160.18256
2012-05-30 07:00:00,128.169
2012-05-30 08:00:00,213.80452
2012-05-30 09:00:00,284.35522
2012-05-30 10:00:00,237.11835
2012-05-30 11:00:00,344.82184
2012-05-30 12:00:00,400.617
2012-05-30 13:00:00,426.4635
2012-05-30 14:00:00,487.02673
2012-05-30 15:00:00,521.66693
2012-05-30 16:00:00,557.8308
2012-05-30 17:00:00,510.0532
2012-05-30 18:00:00,509.80618
2012-05-30 19:00:00,544.80505
2012-05-30 20:00:00,296.6979
2012-05-30 21:00:00,409.4803
2012-05-30 22:00:00,382.0973
2012-05-30 23:00:00,391.13513
2012-05-31 00:00:00,295.79037
2012-05-31 01:00:00,299.2546
2012-05-31 02:00:00,312.95093
2012-05-31 03:00:00,265.52634
2012-05-31 04:00:00,253.23723
2012-05-31 05:00:00,231.8674
2012-05-31 06:00:00,76.64869
2012-05-31 07:00:00,197.15372
2012-05-31 08:00:00,318.042
2012-05-31 09:00:00,409.21368
2012-05-31 10:00:00,485.26974
2012-05-31 11:00:00,485.27023
2012-05-31 12:00:00,491.6222
2012-05-31 13:00:00,540.0198
2012-05-31 14:00:00,559.18304
2012-05-31 15:00:00,533.2968
2012-05-31 16:00:00,534.7235
2012-05-31 17:00:00,567.2396
2012-05-31 18:00:00,555.99945
2012-05-31 19:00:00,565.5542
2012-05-31 20:00:00,442.06146
2012-05-31 21:00:00,442.98074
2012-05-31 22:00:00,383.57068
2012-05-31 23:00:00,358.93195
2012-06-20 00:00:00,224.65866
2012-06-20 01:00:00,269.40143
2012-06-20 02:00:00,236.36797
2012-06-20 03:00:00,220.85037
2012-06-20 04:00:00,197.37857
2012-06-20 05:00:00,197.37857
2012-06-20 06:00:00,318.9656
2012-06-20 07:00:00,287.80905
2012-06-20 08:00:00,203.93916
2012-06-20 09:00:00,222.21071
2012-06-20 10:00:00,553.0024
2012-06-20 11:00:00,564.5469
2012-06-20 12:00:00,501.941
2012-06-20 13:00:00,442.3954
2012-06-20 14:00:00,483.8774
2012-06-20 15:00:00,480.6091
2012-06-20 16:00:00,469.77814
2012-06-20 17:00:00,463.89252
2012-06-20 18:00:00,463.89252
2012-06-20 19:00:00,482.99017
2012-06-20 20:00:00,518.14954
2012-06-20 21:00:00,436.86404
2012-06-20 22:00:00,493.24094
2012-06-20 23:00:00,288.3185
2012-06-21 00:00:00,213.56213
2012-06-21 01:00:00,194.3153
2012-06-21 02:00:00,198.19293
2012-06-21 03:00:00,155.67343
2012-06-21 04:00:00,244.61392
2012-06-21 05:00:00,216.15324
2012-06-21 06:00:00,208.09666
2012-06-21 07:00:00,208.09666
2012-06-21 08:00:00,189.57217
2012-06-21 09:00:00,511.79984
2012-06-21 10:00:00,413.07233
2012-06-21 11:00:00,540.3893
2012-06-21 12:00:00,485.92502
2012-06-21 13:00:00,495.06747
2012-06-21 14:00:00,472.74988
2012-06-21 15:00:00,469.4677
2012-06-21 16:00:00,484.52896
2012-06-21 17:00:00,453.5503
2012-06-21 18:00:00,514.5769
2012-06-21 19:00:00,472.06104
2012-06-21 20:00:00,464.56232
2012-06-21 21:00:00,487.4468
2012-06-21 22:00:00,338.57022
2012-06-21 23:00:00,344.59396
2012-06-22 00:00:00,278.9301
2012-06-22 01:00:00,175.75163
2012-06-22 02:00:00,175.23982
2012-06-22 03:00:00,175.23982
2012-06-22 04:00:00,312.9127
2012-06-22 05:00:00,228.87433
2012-06-22 06:00:00,233.55588
2012-06-22 07:00:00,275.34048
2012-06-22 08:00:00,427.67963
2012-06-22 09:00:00,322.51044
2012-06-22 10:00:00,457.50916
2012-06-22 11:00:00,505.38367
2012-06-22 12:00:00,428.85507
2012-06-22 13:00:00,499.07843
2012-06-22 14:00:00,499.07843
2012-06-22 15:00:00,473.5003
2012-06-22 16:00:00,487.75125
2012-06-22 17:00:00,533.46796
2012-06-22 18:00:00,433.2601
2012-06-22 19:00:00,393.60406
2012-06-22 20:00:00,393.60406
2012-06-22 21:00:00,299.83698
2012-06-22 22:00:00,214.07898
2012-06-22 23:00:00,233.12537
2012-06-23 00:00:00,176.78654
2012-06-23 01:00:00,166.67604
2012-06-23 02:00:00,196.74438
2012-06-23 03:00:00,231.17982
2012-06-23 04:00:00,225.35863
2012-06-23 05:00:00,196.74438
2012-06-23 06:00:00,153.11795
2012-06-23 07:00:00,134.02151
2012-06-23 08:00:00,242.21861
2012-06-23 09:00:00,270.88272
2012-06-23 10:00:00,474.27
2012-06-23 11:00:00,504.00342
2012-06-23 12:00:00,495.57275
2012-06-23 13:00:00,528.44275
2012-06-23 14:00:00,564.2793
2012-06-23 15:00:00,514.8829
2012-06-23 16:00:00,539.70795
2012-06-23 17:00:00,546.8177
2012-06-23 18:00:00,565.1356
2012-06-23 19:00:00,568.5961
2012-06-23 20:00:00,567.7536
2012-06-23 21:00:00,567.833
2012-06-23 22:00:00,568.1194
2012-06-23 23:00:00,454.89392
2012-06-24 00:00:00,414.4483
2012-06-24 01:00:00,282.98907
2012-06-24 02:00:00,322.3001
2012-06-24 03:00:00,241.08015
2012-06-24 04:00:00,265.47116
2012-06-24 05:00:00,170.79575
2012-06-24 06:00:00,179.67023
2012-06-24 07:00:00,152.63046
2012-06-24 08:00:00,310.91296
2012-06-24 09:00:00,446.37177
2012-06-24 10:00:00,540.21185
2012-06-24 11:00:00,534.8828
2012-06-24 12:00:00,556.79297
2012-06-24 13:00:00,556.46063
2012-06-24 14:00:00,517.4403
2012-06-24 15:00:00,506.6236
2012-06-24 16:00:00,518.0454
2012-06-24 17:00:00,516.4499
2012-06-24 18:00:00,524.13214
2012-06-24 19:00:00,565.2386
2012-06-24 20:00:00,481.36456
2012-06-24 21:00:00,478.97473
2012-06-24 22:00:00,451.29
2012-06-24 23:00:00,298.63904
2012-06-25 00:00:00,275.14868
2012-06-25 01:00:00,285.2359
2012-06-25 02:00:00,252.15512
2012-06-25 03:00:00,278.9033
2012-06-25 04:00:00,310.85263
2012-06-25 05:00:00,276.29874
2012-06-25 06:00:00,348.70856
2012-06-25 07:00:00,280.55118
2012-06-25 08:00:00,266.661
2012-06-25 09:00:00,252.77757
2012-06-25 10:00:00,498.13394
2012-06-25 11:00:00,414.45108
2012-06-25 12:00:00,392.03848
2012-06-25 13:00:00,430.7451
2012-06-25 14:00:00,436.04224
2012-06-25 15:00:00,522.41974
2012-06-25 16:00:00,541.62585
2012-06-25 17:00:00,530.3913
2012-06-25 18:00:00,527.23987
2012-06-25 19:00:00,538.2685
2012-06-25 20:00:00,518.39185
2012-06-25 21:00:00,499.2261
2012-06-25 22:00:00,490.417
2012-06-25 23:00:00,542.31213
2012-06-26 00:00:00,429.76456
2012-06-26 01:00:00,419.62408
2012-06-26 02:00:00,430.97665
2012-06-26 03:00:00,376.19116
2012-06-26 04:00:00,390.99414
2012-06-26 05:00:00,269.7626
2012-06-26 06:00:00,163.08992
2012-06-26 07:00:00,189.18211
2012-06-26 08:00:00,279.84558
2012-06-26 09:00:00,411.62796
2012-06-26 10:00:00,423.64975
2012-06-26 11:00:00,453.1443
2012-06-26 12:00:00,526.3619
2012-06-26 13:00:00,518.8144
2012-06-26 14:00:00,518.8144
2012-06-26 15:00:00,527.16113
2012-06-26 16:00:00,517.2614
2012-06-26 17:00:00,520.00854
2012-06-26 18:00:00,526.8221
2012-06-26 19:00:00,550.59204
2012-06-26 20:00:00,535.3227
2012-06-26 21:00:00,546.42755
2012-06-26 22:00:00,470.5499
2012-06-26 23:00:00,415.74707
2012-06-27 00:00:00,410.85657
2012-06-27 01:00:00,411.68723
2012-06-27 02:00:00,304.23688
2012-06-27 03:00:00,346.36572
2012-06-27 04:00:00,423.9306
2012-06-27 05:00:00,406.94287
2012-06-27 06:00:00,425.0635
2012-06-27 07:00:00,403.40646
2012-06-27 08:00:00,405.823
2012-06-27 09:00:00,444.00153
2012-06-27 10:00:00,541.9869
2012-06-27 11:00:00,566.8824
2012-06-27 12:00:00,560.2666
2012-06-27 13:00:00,553.40594
2012-06-27 14:00:00,544.142
2012-06-27 15:00:00,534.7353
2012-06-27 16:00:00,536.19366
2012-06-27 17:00:00,539.0437
2012-06-27 18:00:00,553.2234
2012-06-27 19:00:00,571.0106
2012-06-27 20:00:00,580.18
2012-06-27 21:00:00,518.603
2012-06-27 22:00:00,393.04666
2012-06-27 23:00:00,365.86493
2012-06-28 00:00:00,350.6374
2012-06-28 01:00:00,322.83215
2012-06-28 02:00:00,341.24847
2012-06-28 03:00:00,341.24847
2012-06-28 04:00:00,240.50912
2012-06-28 05:00:00,288.72833
2012-06-28 06:00:00,288.72833
2012-06-28 07:00:00,240.50912
2012-06-28 08:00:00,347.84314
2012-06-28 09:00:00,382.16364
2012-06-28 10:00:00,439.8385
2012-06-28 11:00:00,573.22595
2012-06-28 12:00:00,476.23923
2012-06-28 13:00:00,472.33783
2012-06-28 14:00:00,489.02234
2012-06-28 15:00:00,489.02234
2012-06-28 16:00:00,454.13193
2012-06-28 17:00:00,453.19376
2012-06-28 18:00:00,483.0494
2012-06-28 19:00:00,505.62915
2012-06-28 20:00:00,519.7145
2012-06-28 21:00:00,470.39865
2012-06-28 22:00:00,433.5133
2012-06-28 23:00:00,399.59344
2012-06-29 00:00:00,399.62253
2012-06-29 01:00:00,415.84125
2012-06-29 02:00:00,220.59326
2012-06-29 03:00:00,220.59326
2012-06-29 04:00:00,223.18388
2012-06-29 05:00:00,242.3741
2012-06-29 06:00:00,202.88979
2012-06-29 07:00:00,242.3741
2012-06-29 08:00:00,341.9308
2012-06-29 09:00:00,432.42578
2012-06-29 10:00:00,473.35004
2012-06-29 11:00:00,430.5067
2012-06-29 12:00:00,450.19022
2012-06-29 13:00:00,457.56836
2012-06-29 14:00:00,472.8429
2012-06-29 15:00:00,450.19925
2012-06-29 16:00:00,450.19925
2012-06-29 17:00:00,467.05737
2012-06-29 18:00:00,440.14932
2012-06-29 19:00:00,409.78998
2012-06-29 20:00:00,443.93875
2012-06-29 21:00:00,388.38846
2012-06-29 22:00:00,300.08817
2012-06-29 23:00:00,303.31818
2012-06-30 00:00:00,172.43199
2012-06-30 01:00:00,150.91194
2012-06-30 02:00:00,229.08919
2012-06-30 03:00:00,229.08919
2012-06-30 04:00:00,154.57794
2012-06-30 05:00:00,138.1168
2012-06-30 06:00:00,138.12857
2012-06-30 07:00:00,138.12857
2012-06-30 08:00:00,138.12857
2012-06-30 09:00:00,138.12857
2012-06-30 10:00:00,487.12616
2012-06-30 11:00:00,487.12616
2012-06-30 12:00:00,487.12616
2012-06-30 13:00:00,487.12616
2012-06-30 14:00:00,487.12616
2012-06-30 15:00:00,487.12616
2012-06-30 16:00:00,489.86282
2012-06-30 17:00:00,489.8446
2012-06-30 18:00:00,502.54425
2012-06-30 19:00:00,478.7148
2012-06-30 20:00:00,486.15964
2012-06-30 21:00:00,486.15964
2012-06-30 22:00:00,263.5579
2012-06-30 23:00:00,299.64087
2012-07-20 00:00:00,178.31548
2012-07-20 01:00:00,223.11095
2012-07-20 02:00:00,309.15372
2012-07-20 03:00:00,258.66605
2012-07-20 04:00:00,212.3449
2012-07-20 05:00:00,256.597
2012-07-20 06:00:00,212.3449
2012-07-20 07:00:00,233.20769
2012-07-20 08:00:00,87.450615
2012-07-20 09:00:00,99.42305
2012-07-20 10:00:00,139.25255
2012-07-20 11:00:00,158.82262
2012-07-20 12:00:00,134.09029
2012-07-20 13:00:00,109.42654
2012-07-20 14:00:00,115.918175
2012-07-20 15:00:00,108.459625
2012-07-20 16:00:00,152.8363
2012-07-20 17:00:00,244.05194
2012-07-20 18:00:00,213.06516
2012-07-20 19:00:00,243.82562
2012-07-20 20:00:00,113.95134
2012-07-20 21:00:00,125.75325
2012-07-20 22:00:00,272.32898
2012-07-20 23:00:00,276.65277
2012-07-21 00:00:00,129.02963
2012-07-21 01:00:00,102.370804
2012-07-21 02:00:00,120.47182
2012-07-21 03:00:00,120.43864
2012-07-21 04:00:00,124.06535
2012-07-21 05:00:00,123.14091
2012-07-21 06:00:00,123.14091
2012-07-21 07:00:00,137.85587
2012-07-21 08:00:00,124.67458
2012-07-21 09:00:00,134.65636
2012-07-21 10:00:00,123.82879
2012-07-21 11:00:00,114.22877
2012-07-21 12:00:00,112.68372
2012-07-21 13:00:00,102.34252
2012-07-21 14:00:00,136.0859
2012-07-21 15:00:00,120.708115
2012-07-21 16:00:00,107.427284
2012-07-21 17:00:00,104.39301
2012-07-21 18:00:00,125.39733
2012-07-21 19:00:00,125.01318
2012-07-21 20:00:00,104.39301
2012-07-21 21:00:00,125.01247
2012-07-21 22:00:00,144.06201
2012-07-21 23:00:00,168.87799
2012-07-22 00:00:00,150.33946
2012-07-22 01:00:00,126.26246
2012-07-22 02:00:00,150.33946
2012-07-22 03:00:00,150.33946
2012-07-22 04:00:00,161.82632
2012-07-22 05:00:00,161.38416
2012-07-22 06:00:00,166.10167
2012-07-22 07:00:00,177.72227
2012-07-22 08:00:00,192.65038
2012-07-22 09:00:00,196.08826
2012-07-22 10:00:00,188.76102
2012-07-22 11:00:00,188.76102
2012-07-22 12:00:00,158.47952
2012-07-22 13:00:00,198.13278
2012-07-22 14:00:00,185.58441
2012-07-22 15:00:00,185.58441
2012-07-22 16:00:00,205.93869
2012-07-22 17:00:00,310.528
2012-07-22 18:00:00,298.78986
2012-07-22 19:00:00,112.07369
2012-07-22 20:00:00,124.02127
2012-07-22 21:00:00,94.69298
2012-07-22 22:00:00,123.37478
2012-07-22 23:00:00,121.96545
2012-07-23 00:00:00,333.98364
2012-07-23 01:00:00,244.94234
2012-07-23 02:00:00,351.38455
2012-07-23 03:00:00,351.38455
2012-07-23 04:00:00,330.56998
2012-07-23 05:00:00,330.56998
2012-07-23 06:00:00,64.803665
2012-07-23 07:00:00,137.49553
2012-07-23 08:00:00,131.54819
2012-07-23 09:00:00,281.29736
2012-07-23 10:00:00,337.55743
2012-07-23 11:00:00,325.83942
2012-07-23 12:00:00,325.83942
2012-07-23 13:00:00,339.98297
2012-07-23 14:00:00,412.71667
2012-07-23 15:00:00,414.67154
2012-07-23 16:00:00,396.5014
2012-07-23 17:00:00,396.5014
2012-07-23 18:00:00,388.93433
2012-07-23 19:00:00,427.72076
2012-07-23 20:00:00,405.09525
2012-07-23 21:00:00,419.99155
2012-07-23 22:00:00,426.98383
2012-07-23 23:00:00,232.10042
2012-07-24 00:00:00,127.98769
2012-07-24 01:00:00,123.84046
2012-07-24 02:00:00,154.30293
2012-07-24 03:00:00,154.30293
2012-07-24 04:00:00,136.29546
2012-07-24 05:00:00,131.91528
2012-07-24 06:00:00,196.89429
2012-07-24 07:00:00,148.47604
2012-07-24 08:00:00,277.59396
2012-07-24 09:00:00,422.98026
2012-07-24 10:00:00,426.09406
2012-07-24 11:00:00,382.4887
2012-07-24 12:00:00,453.50027
2012-07-24 13:00:00,379.51758
2012-07-24 14:00:00,359.97607
2012-07-24 15:00:00,360.10123
2012-07-24 16:00:00,394.18933
2012-07-24 17:00:00,402.43732
2012-07-24 18:00:00,403.5163
2012-07-24 19:00:00,402.8053
2012-07-24 20:00:00,337.64835
2012-07-24 21:00:00,340.7974
2012-07-24 22:00:00,354.85168
2012-07-24 23:00:00,395.08963
2012-07-25 00:00:00,246.73949
2012-07-25 01:00:00,219.17961
2012-07-25 02:00:00,259.24088
2012-07-25 03:00:00,231.60426
2012-07-25 04:00:00,246.81003
2012-07-25 05:00:00,171.804
2012-07-25 06:00:00,190.93965
2012-07-25 07:00:00,372.01
2012-07-25 08:00:00,467.63034
2012-07-25 09:00:00,584.75256
2012-07-25 10:00:00,403.59756
2012-07-25 11:00:00,425.10233
2012-07-25 12:00:00,425.10233
2012-07-25 13:00:00,573.0451
2012-07-25 14:00:00,567.06635
2012-07-25 15:00:00,446.86475
2012-07-25 16:00:00,571.566
2012-07-25 17:00:00,512.0373
2012-07-25 18:00:00,567.71405
2012-07-25 19:00:00,490.96014
2012-07-25 20:00:00,505.47226
2012-07-25 21:00:00,393.56046
2012-07-25 22:00:00,216.17584
2012-07-25 23:00:00,328.85208
2012-07-26 00:00:00,184.4464
2012-07-26 01:00:00,216.47467
2012-07-26 02:00:00,174.18944
2012-07-26 03:00:00,157.4505
2012-07-26 04:00:00,165.82616
2012-07-26 05:00:00,165.82616
2012-07-26 06:00:00,211.81332
2012-07-26 07:00:00,145.81567
2012-07-26 08:00:00,149.60818
2012-07-26 09:00:00,121.6118
2012-07-26 10:00:00,275.3875
2012-07-26 11:00:00,409.9539
2012-07-26 12:00:00,444.21204
2012-07-26 13:00:00,398.1184
2012-07-26 14:00:00,412.57693
2012-07-26 15:00:00,434.75446
2012-07-26 16:00:00,435.16373
2012-07-26 17:00:00,359.44
2012-07-26 18:00:00,437.57904
2012-07-26 19:00:00,364.96948
2012-07-26 20:00:00,405.31393
2012-07-26 21:00:00,446.99814
2012-07-26 22:00:00,446.99814
2012-07-26 23:00:00,140.36201
2012-07-27 00:00:00,106.86946
2012-07-27 01:00:00,106.07477
2012-07-27 02:00:00,91.0273
2012-07-27 03:00:00,129.5062
2012-07-27 04:00:00,135.80855
2012-07-27 05:00:00,128.18932
2012-07-27 06:00:00,135.80855
2012-07-27 07:00:00,100.601875
2012-07-27 08:00:00,187.12581
2012-07-27 09:00:00,430.14044
2012-07-27 10:00:00,388.16046
2012-07-27 11:00:00,424.70972
2012-07-27 12:00:00,392.23868
2012-07-27 13:00:00,427.7966
2012-07-27 14:00:00,413.92712
2012-07-27 15:00:00,551.97314
2012-07-27 16:00:00,460.57767
2012-07-27 17:00:00,551.81116
2012-07-27 18:00:00,453.85022
2012-07-27 19:00:00,439.24463
2012-07-27 20:00:00,347.5853
2012-07-27 21:00:00,347.5853
2012-07-27 22:00:00,375.80536
2012-07-27 23:00:00,189.38321
2012-07-28 00:00:00,357.4669
2012-07-28 01:00:00,122.49684
2012-07-28 02:00:00,119.777
2012-07-28 03:00:00,119.777
2012-07-28 04:00:00,125.361916
2012-07-28 05:00:00,118.695656
2012-07-28 06:00:00,122.05469
2012-07-28 07:00:00,116.22749
2012-07-28 08:00:00,313.36838
2012-07-28 09:00:00,386.04837
2012-07-28 10:00:00,469.5683
2012-07-28 11:00:00,568.99023
2012-07-28 12:00:00,569.1091
2012-07-28 13:00:00,570.65784
2012-07-28 14:00:00,565.87946
2012-07-28 15:00:00,512.2281
2012-07-28 16:00:00,566.37756
2012-07-28 17:00:00,483.44888
2012-07-28 18:00:00,512.91473
2012-07-28 19:00:00,98.27878
2012-07-28 20:00:00,132.72237
2012-07-28 21:00:00,124.26145
2012-07-28 22:00:00,124.26145
2012-07-28 23:00:00,117.30221
2012-07-29 00:00:00,171.35417
2012-07-29 01:00:00,110.71385
2012-07-29 02:00:00,125.065865
2012-07-29 03:00:00,136.31581
2012-07-29 04:00:00,121.6215
2012-07-29 05:00:00,95.16918
2012-07-29 06:00:00,122.32159
2012-07-29 07:00:00,148.7553
2012-07-29 08:00:00,218.87279
2012-07-29 09:00:00,249.31395
2012-07-29 10:00:00,303.57007
2012-07-29 11:00:00,449.10608
2012-07-29 12:00:00,472.4872
2012-07-29 13:00:00,485.38794
2012-07-29 14:00:00,490.47083
2012-07-29 15:00:00,497.39194
2012-07-29 16:00:00,497.39194
2012-07-29 17:00:00,571.4637
2012-07-29 18:00:00,570.6609
2012-07-29 19:00:00,462.74414
2012-07-29 20:00:00,212.07045
2012-07-29 21:00:00,111.04398
2012-07-29 22:00:00,118.54364
2012-07-29 23:00:00,124.0795
2012-07-30 00:00:00,161.67828
2012-07-30 01:00:00,165.71194
2012-07-30 02:00:00,177.37376
2012-07-30 03:00:00,170.67787
2012-07-30 04:00:00,170.67787
2012-07-30 05:00:00,153.62314
2012-07-30 06:00:00,155.2164
2012-07-30 07:00:00,129.27698
2012-07-30 08:00:00,135.45961
2012-07-30 09:00:00,368.2432
2012-07-30 10:00:00,452.6762
2012-07-30 11:00:00,371.46786
2012-07-30 12:00:00,426.4965
2012-07-30 13:00:00,393.18326
2012-07-30 14:00:00,393.747
2012-07-30 15:00:00,398.74875
2012-07-30 16:00:00,370.9945
2012-07-30 17:00:00,389.13916
2012-07-30 18:00:00,388.84573
2012-07-30 19:00:00,407.1758
2012-07-30 20:00:00,166.92247
2012-07-30 21:00:00,151.51917
2012-07-30 22:00:00,141.74434
2012-07-30 23:00:00,145.37326
2012-07-31 00:00:00,128.25873
2012-07-31 01:00:00,200.8689
2012-07-31 02:00:00,200.8689
2012-07-31 03:00:00,129.89502
2012-07-31 04:00:00,132.13771
2012-07-31 05:00:00,148.55138
2012-07-31 06:00:00,178.27673
2012-07-31 07:00:00,122.17266
2012-07-31 08:00:00,111.48972
2012-07-31 09:00:00,105.540726
2012-07-31 10:00:00,134.87932
2012-07-31 11:00:00,275.81155
2012-07-31 12:00:00,410.6794
2012-07-31 13:00:00,392.25565
2012-07-31 14:00:00,392.25565
2012-07-31 15:00:00,397.2546
2012-07-31 16:00:00,419.4317
2012-07-31 17:00:00,405.3178
2012-07-31 18:00:00,393.27707
2012-07-31 19:00:00,459.5638
2012-07-31 20:00:00,204.14139
2012-07-31 21:00:00,126.84373
2012-07-31 22:00:00,187.54901
2012-07-31 23:00:00,158.78964
2012-08-20 00:00:00,347.88055
2012-08-20 01:00:00,228.35942
2012-08-20 02:00:00,228.35942
2012-08-20 03:00:00,224.33723
2012-08-20 04:00:00,368.0533
2012-08-20 05:00:00,362.21533
2012-08-20 06:00:00,382.112
2012-08-20 07:00:00,361.40652
2012-08-20 08:00:00,324.88098
2012-08-20 09:00:00,315.2473
2012-08-20 10:00:00,339.66528
2012-08-20 11:00:00,322.27252
2012-08-20 12:00:00,348.2054
2012-08-20 13:00:00,424.12885
2012-08-20 14:00:00,431.8472
2012-08-20 15:00:00,430.99692
2012-08-20 16:00:00,430.99692
2012-08-20 17:00:00,417.03873
2012-08-20 18:00:00,360.26672
2012-08-20 19:00:00,391.52213
2012-08-20 20:00:00,281.2686
2012-08-20 21:00:00,242.91118
2012-08-20 22:00:00,362.1265
2012-08-20 23:00:00,362.1265
2012-08-21 00:00:00,359.68402
2012-08-21 01:00:00,363.0188
2012-08-21 02:00:00,201.78787
2012-08-21 03:00:00,228.3243
2012-08-21 04:00:00,228.3243
2012-08-21 05:00:00,260.92337
2012-08-21 06:00:00,254.99437
2012-08-21 07:00:00,232.60004
2012-08-21 08:00:00,265.69867
2012-08-21 09:00:00,264.82504
2012-08-21 10:00:00,323.61008
2012-08-21 11:00:00,335.206
2012-08-21 12:00:00,368.1901
2012-08-21 13:00:00,427.30106
2012-08-21 14:00:00,458.96213
2012-08-21 15:00:00,473.25653
2012-08-21 16:00:00,473.25653
2012-08-21 17:00:00,506.5193
2012-08-21 18:00:00,405.30273
2012-08-21 19:00:00,186.58617
2012-08-21 20:00:00,251.32878
2012-08-21 21:00:00,251.32878
2012-08-21 22:00:00,286.95486
2012-08-21 23:00:00,249.15341
2012-08-22 00:00:00,238.89969
2012-08-22 01:00:00,230.00597
2012-08-22 02:00:00,230.00597
2012-08-22 03:00:00,230.00597
2012-08-22 04:00:00,217.19594
2012-08-22 05:00:00,210.68459
2012-08-22 06:00:00,274.7099
2012-08-22 07:00:00,230.00597
2012-08-22 08:00:00,255.70819
2012-08-22 09:00:00,384.55243
2012-08-22 10:00:00,305.68893
2012-08-22 11:00:00,261.90744
2012-08-22 12:00:00,355.759
2012-08-22 13:00:00,362.9259
2012-08-22 14:00:00,376.6819
2012-08-22 15:00:00,366.4507
2012-08-22 16:00:00,519.0352
2012-08-22 17:00:00,519.2434
2012-08-22 18:00:00,460.66034
2012-08-22 19:00:00,306.0741
2012-08-22 20:00:00,296.62216
2012-08-22 21:00:00,232.15662
2012-08-22 22:00:00,232.15662
2012-08-22 23:00:00,244.5829
2012-08-23 00:00:00,241.06506
2012-08-23 01:00:00,231.29839
2012-08-23 02:00:00,231.29839
2012-08-23 03:00:00,211.20316
2012-08-23 04:00:00,231.29839
2012-08-23 05:00:00,231.29839
2012-08-23 06:00:00,316.21716
2012-08-23 07:00:00,341.82227
2012-08-23 08:00:00,326.8199
2012-08-23 09:00:00,303.39847
2012-08-23 10:00:00,286.48386
2012-08-23 11:00:00,326.61276
2012-08-23 12:00:00,556.85205
2012-08-23 13:00:00,555.21497
2012-08-23 14:00:00,464.86444
2012-08-23 15:00:00,373.37045
2012-08-23 16:00:00,414.12015
2012-08-23 17:00:00,463.21677
2012-08-23 18:00:00,481.08456
2012-08-23 19:00:00,314.0641
2012-08-23 20:00:00,287.9058
2012-08-23 21:00:00,370.06354
2012-08-23 22:00:00,305.19153
2012-08-23 23:00:00,338.8901
2012-08-24 00:00:00,355.8937
2012-08-24 01:00:00,284.94263
2012-08-24 02:00:00,277.07166
2012-08-24 03:00:00,214.2131
2012-08-24 04:00:00,285.29117
2012-08-24 05:00:00,239.84438
2012-08-24 06:00:00,295.104
2012-08-24 07:00:00,293.51605
2012-08-24 08:00:00,335.63043
2012-08-24 09:00:00,289.64178
2012-08-24 10:00:00,364.278
2012-08-24 11:00:00,360.32968
2012-08-24 12:00:00,358.28232
2012-08-24 13:00:00,571.1412
2012-08-24 14:00:00,455.34354
2012-08-24 15:00:00,369.02307
2012-08-24 16:00:00,369.02307
2012-08-24 17:00:00,439.7239
2012-08-24 18:00:00,310.52042
2012-08-24 19:00:00,302.96402
2012-08-24 20:00:00,371.85727
2012-08-24 21:00:00,315.8167
2012-08-24 22:00:00,306.93802
2012-08-24 23:00:00,341.38235
2012-08-25 00:00:00,323.54608
2012-08-25 01:00:00,383.94287
2012-08-25 02:00:00,325.37415
2012-08-25 03:00:00,231.46301
2012-08-25 04:00:00,317.43365
2012-08-25 05:00:00,245.20958
2012-08-25 06:00:00,199.30234
2012-08-25 07:00:00,191.75316
2012-08-25 08:00:00,305.2938
2012-08-25 09:00:00,355.45886
2012-08-25 10:00:00,386.71384
2012-08-25 11:00:00,380.28204
2012-08-25 12:00:00,487.84436
2012-08-25 13:00:00,470.1167
2012-08-25 14:00:00,343.4287
2012-08-25 15:00:00,270.69748
2012-08-25 16:00:00,320.42694
2012-08-25 17:00:00,327.2745
2012-08-25 18:00:00,352.89578
2012-08-25 19:00:00,157.69258
2012-08-25 20:00:00,136.40929
2012-08-25 21:00:00,108.29981
2012-08-25 22:00:00,108.29981
2012-08-25 23:00:00,105.708046
2012-08-26 00:00:00,123.21613
2012-08-26 01:00:00,130.36644
2012-08-26 02:00:00,133.40852
2012-08-26 03:00:00,146.92851
2012-08-26 04:00:00,162.90173
2012-08-26 05:00:00,130.36644
2012-08-26 06:00:00,143.6926
2012-08-26 07:00:00,130.36644
2012-08-26 08:00:00,260.45624
2012-08-26 09:00:00,264.26816
2012-08-26 10:00:00,403.8703
2012-08-26 11:00:00,412.76624
2012-08-26 12:00:00,294.10596
2012-08-26 13:00:00,240.20554
2012-08-26 14:00:00,161.01064
2012-08-26 15:00:00,142.77475
2012-08-26 16:00:00,142.77475
2012-08-26 17:00:00,130.8421
2012-08-26 18:00:00,255.54445
2012-08-26 19:00:00,175.77618
2012-08-26 20:00:00,139.90895
2012-08-26 21:00:00,150.2837
2012-08-26 22:00:00,135.7354
2012-08-26 23:00:00,134.70448
2012-08-27 00:00:00,267.7601
2012-08-27 01:00:00,221.46492
2012-08-27 02:00:00,239.34334
2012-08-27 03:00:00,221.46492
2012-08-27 04:00:00,268.48187
2012-08-27 05:00:00,251.50737
2012-08-27 06:00:00,251.50737
2012-08-27 07:00:00,273.82047
2012-08-27 08:00:00,260.92514
2012-08-27 09:00:00,234.80406
2012-08-27 10:00:00,268.39642
2012-08-27 11:00:00,448.67914
2012-08-27 12:00:00,394.01276
2012-08-27 13:00:00,434.7647
2012-08-27 14:00:00,371.1979
2012-08-27 15:00:00,393.7334
2012-08-27 16:00:00,423.2493
2012-08-27 17:00:00,425.5749
2012-08-27 18:00:00,441.38068
2012-08-27 19:00:00,419.14352
2012-08-27 20:00:00,414.55545
2012-08-27 21:00:00,266.933
2012-08-27 22:00:00,229.12213
2012-08-27 23:00:00,225.93799
2012-08-28 00:00:00,220.1366
2012-08-28 01:00:00,216.0206
2012-08-28 02:00:00,215.61235
2012-08-28 03:00:00,352.76346
2012-08-28 04:00:00,260.94885
2012-08-28 05:00:00,248.34879
2012-08-28 06:00:00,318.41373
2012-08-28 07:00:00,255.59004
2012-08-28 08:00:00,152.9454
2012-08-28 09:00:00,230.10867
2012-08-28 10:00:00,357.5726
2012-08-28 11:00:00,419.98514
2012-08-28 12:00:00,436.4174
2012-08-28 13:00:00,463.47974
2012-08-28 14:00:00,580.5882
2012-08-28 15:00:00,591.9671
2012-08-28 16:00:00,568.7426
2012-08-28 17:00:00,555.9789
2012-08-28 18:00:00,465.57355
2012-08-28 19:00:00,413.94653
2012-08-28 20:00:00,339.08597
2012-08-28 21:00:00,372.25073
2012-08-28 22:00:00,335.49948
2012-08-28 23:00:00,305.4085
2012-08-29 00:00:00,240.25334
2012-08-29 01:00:00,271.09906
2012-08-29 02:00:00,230.79308
2012-08-29 03:00:00,213.38928
2012-08-29 04:00:00,236.65344
2012-08-29 05:00:00,300.12018
2012-08-29 06:00:00,319.4683
2012-08-29 07:00:00,278.5951
2012-08-29 08:00:00,354.9092
2012-08-29 09:00:00,399.16293
2012-08-29 10:00:00,389.16016
2012-08-29 11:00:00,352.30927
2012-08-29 12:00:00,435.5469
2012-08-29 13:00:00,391.6004
2012-08-29 14:00:00,429.83984
2012-08-29 15:00:00,510.51407
2012-08-29 16:00:00,479.13986
2012-08-29 17:00:00,561.9014
2012-08-29 18:00:00,492.14487
2012-08-29 19:00:00,407.99377
2012-08-29 20:00:00,311.69467
2012-08-29 21:00:00,325.65222
2012-08-29 22:00:00,331.22876
2012-08-29 23:00:00,310.6926
2012-08-30 00:00:00,223.92819
2012-08-30 01:00:00,304.53595
2012-08-30 02:00:00,231.83723
2012-08-30 03:00:00,231.83723
2012-08-30 04:00:00,231.83723
2012-08-30 05:00:00,231.83723
2012-08-30 06:00:00,214.88176
2012-08-30 07:00:00,209.26086
2012-08-30 08:00:00,319.98474
2012-08-30 09:00:00,265.96826
2012-08-30 10:00:00,309.30817
2012-08-30 11:00:00,546.43585
2012-08-30 12:00:00,371.8958
2012-08-30 13:00:00,332.11853
2012-08-30 14:00:00,328.7243
2012-08-30 15:00:00,414.61697
2012-08-30 16:00:00,484.04996
2012-08-30 17:00:00,563.8576
2012-08-30 18:00:00,553.6031
2012-08-30 19:00:00,329.19806
2012-08-30 20:00:00,340.89734
2012-08-30 21:00:00,257.33313
2012-08-30 22:00:00,183.26299
2012-08-30 23:00:00,178.97047
2012-08-31 00:00:00,214.74014
2012-08-31 01:00:00,214.74014
2012-08-31 02:00:00,273.1558
2012-08-31 03:00:00,245.09315
2012-08-31 04:00:00,221.00581
2012-08-31 05:00:00,206.25389
2012-08-31 06:00:00,232.24065
2012-08-31 07:00:00,316.6268
2012-08-31 08:00:00,307.38666
2012-08-31 09:00:00,287.46005
2012-08-31 10:00:00,346.16647
2012-08-31 11:00:00,572.8983
2012-08-31 12:00:00,566.1988
2012-08-31 13:00:00,554.2123
2012-08-31 14:00:00,562.6603
2012-08-31 15:00:00,559.3145
2012-08-31 16:00:00,559.2315
2012-08-31 17:00:00,567.7102
2012-08-31 18:00:00,569.55035
2012-08-31 19:00:00,404.255
2012-08-31 20:00:00,404.255
2012-08-31 21:00:00,410.883
2012-08-31 22:00:00,410.883
2012-08-31 23:00:00,289.68454
2012-09-20 00:00:00,316.50583
2012-09-20 01:00:00,182.22148
2012-09-20 02:00:00,197.78824
2012-09-20 03:00:00,187.8667
2012-09-20 04:00:00,209.8129
2012-09-20 05:00:00,209.8129
2012-09-20 06:00:00,187.8667
2012-09-20 07:00:00,220.68906
2012-09-20 08:00:00,190.18698
2012-09-20 09:00:00,328.5029
2012-09-20 10:00:00,337.13812
2012-09-20 11:00:00,375.96655
2012-09-20 12:00:00,431.31323
2012-09-20 13:00:00,415.35776
2012-09-20 14:00:00,463.85587
2012-09-20 15:00:00,450.4562
2012-09-20 16:00:00,421.11984
2012-09-20 17:00:00,511.7742
2012-09-20 18:00:00,421.90463
2012-09-20 19:00:00,448.46634
2012-09-20 20:00:00,405.11276
2012-09-20 21:00:00,400.41742
2012-09-20 22:00:00,216.56474
2012-09-20 23:00:00,195.77005
2012-09-21 00:00:00,173.05258
2012-09-21 01:00:00,184.52144
2012-09-21 02:00:00,184.52144
2012-09-21 03:00:00,238.43626
2012-09-21 04:00:00,205.3344
2012-09-21 05:00:00,194.10426
2012-09-21 06:00:00,238.43626
2012-09-21 07:00:00,176.00621
2012-09-21 08:00:00,168.84601
2012-09-21 09:00:00,203.57535
2012-09-21 10:00:00,447.513
2012-09-21 11:00:00,558.09143
2012-09-21 12:00:00,537.52893
2012-09-21 13:00:00,503.52066
2012-09-21 14:00:00,541.82117
2012-09-21 15:00:00,552.4691
2012-09-21 16:00:00,527.5466
2012-09-21 17:00:00,566.9369
2012-09-21 18:00:00,447.05746
2012-09-21 19:00:00,464.5193
2012-09-21 20:00:00,356.98947
2012-09-21 21:00:00,252.56989
2012-09-21 22:00:00,302.74652
2012-09-21 23:00:00,276.38794
2012-09-22 00:00:00,197.67796
2012-09-22 01:00:00,153.19598
2012-09-22 02:00:00,132.20764
2012-09-22 03:00:00,131.40253
2012-09-22 04:00:00,131.40253
2012-09-22 05:00:00,135.15813
2012-09-22 06:00:00,138.47736
2012-09-22 07:00:00,129.3283
2012-09-22 08:00:00,197.86519
2012-09-22 09:00:00,381.2678
2012-09-22 10:00:00,440.81445
2012-09-22 11:00:00,512.41003
2012-09-22 12:00:00,589.771
2012-09-22 13:00:00,606.3164
2012-09-22 14:00:00,589.9372
2012-09-22 15:00:00,588.27014
2012-09-22 16:00:00,608.8333
2012-09-22 17:00:00,608.8333
2012-09-22 18:00:00,590.2214
2012-09-22 19:00:00,503.37183
2012-09-22 20:00:00,569.7041
2012-09-22 21:00:00,547.91174
2012-09-22 22:00:00,448.26193
2012-09-22 23:00:00,450.1374
2012-09-23 00:00:00,596.15094
2012-09-23 01:00:00,367.56186
2012-09-23 02:00:00,448.8887
2012-09-23 03:00:00,236.47975
2012-09-23 04:00:00,210.78548
2012-09-23 05:00:00,213.96887
2012-09-23 06:00:00,200.88144
2012-09-23 07:00:00,220.63219
2012-09-23 08:00:00,263.94373
2012-09-23 09:00:00,298.2566
2012-09-23 10:00:00,539.2811
2012-09-23 11:00:00,555.49023
2012-09-23 12:00:00,570.15045
2012-09-23 13:00:00,605.2514
2012-09-23 14:00:00,609.7284
2012-09-23 15:00:00,622.22107
2012-09-23 16:00:00,620.0547
2012-09-23 17:00:00,611.7126
2012-09-23 18:00:00,593.98627
2012-09-23 19:00:00,525.1374
2012-09-23 20:00:00,525.1374
2012-09-23 21:00:00,385.38748
2012-09-23 22:00:00,433.03992
2012-09-23 23:00:00,215.95111
2012-09-24 00:00:00,300.40027
2012-09-24 01:00:00,210.85657
2012-09-24 02:00:00,229.78415
2012-09-24 03:00:00,272.94043
2012-09-24 04:00:00,213.17348
2012-09-24 05:00:00,222.02472
2012-09-24 06:00:00,288.99872
2012-09-24 07:00:00,202.65845
2012-09-24 08:00:00,271.88638
2012-09-24 09:00:00,365.78418
2012-09-24 10:00:00,390.3358
2012-09-24 11:00:00,507.51154
2012-09-24 12:00:00,474.84888
2012-09-24 13:00:00,615.0359
2012-09-24 14:00:00,484.1008
2012-09-24 15:00:00,509.10876
2012-09-24 16:00:00,595.07587
2012-09-24 17:00:00,501.32666
2012-09-24 18:00:00,535.5252
2012-09-24 19:00:00,520.6352
2012-09-24 20:00:00,382.62332
2012-09-24 21:00:00,270.2113
2012-09-24 22:00:00,307.1423
2012-09-24 23:00:00,258.78317
2012-09-25 00:00:00,186.2595
2012-09-25 01:00:00,167.74426
2012-09-25 02:00:00,222.60991
2012-09-25 03:00:00,174.06302
2012-09-25 04:00:00,156.01964
2012-09-25 05:00:00,165.59645
2012-09-25 06:00:00,196.14543
2012-09-25 07:00:00,239.41693
2012-09-25 08:00:00,180.59583
2012-09-25 09:00:00,413.54654
2012-09-25 10:00:00,338.00143
2012-09-25 11:00:00,377.6296
2012-09-25 12:00:00,408.52612
2012-09-25 13:00:00,444.76904
2012-09-25 14:00:00,587.8953
2012-09-25 15:00:00,586.057
2012-09-25 16:00:00,584.0505
2012-09-25 17:00:00,555.5575
2012-09-25 18:00:00,565.21954
2012-09-25 19:00:00,377.7579
2012-09-25 20:00:00,430.8548
2012-09-25 21:00:00,430.8548
2012-09-25 22:00:00,431.49423
2012-09-25 23:00:00,446.9909
2012-09-26 00:00:00,420.80914
2012-09-26 01:00:00,407.4252
2012-09-26 02:00:00,394.53772
2012-09-26 03:00:00,394.53772
2012-09-26 04:00:00,128.4827
2012-09-26 05:00:00,137.13477
2012-09-26 06:00:00,171.16182
2012-09-26 07:00:00,177.9693
2012-09-26 08:00:00,178.04239
2012-09-26 09:00:00,410.46573
2012-09-26 10:00:00,273.1006
2012-09-26 11:00:00,446.2529
2012-09-26 12:00:00,489.5206
2012-09-26 13:00:00,508.50586
2012-09-26 14:00:00,470.20374
2012-09-26 15:00:00,459.0424
2012-09-26 16:00:00,501.64954
2012-09-26 17:00:00,459.0424
2012-09-26 18:00:00,506.83066
2012-09-26 19:00:00,467.4856
2012-09-26 20:00:00,440.05286
2012-09-26 21:00:00,509.89313
2012-09-26 22:00:00,421.78012
2012-09-26 23:00:00,212.74925
2012-09-27 00:00:00,306.6728
2012-09-27 01:00:00,306.6728
2012-09-27 02:00:00,306.6728
2012-09-27 03:00:00,323.20093
2012-09-27 04:00:00,196.98743
2012-09-27 05:00:00,303.41245
2012-09-27 06:00:00,205.81897
2012-09-27 07:00:00,323.20093
2012-09-27 08:00:00,348.25232
2012-09-27 09:00:00,464.29562
2012-09-27 10:00:00,407.00824
2012-09-27 11:00:00,387.42886
2012-09-27 12:00:00,380.84567
2012-09-27 13:00:00,349.41272
2012-09-27 14:00:00,363.3323
2012-09-27 15:00:00,360.60153
2012-09-27 16:00:00,433.74255
2012-09-27 17:00:00,389.06818
2012-09-27 18:00:00,377.04877
2012-09-27 19:00:00,470.93506
2012-09-27 20:00:00,392.13974
2012-09-27 21:00:00,168.44202
2012-09-27 22:00:00,168.44202
2012-09-27 23:00:00,193.90378
2012-09-28 00:00:00,165.10269
2012-09-28 01:00:00,197.31844
2012-09-28 02:00:00,170.29935
2012-09-28 03:00:00,328.62595
2012-09-28 04:00:00,153.35097
2012-09-28 05:00:00,285.75586
2012-09-28 06:00:00,184.51819
2012-09-28 07:00:00,242.57791
2012-09-28 08:00:00,313.97742
2012-09-28 09:00:00,319.11716
2012-09-28 10:00:00,333.82205
2012-09-28 11:00:00,349.39377
2012-09-28 12:00:00,412.57736
2012-09-28 13:00:00,454.74496
2012-09-28 14:00:00,412.57736
2012-09-28 15:00:00,409.83408
2012-09-28 16:00:00,410.20135
2012-09-28 17:00:00,423.6224
2012-09-28 18:00:00,406.97748
2012-09-28 19:00:00,462.11472
2012-09-28 20:00:00,452.3519
2012-09-28 21:00:00,458.68552
2012-09-28 22:00:00,389.05316
2012-09-28 23:00:00,364.65213
2012-09-29 00:00:00,405.39688
2012-09-29 01:00:00,405.39688
2012-09-29 02:00:00,349.5462
2012-09-29 03:00:00,372.26004
2012-09-29 04:00:00,445.30014
2012-09-29 05:00:00,247.48074
2012-09-29 06:00:00,265.28647
2012-09-29 07:00:00,120.225655
2012-09-29 08:00:00,128.28098
2012-09-29 09:00:00,247.48074
2012-09-29 10:00:00,406.28726
2012-09-29 11:00:00,416.78873
2012-09-29 12:00:00,530.3572
2012-09-29 13:00:00,530.3572
2012-09-29 14:00:00,531.1658
2012-09-29 15:00:00,495.7569
2012-09-29 16:00:00,529.3602
2012-09-29 17:00:00,609.3808
2012-09-29 18:00:00,536.4147
2012-09-29 19:00:00,393.08563
2012-09-29 20:00:00,391.69452
2012-09-29 21:00:00,390.37915
2012-09-29 22:00:00,212.13852
2012-09-29 23:00:00,260.7327
2012-09-30 00:00:00,218.68411
2012-09-30 01:00:00,214.6686
2012-09-30 02:00:00,181.00731
2012-09-30 03:00:00,101.873245
2012-09-30 04:00:00,101.81893
2012-09-30 05:00:00,98.3903
2012-09-30 06:00:00,113.848724
2012-09-30 07:00:00,84.8707
2012-09-30 08:00:00,122.957375
2012-09-30 09:00:00,345.85464
2012-09-30 10:00:00,585.68195
2012-09-30 11:00:00,513.13007
2012-09-30 12:00:00,552.0626
2012-09-30 13:00:00,536.55194
2012-09-30 14:00:00,535.6847
2012-09-30 15:00:00,624.0902
2012-09-30 16:00:00,624.93567
2012-09-30 17:00:00,612.0963
2012-09-30 18:00:00,402.46378
2012-09-30 19:00:00,159.11493
2012-09-30 20:00:00,159.11493
2012-09-30 21:00:00,92.64242
2012-09-30 22:00:00,99.40068
2012-09-30 23:00:00,103.59114
2012-10-20 00:00:00,186.13748
2012-10-20 01:00:00,226.68753
2012-10-20 02:00:00,189.4359
2012-10-20 03:00:00,162.22832
2012-10-20 04:00:00,257.7456
2012-10-20 05:00:00,170.95023
2012-10-20 06:00:00,265.34216
2012-10-20 07:00:00,170.60956
2012-10-20 08:00:00,216.72209
2012-10-20 09:00:00,417.65274
2012-10-20 10:00:00,515.02344
2012-10-20 11:00:00,475.90503
2012-10-20 12:00:00,588.91516
2012-10-20 13:00:00,584.32306
2012-10-20 14:00:00,619.14355
2012-10-20 15:00:00,599.7387
2012-10-20 16:00:00,586.26337
2012-10-20 17:00:00,619.8613
2012-10-20 18:00:00,616.1961
2012-10-20 19:00:00,515.2204
2012-10-20 20:00:00,602.87994
2012-10-20 21:00:00,388.01492
2012-10-20 22:00:00,354.71097
2012-10-20 23:00:00,349.45224
2012-10-21 00:00:00,318.97012
2012-10-21 01:00:00,297.9693
2012-10-21 02:00:00,271.29556
2012-10-21 03:00:00,223.24081
2012-10-21 04:00:00,178.91133
2012-10-21 05:00:00,223.24081
2012-10-21 06:00:00,315.0176
2012-10-21 07:00:00,314.65817
2012-10-21 08:00:00,290.29657
2012-10-21 09:00:00,321.05005
2012-10-21 10:00:00,431.1902
2012-10-21 11:00:00,529.1704
2012-10-21 12:00:00,608.76044
2012-10-21 13:00:00,623.0991
2012-10-21 14:00:00,623.62384
2012-10-21 15:00:00,614.81854
2012-10-21 16:00:00,618.6056
2012-10-21 17:00:00,614.86206
2012-10-21 18:00:00,616.99524
2012-10-21 19:00:00,565.10175
2012-10-21 20:00:00,481.5828
2012-10-21 21:00:00,311.73416
2012-10-21 22:00:00,328.07312
2012-10-21 23:00:00,338.65503
2012-10-22 00:00:00,375.03094
2012-10-22 01:00:00,200.78735
2012-10-22 02:00:00,218.24948
2012-10-22 03:00:00,375.03094
2012-10-22 04:00:00,177.3244
2012-10-22 05:00:00,221.76534
2012-10-22 06:00:00,259.6683
2012-10-22 07:00:00,197.89944
2012-10-22 08:00:00,250.6055
2012-10-22 09:00:00,309.0125
2012-10-22 10:00:00,380.18442
2012-10-22 11:00:00,495.67667
2012-10-22 12:00:00,521.638
2012-10-22 13:00:00,571.43646
2012-10-22 14:00:00,521.98956
2012-10-22 15:00:00,537.53656
2012-10-22 16:00:00,561.9278
2012-10-22 17:00:00,504.64236
2012-10-22 18:00:00,521.4741
2012-10-22 19:00:00,510.99136
2012-10-22 20:00:00,390.40115
2012-10-22 21:00:00,364.3612
2012-10-22 22:00:00,213.21442
2012-10-22 23:00:00,216.84009
2012-10-23 00:00:00,236.59846
2012-10-23 01:00:00,222.83066
2012-10-23 02:00:00,240.36618
2012-10-23 03:00:00,240.07246
2012-10-23 04:00:00,242.50304
2012-10-23 05:00:00,245.42166
2012-10-23 06:00:00,208.82762
2012-10-23 07:00:00,282.2456
2012-10-23 08:00:00,324.38586
2012-10-23 09:00:00,368.2802
2012-10-23 10:00:00,563.16705
2012-10-23 11:00:00,344.2745
2012-10-23 12:00:00,370.40543
2012-10-23 13:00:00,376.9873
2012-10-23 14:00:00,516.69745
2012-10-23 15:00:00,575.0241
2012-10-23 16:00:00,447.0439
2012-10-23 17:00:00,465.74158
2012-10-23 18:00:00,356.63434
2012-10-23 19:00:00,393.53088
2012-10-23 20:00:00,560.1096
2012-10-23 21:00:00,368.65924
2012-10-23 22:00:00,390.2692
2012-10-23 23:00:00,339.65973
2012-10-24 00:00:00,295.75787
2012-10-24 01:00:00,372.26376
2012-10-24 02:00:00,372.26376
2012-10-24 03:00:00,174.84029
2012-10-24 04:00:00,174.84029
2012-10-24 05:00:00,147.1237
2012-10-24 06:00:00,216.42464
2012-10-24 07:00:00,175.54045
2012-10-24 08:00:00,227.6317
2012-10-24 09:00:00,270.6251
2012-10-24 10:00:00,275.00137
2012-10-24 11:00:00,549.3376
2012-10-24 12:00:00,387.1899
2012-10-24 13:00:00,397.20807
2012-10-24 14:00:00,597.21405
2012-10-24 15:00:00,513.93146
2012-10-24 16:00:00,574.8239
2012-10-24 17:00:00,433.02582
2012-10-24 18:00:00,436.06555
2012-10-24 19:00:00,359.46307
2012-10-24 20:00:00,351.51263
2012-10-24 21:00:00,375.5376
2012-10-24 22:00:00,375.17657
2012-10-24 23:00:00,353.40195
2012-10-25 00:00:00,388.4503
2012-10-25 01:00:00,363.85825
2012-10-25 02:00:00,180.90205
2012-10-25 03:00:00,224.31787
2012-10-25 04:00:00,219.16074
2012-10-25 05:00:00,215.34348
2012-10-25 06:00:00,231.20786
2012-10-25 07:00:00,231.20786
2012-10-25 08:00:00,214.97673
2012-10-25 09:00:00,219.7094
2012-10-25 10:00:00,230.75081
2012-10-25 11:00:00,219.7293
2012-10-25 12:00:00,254.69421
2012-10-25 13:00:00,252.17755
2012-10-25 14:00:00,351.32947
2012-10-25 15:00:00,415.70947
2012-10-25 16:00:00,401.64413
2012-10-25 17:00:00,401.64413
2012-10-25 18:00:00,204.28821
2012-10-25 19:00:00,229.63808
2012-10-25 20:00:00,224.4761
2012-10-25 21:00:00,224.4761
2012-10-25 22:00:00,222.39467
2012-10-25 23:00:00,230.81964
2012-10-26 00:00:00,223.0181
2012-10-26 01:00:00,190.06435
2012-10-26 02:00:00,215.15877
2012-10-26 03:00:00,208.20583
2012-10-26 04:00:00,208.20583
2012-10-26 05:00:00,215.15877
2012-10-26 06:00:00,190.06435
2012-10-26 07:00:00,215.15877
2012-10-26 08:00:00,226.86174
2012-10-26 09:00:00,226.86174
2012-10-26 10:00:00,217.28317
2012-10-26 11:00:00,242.26184
2012-10-26 12:00:00,287.70618
2012-10-26 13:00:00,353.32178
2012-10-26 14:00:00,391.34827
2012-10-26 15:00:00,375.47806
2012-10-26 16:00:00,292.23953
2012-10-26 17:00:00,301.10095
2012-10-26 18:00:00,227.26123
2012-10-26 19:00:00,220.58525
2012-10-26 20:00:00,220.58525
2012-10-26 21:00:00,283.26157
2012-10-26 22:00:00,212.74213
2012-10-26 23:00:00,206.87018
2012-10-27 00:00:00,199.80147
2012-10-27 01:00:00,197.49756
2012-10-27 02:00:00,200.91061
2012-10-27 03:00:00,202.45927
2012-10-27 04:00:00,204.15762
2012-10-27 05:00:00,211.83981
2012-10-27 06:00:00,211.83981
2012-10-27 07:00:00,176.6386
2012-10-27 08:00:00,287.539
2012-10-27 09:00:00,287.539
2012-10-27 10:00:00,321.11365
2012-10-27 11:00:00,542.05383
2012-10-27 12:00:00,483.369
2012-10-27 13:00:00,511.49832
2012-10-27 14:00:00,494.44376
2012-10-27 15:00:00,470.038
2012-10-27 16:00:00,485.2534
2012-10-27 17:00:00,485.2534
2012-10-27 18:00:00,485.2534
2012-10-27 19:00:00,335.59848
2012-10-27 20:00:00,335.59848
2012-10-27 21:00:00,335.59848
2012-10-27 22:00:00,355.9751
2012-10-27 23:00:00,359.84946
2012-10-28 00:00:00,349.6274
2012-10-28 01:00:00,365.22266
2012-10-28 02:00:00,363.043
2012-10-28 03:00:00,383.3636
2012-10-28 04:00:00,356.19193
2012-10-28 05:00:00,363.62344
2012-10-28 06:00:00,391.89496
2012-10-28 07:00:00,362.53696
2012-10-28 08:00:00,358.89728
2012-10-28 09:00:00,349.2124
2012-10-28 10:00:00,354.36057
2012-10-28 11:00:00,379.5006
2012-10-28 12:00:00,306.74197
2012-10-28 13:00:00,299.1546
2012-10-28 14:00:00,353.1462
2012-10-28 15:00:00,364.02554
2012-10-28 16:00:00,262.24445
2012-10-28 17:00:00,257.04938
2012-10-28 18:00:00,184.26285
2012-10-28 19:00:00,203.50977
2012-10-28 20:00:00,201.44005
2012-10-28 21:00:00,214.14732
2012-10-28 22:00:00,216.80957
2012-10-28 23:00:00,203.50977
2012-10-29 00:00:00,271.44452
2012-10-30 13:00:00,121.11437
2012-10-30 14:00:00,121.11437
2012-10-30 15:00:00,138.7633
2012-10-30 16:00:00,138.7633
2012-10-30 17:00:00,122.38995
2012-10-30 18:00:00,142.80342
2012-10-30 19:00:00,308.30316
2012-10-30 20:00:00,161.9584
2012-10-30 21:00:00,161.56143
2012-10-30 22:00:00,113.66539
2012-10-30 23:00:00,113.66539
2012-10-31 00:00:00,152.36029
2012-10-31 01:00:00,155.26837
2012-10-31 02:00:00,146.92813
2012-10-31 03:00:00,152.36029
2012-10-31 04:00:00,127.80962
2012-10-31 05:00:00,146.92813
2012-10-31 06:00:00,97.28799
2012-10-31 07:00:00,139.58604
2012-10-31 08:00:00,163.68292
2012-10-31 09:00:00,177.06659
2012-10-31 10:00:00,214.84392
2012-10-31 11:00:00,191.86604
2012-10-31 12:00:00,348.25815
2012-10-31 13:00:00,335.37045
2012-10-31 14:00:00,325.21368
2012-10-31 15:00:00,334.04794
2012-10-31 16:00:00,350.4499
2012-10-31 17:00:00,365.77765
2012-10-31 18:00:00,365.78
2012-10-31 19:00:00,342.8013
2012-10-31 20:00:00,342.8013
2012-10-31 21:00:00,342.8013
2012-10-31 22:00:00,279.72598
2012-10-31 23:00:00,261.16058
2012-11-20 00:00:00,137.61127
2012-11-20 01:00:00,104.123886
2012-11-20 02:00:00,246.38947
2012-11-20 03:00:00,184.0325
2012-11-20 04:00:00,173.04636
2012-11-20 05:00:00,167.6793
2012-11-20 06:00:00,158.00668
2012-11-20 07:00:00,150.16025
2012-11-20 08:00:00,128.09187
2012-11-20 09:00:00,282.99506
2012-11-20 10:00:00,297.22165
2012-11-20 11:00:00,292.10986
2012-11-20 12:00:00,327.48376
2012-11-20 13:00:00,357.39938
2012-11-20 14:00:00,357.33118
2012-11-20 15:00:00,348.86703
2012-11-20 16:00:00,361.75742
2012-11-20 17:00:00,226.64212
2012-11-20 18:00:00,292.37997
2012-11-20 19:00:00,322.59796
2012-11-20 20:00:00,306.79175
2012-11-20 21:00:00,220.13496
2012-11-20 22:00:00,220.13496
2012-11-20 23:00:00,131.18582
2012-11-21 00:00:00,160.56155
2012-11-21 01:00:00,105.908356
2012-11-21 02:00:00,54.027348
2012-11-21 03:00:00,54.027348
2012-11-21 04:00:00,54.027348
2012-11-21 05:00:00,54.027348
2012-11-21 06:00:00,79.768486
2012-11-21 07:00:00,69.58662
2012-11-21 08:00:00,124.85568
2012-11-21 09:00:00,144.84142
2012-11-21 10:00:00,347.05038
2012-11-21 11:00:00,305.35156
2012-11-21 12:00:00,277.56827
2012-11-21 13:00:00,335.37103
2012-11-21 14:00:00,372.47906
2012-11-21 15:00:00,362.21216
2012-11-21 16:00:00,328.82065
2012-11-21 17:00:00,287.48117
2012-11-21 18:00:00,329.78104
2012-11-21 19:00:00,276.7471
2012-11-21 20:00:00,287.46344
2012-11-21 21:00:00,324.49466
2012-11-21 22:00:00,252.73108
2012-11-21 23:00:00,268.68933
2012-11-22 00:00:00,141.41348
2012-11-22 01:00:00,68.34966
2012-11-22 02:00:00,63.87281
2012-11-22 03:00:00,72.47101
2012-11-22 04:00:00,78.056206
2012-11-22 05:00:00,72.47101
2012-11-22 06:00:00,63.75067
2012-11-22 07:00:00,86.10332
2012-11-22 08:00:00,105.652336
2012-11-22 09:00:00,89.86368
2012-11-22 10:00:00,310.86523
2012-11-22 11:00:00,414.14902
2012-11-22 12:00:00,444.66037
2012-11-22 13:00:00,458.61356
2012-11-22 14:00:00,461.0689
2012-11-22 15:00:00,461.0689
2012-11-22 16:00:00,462.29453
2012-11-22 17:00:00,444.66858
2012-11-22 18:00:00,372.87823
2012-11-22 19:00:00,210.14275
2012-11-22 20:00:00,187.02605
2012-11-22 21:00:00,241.98088
2012-11-22 22:00:00,263.5722
2012-11-22 23:00:00,105.77523
2012-11-23 00:00:00,96.47077
2012-11-23 01:00:00,120.65499
2012-11-23 02:00:00,98.01369
2012-11-23 03:00:00,87.49607
2012-11-23 04:00:00,89.83217
2012-11-23 05:00:00,119.82749
2012-11-23 06:00:00,119.71038
2012-11-23 07:00:00,119.71038
2012-11-23 08:00:00,84.34649
2012-11-23 09:00:00,102.739624
2012-11-23 10:00:00,340.33237
2012-11-23 11:00:00,324.04636
2012-11-23 12:00:00,360.38232
2012-11-23 13:00:00,412.75702
2012-11-23 14:00:00,462.94943
2012-11-23 15:00:00,335.93985
2012-11-23 16:00:00,364.4797
2012-11-23 17:00:00,354.2976
2012-11-23 18:00:00,342.01022
2012-11-23 19:00:00,335.83096
2012-11-23 20:00:00,352.06863
2012-11-23 21:00:00,312.2237
2012-11-23 22:00:00,339.50024
2012-11-23 23:00:00,383.04538
2012-11-24 00:00:00,513.5579
2012-11-24 01:00:00,218.63173
2012-11-24 02:00:00,311.67923
2012-11-24 03:00:00,262.95782
2012-11-24 04:00:00,280.38864
2012-11-24 05:00:00,222.05438
2012-11-24 06:00:00,231.31635
2012-11-24 07:00:00,234.462
2012-11-24 08:00:00,251.19595
2012-11-24 09:00:00,261.08917
2012-11-24 10:00:00,228.7761
2012-11-24 11:00:00,200.65045
2012-11-24 12:00:00,358.60535
2012-11-24 13:00:00,295.32718
2012-11-24 14:00:00,340.01526
2012-11-24 15:00:00,378.72052
2012-11-24 16:00:00,312.14902
2012-11-24 17:00:00,220.16426
2012-11-24 18:00:00,309.1705
2012-11-24 19:00:00,199.3427
2012-11-24 20:00:00,240.30536
2012-11-24 21:00:00,280.61594
2012-11-24 22:00:00,208.32202
2012-11-24 23:00:00,280.61594
2012-11-25 00:00:00,204.38365
2012-11-25 01:00:00,280.66394
2012-11-25 02:00:00,272.49707
2012-11-25 03:00:00,282.11398
2012-11-25 04:00:00,282.11398
2012-11-25 05:00:00,202.5619
2012-11-25 06:00:00,205.51543
2012-11-25 07:00:00,236.79965
2012-11-25 08:00:00,242.6657
2012-11-25 09:00:00,184.79306
2012-11-25 10:00:00,165.50116
2012-11-25 11:00:00,204.92366
2012-11-25 12:00:00,205.16689
2012-11-25 13:00:00,260.20645
2012-11-25 14:00:00,182.96701
2012-11-25 15:00:00,185.46
2012-11-25 16:00:00,248.92148
2012-11-25 17:00:00,325.16794
2012-11-25 18:00:00,270.31824
2012-11-25 19:00:00,222.03172
2012-11-25 20:00:00,109.72438
2012-11-25 21:00:00,188.70988
2012-11-25 22:00:00,109.72438
2012-11-25 23:00:00,66.15967
2012-11-26 00:00:00,87.537155
2012-11-26 01:00:00,201.11694
2012-11-26 02:00:00,201.11694
2012-11-26 03:00:00,201.11694
2012-11-26 04:00:00,88.15806
2012-11-26 05:00:00,173.70915
2012-11-26 06:00:00,88.15806
2012-11-26 07:00:00,99.171936
2012-11-26 08:00:00,99.171936
2012-11-26 09:00:00,219.77133
2012-11-26 10:00:00,297.47433
2012-11-26 11:00:00,361.2968
2012-11-26 12:00:00,357.72815
2012-11-26 13:00:00,357.72815
2012-11-26 14:00:00,352.69336
2012-11-26 15:00:00,338.36304
2012-11-26 16:00:00,342.68158
2012-11-26 17:00:00,345.4108
2012-11-26 18:00:00,325.1926
2012-11-26 19:00:00,264.66135
2012-11-26 20:00:00,270.1242
2012-11-26 21:00:00,269.93683
2012-11-26 22:00:00,287.53363
2012-11-26 23:00:00,178.6272
2012-11-27 00:00:00,237.41292
2012-11-27 01:00:00,175.57416
2012-11-27 02:00:00,171.65607
2012-11-27 03:00:00,140.84505
2012-11-27 04:00:00,177.64725
2012-11-27 05:00:00,199.27492
2012-11-27 06:00:00,180.10588
2012-11-27 07:00:00,132.31151
2012-11-27 08:00:00,150.15611
2012-11-27 09:00:00,216.23714
2012-11-27 10:00:00,134.83081
2012-11-27 11:00:00,158.43472
2012-11-27 12:00:00,140.06174
2012-11-27 13:00:00,129.35254
2012-11-27 14:00:00,137.98543
2012-11-27 15:00:00,219.88127
2012-11-27 16:00:00,219.88127
2012-11-27 17:00:00,236.80144
2012-11-27 18:00:00,205.6433
2012-11-27 19:00:00,240.07135
2012-11-27 20:00:00,244.25827
2012-11-27 21:00:00,239.93289
2012-11-27 22:00:00,141.04028
2012-11-27 23:00:00,188.41833
2012-11-28 00:00:00,186.38641
2012-11-28 01:00:00,163.88983
2012-11-28 02:00:00,163.88983
2012-11-28 03:00:00,179.47224
2012-11-28 04:00:00,151.27666
2012-11-28 05:00:00,121.760826
2012-11-28 06:00:00,231.36363
2012-11-28 07:00:00,215.77834
2012-11-28 08:00:00,169.0516
2012-11-28 09:00:00,187.5857
2012-11-28 10:00:00,307.61978
2012-11-28 11:00:00,334.267
2012-11-28 12:00:00,175.64845
2012-11-28 13:00:00,268.77026
2012-11-28 14:00:00,277.1628
2012-11-28 15:00:00,271.7035
2012-11-28 16:00:00,323.55728
2012-11-28 17:00:00,346.45093
2012-11-28 18:00:00,305.70056
2012-11-28 19:00:00,312.55127
2012-11-28 20:00:00,324.17078
2012-11-28 21:00:00,304.294
2012-11-28 22:00:00,324.42017
2012-11-28 23:00:00,214.72412
2012-11-29 00:00:00,165.38928
2012-11-29 01:00:00,120.93707
2012-11-29 02:00:00,119.07747
2012-11-29 04:00:00,110.346436
2012-11-29 05:00:00,133.42247
2012-11-29 06:00:00,60.882614
2012-11-29 07:00:00,203.18042
2012-11-29 08:00:00,74.56107
2012-11-29 09:00:00,156.97159
2012-11-29 10:00:00,73.65176
2012-11-29 11:00:00,302.62445
2012-11-29 12:00:00,281.78793
2012-11-29 13:00:00,315.11374
2012-11-29 14:00:00,262.6023
2012-11-29 15:00:00,271.783
2012-11-29 16:00:00,278.6794
2012-11-29 17:00:00,275.67136
2012-11-29 18:00:00,320.29248
2012-11-29 19:00:00,195.17949
2012-11-29 20:00:00,190.03856
2012-11-29 21:00:00,100.89974
2012-11-29 22:00:00,60.65468
2012-11-29 23:00:00,149.42688
2012-11-30 00:00:00,91.45947
2012-11-30 01:00:00,64.95462
2012-11-30 02:00:00,90.36355
2012-11-30 03:00:00,90.36355
2012-11-30 04:00:00,92.17144
2012-11-30 05:00:00,114.254974
2012-11-30 06:00:00,106.76102
2012-11-30 07:00:00,97.57249
2012-11-30 08:00:00,95.575195
2012-11-30 09:00:00,81.65951
2012-11-30 10:00:00,144.6854
2012-11-30 11:00:00,247.57724
2012-11-30 12:00:00,338.27032
2012-11-30 13:00:00,344.66266
2012-11-30 14:00:00,335.23615
2012-11-30 15:00:00,357.9846
2012-11-30 16:00:00,346.14682
2012-11-30 17:00:00,264.79648
2012-11-30 18:00:00,326.39554
2012-11-30 19:00:00,161.60709
2012-11-30 20:00:00,161.60709
2012-11-30 21:00:00,129.05247
2012-11-30 22:00:00,130.32968
2012-11-30 23:00:00,172.7314
2012-12-20 00:00:00,181.01227
2012-12-20 01:00:00,205.75172
2012-12-20 02:00:00,205.75172
2012-12-20 03:00:00,270.8656
2012-12-20 04:00:00,270.8656
2012-12-20 05:00:00,264.6119
2012-12-20 06:00:00,264.46854
2012-12-20 07:00:00,261.5084
2012-12-20 08:00:00,261.5084
2012-12-20 09:00:00,261.5084
2012-12-20 10:00:00,228.9334
2012-12-20 11:00:00,247.26814
2012-12-20 12:00:00,225.96141
2012-12-20 13:00:00,243.42131
2012-12-20 14:00:00,225.76532
2012-12-20 15:00:00,251.45578
2012-12-20 16:00:00,325.16934
2012-12-20 17:00:00,189.31537
2012-12-20 18:00:00,212.85039
2012-12-20 19:00:00,149.44153
2012-12-20 20:00:00,187.61427
2012-12-20 21:00:00,187.61427
2012-12-20 22:00:00,296.60608
2012-12-20 23:00:00,299.9044
2012-12-21 00:00:00,270.8639
2012-12-21 01:00:00,249.65903
2012-12-21 02:00:00,294.75253
2012-12-21 03:00:00,294.75253
2012-12-21 04:00:00,203.97914
2012-12-21 05:00:00,258.2744
2012-12-21 06:00:00,314.37744
2012-12-21 07:00:00,270.381
2012-12-21 08:00:00,309.71408
2012-12-21 09:00:00,294.92807
2012-12-21 10:00:00,250.95642
2012-12-21 11:00:00,240.77159
2012-12-21 12:00:00,270.1813
2012-12-21 13:00:00,291.2003
2012-12-21 14:00:00,300.5965
2012-12-21 15:00:00,276.09042
2012-12-21 16:00:00,318.07587
2012-12-21 17:00:00,355.8398
2012-12-21 18:00:00,359.93716
2012-12-21 19:00:00,320.03595
2012-12-21 20:00:00,302.51035
2012-12-21 21:00:00,315.76492
2012-12-21 22:00:00,314.00186
2012-12-21 23:00:00,279.2772
2012-12-22 00:00:00,320.41324
2012-12-22 01:00:00,324.25018
2012-12-22 02:00:00,320.49478
2012-12-22 03:00:00,311.90533
2012-12-22 04:00:00,257.4511
2012-12-22 05:00:00,271.84668
2012-12-22 06:00:00,302.1333
2012-12-22 07:00:00,302.1333
2012-12-22 08:00:00,318.89294
2012-12-22 09:00:00,276.19473
2012-12-22 10:00:00,280.36786
2012-12-22 11:00:00,307.49158
2012-12-22 12:00:00,367.92737
2012-12-22 13:00:00,339.92618
2012-12-22 14:00:00,334.41034
2012-12-22 15:00:00,350.77335
2012-12-22 16:00:00,335.8841
2012-12-22 17:00:00,305.13263
2012-12-22 18:00:00,325.65292
2012-12-22 19:00:00,335.583
2012-12-22 20:00:00,320.4334
2012-12-22 21:00:00,348.82416
2012-12-22 22:00:00,348.82416
2012-12-22 23:00:00,327.09424
2012-12-23 00:00:00,321.6168
2012-12-23 01:00:00,317.3591
2012-12-23 02:00:00,346.46375
2012-12-23 03:00:00,321.4852
2012-12-23 04:00:00,304.56464
2012-12-23 05:00:00,309.48224
2012-12-23 06:00:00,291.22537
2012-12-23 07:00:00,291.22537
2012-12-23 08:00:00,289.96277
2012-12-23 09:00:00,317.51813
2012-12-23 10:00:00,293.86816
2012-12-23 11:00:00,290.59567
2012-12-23 12:00:00,308.81995
2012-12-23 13:00:00,311.6934
2012-12-23 14:00:00,346.22296
2012-12-23 15:00:00,350.34256
2012-12-23 16:00:00,348.49402
2012-12-23 17:00:00,215.91711
2012-12-23 18:00:00,319.37445
2012-12-23 19:00:00,276.39816
2012-12-23 20:00:00,242.32468
2012-12-23 21:00:00,276.40222
2012-12-23 22:00:00,261.2596
2012-12-23 23:00:00,233.35445
2012-12-24 00:00:00,358.46094
2012-12-24 01:00:00,358.46094
2012-12-24 02:00:00,346.18265
2012-12-24 03:00:00,346.18265
2012-12-24 05:00:00,372.17725
2012-12-24 06:00:00,346.18265
2012-12-24 07:00:00,333.54453
2012-12-24 08:00:00,358.46094
2012-12-24 09:00:00,364.90332
2012-12-24 10:00:00,332.65637
2012-12-24 11:00:00,349.95245
2012-12-24 12:00:00,251.07967
2012-12-24 13:00:00,351.88394
2012-12-24 14:00:00,398.54715
2012-12-24 15:00:00,409.02756
2012-12-24 16:00:00,409.02756
2012-12-24 17:00:00,386.6387
2012-12-24 18:00:00,402.71115
2012-12-24 19:00:00,376.59305
2012-12-24 20:00:00,393.616
2012-12-24 21:00:00,367.42712
2012-12-24 22:00:00,360.05472
2012-12-24 23:00:00,343.92838
2012-12-25 00:00:00,368.8347
2012-12-25 01:00:00,363.43182
2012-12-25 02:00:00,363.43182
2012-12-25 04:00:00,369.12427
2012-12-25 05:00:00,379.18274
2012-12-25 06:00:00,379.18274
2012-12-25 07:00:00,384.05157
2012-12-25 08:00:00,348.18396
2012-12-25 09:00:00,365.16977
2012-12-25 10:00:00,334.0971
2012-12-25 11:00:00,293.3789
2012-12-25 12:00:00,228.79144
2012-12-25 13:00:00,387.60355
2012-12-25 14:00:00,398.98477
2012-12-25 15:00:00,237.50856
2012-12-25 16:00:00,214.34616
2012-12-25 17:00:00,309.9859
2012-12-25 18:00:00,197.28748
2012-12-25 19:00:00,182.9662
2012-12-25 20:00:00,295.54785
2012-12-25 21:00:00,303.47192
2012-12-25 22:00:00,275.15436
2012-12-25 23:00:00,299.1158
2012-12-26 00:00:00,367.34302
2012-12-26 01:00:00,404.6764
2012-12-26 02:00:00,404.6764
2012-12-26 03:00:00,374.16846
2012-12-26 04:00:00,354.09473
2012-12-26 05:00:00,388.95044
2012-12-26 06:00:00,359.89844
2012-12-26 07:00:00,377.18015
2012-12-26 08:00:00,377.18015
2012-12-26 09:00:00,377.18015
2012-12-26 10:00:00,373.91678
2012-12-26 11:00:00,383.29614
2012-12-26 12:00:00,365.29947
2012-12-26 13:00:00,365.29947
2012-12-26 14:00:00,386.4729
2012-12-26 15:00:00,326.03592
2012-12-26 16:00:00,326.03592
2012-12-26 17:00:00,326.32278
2012-12-26 18:00:00,318.499
2012-12-26 19:00:00,313.1327
2012-12-26 20:00:00,323.33896
2012-12-26 21:00:00,322.43002
2012-12-26 22:00:00,359.01346
2012-12-26 23:00:00,331.7329
2012-12-27 00:00:00,316.89438
2012-12-27 01:00:00,352.84418
2012-12-27 02:00:00,373.88922
2012-12-27 03:00:00,350.55014
2012-12-27 04:00:00,373.7617
2012-12-27 05:00:00,333.5164
2012-12-27 06:00:00,353.8044
2012-12-27 07:00:00,336.6251
2012-12-27 08:00:00,369.03287
2012-12-27 09:00:00,355.35852
2012-12-27 10:00:00,351.37897
2012-12-27 11:00:00,321.7639
2012-12-27 12:00:00,249.54152
2012-12-27 13:00:00,249.54152
2012-12-27 14:00:00,356.69647
2012-12-27 15:00:00,364.0266
2012-12-27 16:00:00,331.39554
2012-12-27 17:00:00,331.39554
2012-12-27 18:00:00,363.5479
2012-12-27 19:00:00,376.02118
2012-12-27 20:00:00,343.83496
2012-12-27 21:00:00,363.5479
2012-12-27 22:00:00,365.1881
2012-12-27 23:00:00,363.5479
2012-12-28 00:00:00,347.15665
2012-12-28 01:00:00,358.14813
2012-12-28 02:00:00,359.5804
2012-12-28 03:00:00,347.15665
2012-12-28 04:00:00,292.5929
2012-12-28 05:00:00,288.6027
2012-12-28 06:00:00,334.20273
2012-12-28 07:00:00,321.29166
2012-12-28 08:00:00,346.2158
2012-12-28 09:00:00,344.63327
2012-12-28 10:00:00,297.32724
2012-12-28 11:00:00,286.00366
2012-12-28 12:00:00,233.73007
2012-12-28 13:00:00,233.73007
2012-12-28 14:00:00,233.73007
2012-12-28 15:00:00,204.17601
2012-12-28 16:00:00,247.10779
2012-12-28 17:00:00,310.0243
2012-12-28 18:00:00,310.0243
2012-12-28 19:00:00,323.52975
2012-12-28 20:00:00,335.6401
2012-12-28 21:00:00,330.07938
2012-12-28 22:00:00,330.35266
2012-12-28 23:00:00,330.88348
2012-12-29 00:00:00,311.27124
2012-12-29 01:00:00,323.30792
2012-12-29 02:00:00,311.27124
2012-12-29 03:00:00,328.53888
2012-12-29 04:00:00,323.30792
2012-12-29 05:00:00,323.30792
2012-12-29 06:00:00,316.6516
2012-12-29 07:00:00,308.92764
2012-12-29 08:00:00,321.2376
2012-12-29 09:00:00,321.2376
2012-12-29 10:00:00,305.0058
2012-12-29 11:00:00,343.85944
2012-12-29 12:00:00,336.36783
2012-12-29 13:00:00,336.36783
2012-12-29 14:00:00,338.56375
2012-12-29 15:00:00,339.13773
2012-12-29 16:00:00,335.8506
2012-12-29 17:00:00,327.4051
2012-12-29 18:00:00,283.29544
2012-12-29 19:00:00,291.05203
2012-12-29 20:00:00,271.66656
2012-12-29 21:00:00,274.8025
2012-12-29 22:00:00,280.79034
2012-12-29 23:00:00,235.20638
2012-12-30 00:00:00,286.7247
2012-12-30 01:00:00,316.6174
2012-12-30 02:00:00,258.34412
2012-12-30 03:00:00,316.6174
2012-12-30 04:00:00,252.07109
2012-12-30 05:00:00,291.88617
2012-12-30 06:00:00,323.3858
2012-12-30 07:00:00,335.21002
2012-12-30 08:00:00,342.7128
2012-12-30 09:00:00,344.56705
2012-12-30 10:00:00,323.90192
2012-12-30 11:00:00,301.4756
2012-12-30 12:00:00,374.27405
2012-12-30 13:00:00,363.78436
2012-12-30 14:00:00,360.34232
2012-12-30 15:00:00,333.0972
2012-12-30 16:00:00,337.91187
2012-12-30 17:00:00,308.8913
2012-12-30 18:00:00,327.3101
2012-12-30 19:00:00,161.41742
2012-12-30 20:00:00,329.8387
2012-12-30 21:00:00,346.46375
2012-12-30 22:00:00,284.75214
2012-12-30 23:00:00,335.54315
2012-12-31 00:00:00,355.20132
2012-12-31 01:00:00,355.20132
2012-12-31 02:00:00,372.60593
2012-12-31 03:00:00,361.91855
2012-12-31 04:00:00,345.22583
2012-12-31 05:00:00,376.40335
2012-12-31 06:00:00,370.8146
2012-12-31 07:00:00,367.34863
2012-12-31 08:00:00,346.73984
2012-12-31 09:00:00,378.23114
2012-12-31 10:00:00,388.86542
2012-12-31 11:00:00,389.15558
2012-12-31 12:00:00,388.44342
2012-12-31 13:00:00,366.90356
2012-12-31 14:00:00,371.39044
2012-12-31 15:00:00,356.89066
2012-12-31 16:00:00,359.53842
2012-12-31 17:00:00,288.63348
2012-12-31 18:00:00,292.59445
2012-12-31 19:00:00,349.95245
2012-12-31 20:00:00,349.95245
2012-12-31 21:00:00,274.53516
2012-12-31 22:00:00,218.78345
2012-12-31 23:00:00,313.78534
