datetime,count
2011-01-20 00:00:00,12.841156
2011-01-20 01:00:00,0.0
2011-01-20 02:00:00,0.0
2011-01-20 03:00:00,0.0
2011-01-20 04:00:00,0.0
2011-01-20 05:00:00,4.5318317
2011-01-20 06:00:00,34.897594
2011-01-20 07:00:00,91.78535
2011-01-20 08:00:00,214.80334
2011-01-20 09:00:00,118.37641
2011-01-20 10:00:00,51.237606
2011-01-20 11:00:00,50.970436
2011-01-20 12:00:00,63.33504
2011-01-20 13:00:00,62.17058
2011-01-20 14:00:00,57.877243
2011-01-20 15:00:00,68.09248
2011-01-20 16:00:00,89.93699
2011-01-20 17:00:00,174.69913
2011-01-20 18:00:00,170.30925
2011-01-20 19:00:00,115.173454
2011-01-20 20:00:00,75.74913
2011-01-20 21:00:00,59.89344
2011-01-20 22:00:00,42.079098
2011-01-20 23:00:00,27.432491
2011-01-21 00:00:00,11.058455
2011-01-21 01:00:00,2.4370527
2011-01-21 02:00:00,0.0
2011-01-21 03:00:00,0.0
2011-01-21 04:00:00,0.0
2011-01-21 05:00:00,3.2336364
2011-01-21 06:00:00,31.650536
2011-01-21 07:00:00,73.8461
2011-01-21 08:00:00,192.63858
2011-01-21 09:00:00,110.57891
2011-01-21 10:00:00,40.269875
2011-01-21 11:00:00,50.517338
2011-01-21 12:00:00,53.420216
2011-01-21 13:00:00,43.45852
2011-01-21 14:00:00,50.738293
2011-01-21 15:00:00,56.407
2011-01-21 16:00:00,78.29938
2011-01-21 17:00:00,146.23442
2011-01-21 18:00:00,126.530365
2011-01-21 19:00:00,77.78465
2011-01-21 20:00:00,50.29319
2011-01-21 21:00:00,39.740685
2011-01-21 22:00:00,36.290226
2011-01-21 23:00:00,28.709063
2011-01-22 00:00:00,29.025595
2011-01-22 01:00:00,19.888647
2011-01-22 02:00:00,14.424561
2011-01-22 03:00:00,2.519073
2011-01-22 04:00:00,0.0
2011-01-22 06:00:00,0.0
2011-01-22 07:00:00,0.0
2011-01-22 08:00:00,13.97469
2011-01-22 09:00:00,29.976425
2011-01-22 10:00:00,52.08571
2011-01-22 11:00:00,63.630096
2011-01-22 12:00:00,79.644875
2011-01-22 13:00:00,89.69166
2011-01-22 14:00:00,91.571884
2011-01-22 15:00:00,90.71056
2011-01-22 16:00:00,87.7707
2011-01-22 17:00:00,92.72743
2011-01-22 18:00:00,60.943905
2011-01-22 19:00:00,42.256386
2011-01-22 20:00:00,34.405025
2011-01-22 21:00:00,26.182117
2011-01-22 22:00:00,30.159107
2011-01-22 23:00:00,29.998009
2011-01-23 00:00:00,31.880764
2011-01-23 01:00:00,25.136076
2011-01-23 02:00:00,15.839451
2011-01-23 03:00:00,5.4679656
2011-01-23 05:00:00,0.0
2011-01-23 06:00:00,0.0
2011-01-23 07:00:00,0.0
2011-01-23 08:00:00,0.0
2011-01-23 09:00:00,18.894121
2011-01-23 10:00:00,55.291687
2011-01-23 11:00:00,66.74542
2011-01-23 12:00:00,75.70017
2011-01-23 13:00:00,86.753716
2011-01-23 14:00:00,77.92073
2011-01-23 15:00:00,81.72818
2011-01-23 16:00:00,69.602066
2011-01-23 17:00:00,59.10454
2011-01-23 18:00:00,53.90133
2011-01-23 19:00:00,38.256264
2011-01-23 20:00:00,31.349596
2011-01-23 21:00:00,23.205122
2011-01-23 22:00:00,17.946627
2011-01-23 23:00:00,10.5854645
2011-01-24 00:00:00,8.998646
2011-01-24 01:00:00,2.1049638
2011-01-24 03:00:00,0.0
2011-01-24 04:00:00,0.0
2011-01-24 05:00:00,0.0
2011-01-24 06:00:00,18.799128
2011-01-24 07:00:00,52.837013
2011-01-24 08:00:00,162.05823
2011-01-24 09:00:00,85.87697
2011-01-24 10:00:00,22.698656
2011-01-24 11:00:00,25.155392
2011-01-24 12:00:00,49.9644
2011-01-24 13:00:00,51.877644
2011-01-24 14:00:00,42.943653
2011-01-24 15:00:00,52.73186
2011-01-24 16:00:00,69.72582
2011-01-24 17:00:00,143.02377
2011-01-24 18:00:00,146.21095
2011-01-24 19:00:00,101.68181
2011-01-24 20:00:00,65.6025
2011-01-24 21:00:00,41.90798
2011-01-24 22:00:00,23.554047
2011-01-24 23:00:00,8.185504
2011-01-25 00:00:00,1.1390635
2011-01-25 01:00:00,0.0
2011-01-25 02:00:00,0.0
2011-01-25 04:00:00,0.0
2011-01-25 05:00:00,2.1776109
2011-01-25 06:00:00,25.008997
2011-01-25 07:00:00,74.3338
2011-01-25 08:00:00,185.57713
2011-01-25 09:00:00,108.254105
2011-01-25 10:00:00,41.848125
2011-01-25 11:00:00,42.27985
2011-01-25 12:00:00,61.838326
2011-01-25 13:00:00,61.263287
2011-01-25 14:00:00,50.016205
2011-01-25 15:00:00,57.13073
2011-01-25 16:00:00,83.28372
2011-01-25 17:00:00,190.49315
2011-01-25 18:00:00,178.22046
2011-01-25 19:00:00,111.589005
2011-01-25 20:00:00,75.405014
2011-01-25 21:00:00,57.28972
2011-01-25 22:00:00,36.818336
2011-01-25 23:00:00,15.870798
2011-01-26 00:00:00,4.768295
2011-01-26 01:00:00,0.0
2011-01-26 02:00:00,0.0
2011-01-26 05:00:00,0.0
2011-01-26 06:00:00,5.797089
2011-01-26 07:00:00,39.17653
2011-01-26 08:00:00,134.07245
2011-01-26 09:00:00,70.10234
2011-01-26 10:00:00,16.662191
2011-01-26 11:00:00,21.050472
2011-01-26 12:00:00,23.367863
2011-01-26 13:00:00,24.39014
2011-01-26 14:00:00,20.92531
2011-01-26 15:00:00,13.221825
2011-01-26 16:00:00,39.143593
2011-01-26 17:00:00,66.33541
2011-01-27 16:00:00,83.566376
2011-01-27 17:00:00,159.17493
2011-01-27 18:00:00,155.39386
2011-01-27 19:00:00,108.609184
2011-01-27 20:00:00,80.79304
2011-01-27 21:00:00,62.182106
2011-01-27 22:00:00,48.539036
2011-01-27 23:00:00,28.048689
2011-01-28 00:00:00,9.612774
2011-01-28 01:00:00,1.8095639
2011-01-28 02:00:00,0.0
2011-01-28 03:00:00,0.0
2011-01-28 05:00:00,0.70051616
2011-01-28 06:00:00,28.069237
2011-01-28 07:00:00,80.13157
2011-01-28 08:00:00,201.58939
2011-01-28 09:00:00,90.980484
2011-01-28 10:00:00,43.42231
2011-01-28 11:00:00,43.316982
2011-01-28 12:00:00,50.170998
2011-01-28 13:00:00,43.81048
2011-01-28 14:00:00,22.115456
2011-01-28 15:00:00,55.094555
2011-01-28 16:00:00,78.658646
2011-01-28 17:00:00,172.67325
2011-01-28 18:00:00,146.16301
2011-01-28 19:00:00,99.86234
2011-01-28 20:00:00,68.086334
2011-01-28 21:00:00,52.496227
2011-01-28 22:00:00,48.709415
2011-01-28 23:00:00,41.467316
2011-01-29 00:00:00,29.320326
2011-01-29 01:00:00,20.049181
2011-01-29 02:00:00,13.382449
2011-01-29 03:00:00,3.9392242
2011-01-29 04:00:00,0.0
2011-01-29 06:00:00,0.0
2011-01-29 07:00:00,0.0
2011-01-29 08:00:00,18.114769
2011-01-29 09:00:00,43.004578
2011-01-29 10:00:00,65.0566
2011-01-29 11:00:00,76.597725
2011-01-29 12:00:00,97.2982
2011-01-29 13:00:00,103.07198
2011-01-29 14:00:00,90.173035
2011-01-29 15:00:00,101.87239
2011-01-29 16:00:00,99.77784
2011-01-29 17:00:00,94.957634
2011-01-29 18:00:00,84.59649
2011-01-29 19:00:00,58.837868
2011-01-29 20:00:00,50.071945
2011-01-29 21:00:00,44.56864
2011-01-29 22:00:00,39.870964
2011-01-29 23:00:00,35.10534
2011-01-30 00:00:00,32.197624
2011-01-30 01:00:00,30.318033
2011-01-30 02:00:00,22.703249
2011-01-30 03:00:00,12.266385
2011-01-30 04:00:00,3.7912252
2011-01-30 05:00:00,3.0097609
2011-01-30 07:00:00,0.0
2011-01-30 08:00:00,17.010338
2011-01-30 09:00:00,31.405354
2011-01-30 10:00:00,72.09824
2011-01-30 11:00:00,79.42633
2011-01-30 12:00:00,123.98226
2011-01-30 13:00:00,110.01567
2011-01-30 14:00:00,102.88717
2011-01-30 15:00:00,109.274574
2011-01-30 16:00:00,108.12794
2011-01-30 17:00:00,98.55188
2011-01-30 18:00:00,80.5656
2011-01-30 19:00:00,52.116066
2011-01-30 20:00:00,39.25047
2011-01-30 21:00:00,34.29019
2011-01-30 22:00:00,28.166191
2011-01-30 23:00:00,14.892329
2011-01-31 00:00:00,7.0911345
2011-01-31 01:00:00,0.0
2011-01-31 02:00:00,0.0
2011-01-31 03:00:00,0.0
2011-01-31 04:00:00,0.0
2011-01-31 05:00:00,0.0
2011-01-31 06:00:00,18.633604
2011-01-31 07:00:00,64.61664
2011-01-31 08:00:00,169.09183
2011-01-31 09:00:00,95.29155
2011-01-31 10:00:00,33.70003
2011-01-31 11:00:00,37.22723
2011-01-31 12:00:00,50.473167
2011-01-31 13:00:00,45.72017
2011-01-31 14:00:00,45.721596
2011-01-31 15:00:00,50.484863
2011-01-31 16:00:00,73.54292
2011-01-31 17:00:00,154.15715
2011-01-31 18:00:00,148.58821
2011-01-31 19:00:00,117.48883
2011-01-31 20:00:00,57.996666
2011-01-31 21:00:00,40.26364
2011-01-31 22:00:00,30.294888
2011-01-31 23:00:00,9.793646
2011-02-20 00:00:00,30.855373
2011-02-20 01:00:00,20.061466
2011-02-20 02:00:00,15.416378
2011-02-20 03:00:00,1.1705278
2011-02-20 04:00:00,0.0
2011-02-20 06:00:00,0.0
2011-02-20 07:00:00,0.0
2011-02-20 08:00:00,12.702872
2011-02-20 09:00:00,36.743484
2011-02-20 10:00:00,90.51691
2011-02-20 11:00:00,115.595695
2011-02-20 12:00:00,145.91858
2011-02-20 13:00:00,152.46565
2011-02-20 14:00:00,154.23602
2011-02-20 15:00:00,161.13806
2011-02-20 16:00:00,155.7261
2011-02-20 17:00:00,143.99216
2011-02-20 18:00:00,103.81867
2011-02-20 19:00:00,71.8804
2011-02-20 20:00:00,36.491028
2011-02-20 21:00:00,35.98373
2011-02-20 22:00:00,38.934284
2011-02-20 23:00:00,17.004562
2011-02-21 00:00:00,31.727894
2011-02-21 01:00:00,20.324522
2011-02-21 02:00:00,14.091812
2011-02-21 03:00:00,8.233024
2011-02-21 04:00:00,0.0
2011-02-21 05:00:00,0.23399831
2011-02-21 06:00:00,19.118563
2011-02-21 07:00:00,63.588577
2011-02-21 08:00:00,114.83608
2011-02-21 09:00:00,94.55205
2011-02-21 10:00:00,87.5794
2011-02-21 11:00:00,102.09937
2011-02-21 12:00:00,122.09272
2011-02-21 13:00:00,83.2545
2011-02-21 14:00:00,118.40789
2011-02-21 15:00:00,108.8754
2011-02-21 16:00:00,95.4105
2011-02-21 17:00:00,141.01364
2011-02-21 18:00:00,92.46934
2011-02-21 19:00:00,96.11338
2011-02-21 20:00:00,52.377876
2011-02-21 21:00:00,40.136784
2011-02-21 22:00:00,28.591513
2011-02-21 23:00:00,18.932463
2011-02-22 06:00:00,25.347569
2011-02-22 07:00:00,78.32794
2011-02-22 08:00:00,194.70946
2011-02-22 09:00:00,115.52385
2011-02-22 10:00:00,41.480125
2011-02-22 11:00:00,39.366714
2011-02-22 12:00:00,64.469864
2011-02-22 13:00:00,70.38038
2011-02-22 14:00:00,62.674667
2011-02-22 15:00:00,72.336006
2011-02-22 16:00:00,89.62824
2011-02-22 17:00:00,175.24603
2011-02-22 18:00:00,177.18504
2011-02-22 19:00:00,114.1389
2011-02-22 20:00:00,81.88707
2011-02-22 21:00:00,60.03357
2011-02-22 22:00:00,42.3101
2011-02-22 23:00:00,23.680866
2011-02-23 00:00:00,8.038692
2011-02-23 01:00:00,0.94877577
2011-02-23 02:00:00,0.0
2011-02-23 03:00:00,0.0
2011-02-23 05:00:00,0.0
2011-02-23 06:00:00,28.326418
2011-02-23 07:00:00,93.83891
2011-02-23 08:00:00,216.79262
2011-02-23 09:00:00,127.759514
2011-02-23 10:00:00,48.279266
2011-02-23 11:00:00,48.21087
2011-02-23 12:00:00,79.194984
2011-02-23 13:00:00,82.81608
2011-02-23 14:00:00,72.18737
2011-02-23 15:00:00,86.160385
2011-02-23 16:00:00,99.22165
2011-02-23 17:00:00,227.59967
2011-02-23 18:00:00,213.18031
2011-02-23 19:00:00,135.63211
2011-02-23 20:00:00,91.70619
2011-02-23 21:00:00,62.15095
2011-02-23 22:00:00,46.68504
2011-02-23 23:00:00,26.45185
2011-02-24 00:00:00,9.531353
2011-02-24 01:00:00,2.4436438
2011-02-24 02:00:00,0.0
2011-02-24 03:00:00,0.0
2011-02-24 05:00:00,2.808022
2011-02-24 06:00:00,33.355186
2011-02-24 07:00:00,105.83744
2011-02-24 08:00:00,241.90053
2011-02-24 09:00:00,131.18008
2011-02-24 10:00:00,53.76778
2011-02-24 11:00:00,64.902695
2011-02-24 12:00:00,83.71944
2011-02-24 13:00:00,81.76361
2011-02-24 14:00:00,68.97671
2011-02-24 15:00:00,49.62634
2011-02-24 16:00:00,69.40229
2011-02-24 17:00:00,178.47098
2011-02-24 18:00:00,129.90924
2011-02-24 19:00:00,73.78047
2011-02-24 20:00:00,68.45968
2011-02-24 21:00:00,59.216705
2011-02-24 22:00:00,23.735329
2011-02-24 23:00:00,27.522074
2011-02-25 00:00:00,13.156631
2011-02-25 01:00:00,7.7963467
2011-02-25 02:00:00,5.091667
2011-02-25 03:00:00,0.0
2011-02-25 05:00:00,4.8321705
2011-02-25 06:00:00,36.474915
2011-02-25 07:00:00,71.63742
2011-02-25 08:00:00,177.26454
2011-02-25 09:00:00,78.32913
2011-02-25 10:00:00,37.819523
2011-02-25 11:00:00,105.59339
2011-02-25 12:00:00,116.718254
2011-02-25 13:00:00,113.447586
2011-02-25 14:00:00,104.09374
2011-02-25 15:00:00,127.09727
2011-02-25 16:00:00,105.128914
2011-02-25 17:00:00,177.43881
2011-02-25 18:00:00,155.86494
2011-02-25 19:00:00,105.21722
2011-02-25 20:00:00,54.540802
2011-02-25 21:00:00,56.993843
2011-02-25 22:00:00,50.35978
2011-02-25 23:00:00,39.409138
2011-02-26 00:00:00,30.270306
2011-02-26 01:00:00,18.855267
2011-02-26 02:00:00,15.60904
2011-02-26 03:00:00,4.7287006
2011-02-26 04:00:00,0.0
2011-02-26 05:00:00,0.0
2011-02-26 06:00:00,0.0
2011-02-26 07:00:00,9.680069
2011-02-26 08:00:00,41.799393
2011-02-26 09:00:00,61.27147
2011-02-26 10:00:00,95.7409
2011-02-26 11:00:00,117.96119
2011-02-26 12:00:00,143.12766
2011-02-26 13:00:00,151.91174
2011-02-26 14:00:00,139.93848
2011-02-26 15:00:00,150.93225
2011-02-26 16:00:00,145.09479
2011-02-26 17:00:00,145.32077
2011-02-26 18:00:00,111.23229
2011-02-26 19:00:00,77.10835
2011-02-26 20:00:00,63.746693
2011-02-26 21:00:00,53.011436
2011-02-26 22:00:00,53.092823
2011-02-26 23:00:00,39.78675
2011-02-27 00:00:00,36.285515
2011-02-27 01:00:00,33.134037
2011-02-27 02:00:00,26.245855
2011-02-27 03:00:00,13.083074
2011-02-27 04:00:00,5.4025507
2011-02-27 06:00:00,0.0
2011-02-27 07:00:00,8.180484
2011-02-27 08:00:00,32.863537
2011-02-27 09:00:00,56.142548
2011-02-27 10:00:00,93.591194
2011-02-27 11:00:00,138.05766
2011-02-27 12:00:00,176.61053
2011-02-27 13:00:00,183.63048
2011-02-27 14:00:00,193.45135
2011-02-27 15:00:00,226.42924
2011-02-27 16:00:00,236.66748
2011-02-27 17:00:00,160.91342
2011-02-27 18:00:00,118.56711
2011-02-27 19:00:00,88.76676
2011-02-27 20:00:00,62.847668
2011-02-27 21:00:00,52.665062
2011-02-27 22:00:00,40.207176
2011-02-27 23:00:00,23.35126
2011-02-28 00:00:00,9.757781
2011-02-28 01:00:00,7.3222976
2011-02-28 03:00:00,4.3049245
2011-02-28 05:00:00,2.6761866
2011-02-28 06:00:00,35.260704
2011-02-28 07:00:00,101.53557
2011-02-28 08:00:00,198.87721
2011-02-28 09:00:00,134.42233
2011-02-28 10:00:00,65.74993
2011-02-28 11:00:00,92.14209
2011-02-28 12:00:00,117.427765
2011-02-28 13:00:00,54.749107
2011-02-28 14:00:00,30.728428
2011-02-28 15:00:00,32.490353
2011-02-28 16:00:00,72.97485
2011-02-28 17:00:00,93.883385
2011-02-28 18:00:00,132.60687
2011-02-28 19:00:00,64.29286
2011-02-28 20:00:00,35.618713
2011-02-28 21:00:00,47.904217
2011-02-28 22:00:00,14.310752
2011-02-28 23:00:00,4.394462
2011-03-20 00:00:00,37.52332
2011-03-20 01:00:00,32.102386
2011-03-20 02:00:00,20.135715
2011-03-20 03:00:00,13.544309
2011-03-20 04:00:00,0.12942758
2011-03-20 05:00:00,0.0
2011-03-20 06:00:00,0.0
2011-03-20 07:00:00,8.005017
2011-03-20 08:00:00,34.937344
2011-03-20 09:00:00,62.30545
2011-03-20 10:00:00,119.36298
2011-03-20 11:00:00,160.80888
2011-03-20 12:00:00,194.33443
2011-03-20 13:00:00,210.58354
2011-03-20 14:00:00,210.16074
2011-03-20 15:00:00,227.64168
2011-03-20 16:00:00,220.11874
2011-03-20 17:00:00,192.84666
2011-03-20 18:00:00,154.80875
2011-03-20 19:00:00,100.38393
2011-03-20 20:00:00,65.96949
2011-03-20 21:00:00,50.47342
2011-03-20 22:00:00,40.687485
2011-03-20 23:00:00,16.670948
2011-03-21 00:00:00,15.652346
2011-03-21 01:00:00,0.0
2011-03-21 02:00:00,0.0
2011-03-21 03:00:00,0.0
2011-03-21 05:00:00,3.0629585
2011-03-21 06:00:00,21.098097
2011-03-21 07:00:00,52.57772
2011-03-21 08:00:00,226.77261
2011-03-21 09:00:00,116.87126
2011-03-21 10:00:00,54.96445
2011-03-21 11:00:00,69.718
2011-03-21 12:00:00,96.522484
2011-03-21 13:00:00,119.51634
2011-03-21 14:00:00,108.26839
2011-03-21 15:00:00,132.00073
2011-03-21 16:00:00,153.54431
2011-03-21 17:00:00,338.14676
2011-03-21 18:00:00,324.46213
2011-03-21 19:00:00,254.00043
2011-03-21 20:00:00,167.76497
2011-03-21 21:00:00,75.10674
2011-03-21 22:00:00,59.308598
2011-03-21 23:00:00,35.35442
2011-03-22 00:00:00,24.31801
2011-03-22 01:00:00,8.876767
2011-03-22 02:00:00,1.0609058
2011-03-22 03:00:00,1.0654399
2011-03-22 04:00:00,2.0433218
2011-03-22 05:00:00,10.136156
2011-03-22 06:00:00,55.525307
2011-03-22 07:00:00,146.33531
2011-03-22 08:00:00,275.73322
2011-03-22 09:00:00,136.35344
2011-03-22 10:00:00,78.56897
2011-03-22 11:00:00,85.783195
2011-03-22 12:00:00,120.648125
2011-03-22 13:00:00,124.931046
2011-03-22 14:00:00,115.83827
2011-03-22 15:00:00,128.75494
2011-03-22 16:00:00,169.96236
2011-03-22 17:00:00,326.6905
2011-03-22 18:00:00,310.5677
2011-03-22 19:00:00,190.72156
2011-03-22 20:00:00,124.021034
2011-03-22 21:00:00,90.524155
2011-03-22 22:00:00,63.896446
2011-03-22 23:00:00,33.970078
2011-03-23 00:00:00,14.641298
2011-03-23 01:00:00,2.0870392
2011-03-23 02:00:00,0.0
2011-03-23 03:00:00,0.0
2011-03-23 05:00:00,14.513586
2011-03-23 06:00:00,41.785614
2011-03-23 07:00:00,106.09864
2011-03-23 08:00:00,268.83325
2011-03-23 09:00:00,133.10391
2011-03-23 10:00:00,48.633896
2011-03-23 11:00:00,56.22228
2011-03-23 12:00:00,65.73546
2011-03-23 13:00:00,64.54382
2011-03-23 14:00:00,61.96305
2011-03-23 15:00:00,74.84566
2011-03-23 16:00:00,122.74489
2011-03-23 17:00:00,252.68073
2011-03-23 18:00:00,143.6204
2011-03-23 19:00:00,114.12923
2011-03-23 20:00:00,11.238862
2011-03-23 21:00:00,19.540707
2011-03-23 22:00:00,36.09281
2011-03-23 23:00:00,3.793558
2011-03-24 00:00:00,9.304349
2011-03-24 01:00:00,5.821726
2011-03-24 02:00:00,4.5708804
2011-03-24 03:00:00,5.331699
2011-03-24 04:00:00,5.694939
2011-03-24 05:00:00,7.095306
2011-03-24 06:00:00,41.144096
2011-03-24 07:00:00,65.390976
2011-03-24 08:00:00,151.88841
2011-03-24 09:00:00,124.43698
2011-03-24 10:00:00,48.018703
2011-03-24 11:00:00,52.771603
2011-03-24 12:00:00,75.633804
2011-03-24 13:00:00,83.94976
2011-03-24 14:00:00,77.07974
2011-03-24 15:00:00,79.10292
2011-03-24 16:00:00,111.47328
2011-03-24 17:00:00,217.15045
2011-03-24 18:00:00,202.63826
2011-03-24 19:00:00,152.5734
2011-03-24 20:00:00,100.42951
2011-03-24 21:00:00,78.234726
2011-03-24 22:00:00,62.223522
2011-03-24 23:00:00,39.188526
2011-03-25 00:00:00,14.855637
2011-03-25 01:00:00,2.334681
2011-03-25 02:00:00,0.0
2011-03-25 03:00:00,0.0
2011-03-25 04:00:00,0.0
2011-03-25 05:00:00,4.089474
2011-03-25 06:00:00,33.427288
2011-03-25 07:00:00,108.59817
2011-03-25 08:00:00,250.82246
2011-03-25 09:00:00,140.11328
2011-03-25 10:00:00,71.01698
2011-03-25 11:00:00,85.52865
2011-03-25 12:00:00,116.1876
2011-03-25 13:00:00,116.691795
2011-03-25 14:00:00,128.0073
2011-03-25 15:00:00,116.32132
2011-03-25 16:00:00,142.62743
2011-03-25 17:00:00,234.26718
2011-03-25 18:00:00,199.79533
2011-03-25 19:00:00,129.56403
2011-03-25 20:00:00,80.968254
2011-03-25 21:00:00,63.87666
2011-03-25 22:00:00,49.362392
2011-03-25 23:00:00,35.74148
2011-03-26 00:00:00,33.54832
2011-03-26 01:00:00,22.644367
2011-03-26 02:00:00,12.084787
2011-03-26 03:00:00,1.9153912
2011-03-26 04:00:00,0.0
2011-03-26 05:00:00,0.0
2011-03-26 06:00:00,0.0
2011-03-26 07:00:00,8.866095
2011-03-26 08:00:00,43.183796
2011-03-26 09:00:00,74.63599
2011-03-26 10:00:00,112.27638
2011-03-26 11:00:00,139.2152
2011-03-26 12:00:00,174.7929
2011-03-26 13:00:00,197.59984
2011-03-26 14:00:00,202.83089
2011-03-26 15:00:00,211.85722
2011-03-26 16:00:00,190.53696
2011-03-26 17:00:00,174.18301
2011-03-26 18:00:00,148.95734
2011-03-26 19:00:00,97.86746
2011-03-26 20:00:00,63.88649
2011-03-26 21:00:00,48.65056
2011-03-26 22:00:00,48.135475
2011-03-26 23:00:00,34.249054
2011-03-27 00:00:00,35.41126
2011-03-27 01:00:00,25.965532
2011-03-27 02:00:00,23.57989
2011-03-27 03:00:00,8.032829
2011-03-27 04:00:00,6.365107
2011-03-27 06:00:00,6.1928124
2011-03-27 07:00:00,8.862494
2011-03-27 08:00:00,25.743914
2011-03-27 09:00:00,59.589905
2011-03-27 10:00:00,105.321556
2011-03-27 11:00:00,131.67848
2011-03-27 12:00:00,158.72183
2011-03-27 13:00:00,183.53648
2011-03-27 14:00:00,184.27763
2011-03-27 15:00:00,183.4021
2011-03-27 16:00:00,182.00946
2011-03-27 17:00:00,175.47592
2011-03-27 18:00:00,135.98416
2011-03-27 19:00:00,99.39518
2011-03-27 20:00:00,57.58785
2011-03-27 21:00:00,39.154613
2011-03-27 22:00:00,33.135796
2011-03-27 23:00:00,17.456028
2011-03-28 00:00:00,10.230724
2011-03-28 01:00:00,2.2485085
2011-03-28 02:00:00,0.0
2011-03-28 03:00:00,0.0
2011-03-28 05:00:00,3.8085396
2011-03-28 06:00:00,29.794348
2011-03-28 07:00:00,103.33719
2011-03-28 08:00:00,226.70714
2011-03-28 09:00:00,127.13283
2011-03-28 10:00:00,61.35461
2011-03-28 11:00:00,66.90946
2011-03-28 12:00:00,89.48978
2011-03-28 13:00:00,94.75146
2011-03-28 14:00:00,85.668625
2011-03-28 15:00:00,91.86759
2011-03-28 16:00:00,120.942856
2011-03-28 17:00:00,237.4944
2011-03-28 18:00:00,215.57481
2011-03-28 19:00:00,163.60432
2011-03-28 20:00:00,104.54939
2011-03-28 21:00:00,76.31889
2011-03-28 22:00:00,44.900803
2011-03-28 23:00:00,16.839186
2011-03-29 00:00:00,5.0933423
2011-03-29 01:00:00,0.0
2011-03-29 02:00:00,0.0
2011-03-29 03:00:00,0.0
2011-03-29 04:00:00,0.0
2011-03-29 05:00:00,8.087066
2011-03-29 06:00:00,38.939713
2011-03-29 07:00:00,123.6181
2011-03-29 08:00:00,252.20982
2011-03-29 09:00:00,139.80167
2011-03-29 10:00:00,67.580215
2011-03-29 11:00:00,68.480095
2011-03-29 12:00:00,107.166885
2011-03-29 13:00:00,97.61521
2011-03-29 14:00:00,92.86812
2011-03-29 15:00:00,108.54822
2011-03-29 16:00:00,140.15134
2011-03-29 17:00:00,291.91873
2011-03-29 18:00:00,265.0083
2011-03-29 19:00:00,176.08826
2011-03-29 20:00:00,122.28229
2011-03-29 21:00:00,74.094345
2011-03-29 22:00:00,54.434036
2011-03-29 23:00:00,28.832586
2011-03-30 00:00:00,9.902243
2011-03-30 01:00:00,0.0
2011-03-30 02:00:00,0.0
2011-03-30 03:00:00,0.0
2011-03-30 04:00:00,0.0
2011-03-30 05:00:00,9.607294
2011-03-30 06:00:00,43.451263
2011-03-30 07:00:00,130.31834
2011-03-30 08:00:00,271.2338
2011-03-30 09:00:00,138.96516
2011-03-30 10:00:00,61.47289
2011-03-30 11:00:00,63.34905
2011-03-30 12:00:00,90.617165
2011-03-30 13:00:00,85.00515
2011-03-30 14:00:00,71.33425
2011-03-30 15:00:00,32.34109
2011-03-30 16:00:00,53.93497
2011-03-30 17:00:00,121.076035
2011-03-30 18:00:00,119.398155
2011-03-30 19:00:00,108.92976
2011-03-30 20:00:00,48.246708
2011-03-30 21:00:00,45.559853
2011-03-30 22:00:00,25.724167
2011-03-30 23:00:00,6.2802954
2011-03-31 00:00:00,15.251758
2011-03-31 01:00:00,16.749502
2011-03-31 02:00:00,15.335366
2011-03-31 03:00:00,9.893705
2011-03-31 04:00:00,10.467662
2011-03-31 05:00:00,15.248073
2011-03-31 06:00:00,32.352173
2011-03-31 07:00:00,62.111126
2011-03-31 08:00:00,229.85797
2011-03-31 09:00:00,87.86784
2011-03-31 10:00:00,41.779293
2011-03-31 11:00:00,55.496754
2011-03-31 12:00:00,64.57139
2011-03-31 13:00:00,70.160255
2011-03-31 14:00:00,62.732483
2011-03-31 15:00:00,42.09026
2011-03-31 16:00:00,88.591545
2011-03-31 17:00:00,161.7473
2011-03-31 18:00:00,182.80232
2011-03-31 19:00:00,144.85138
2011-03-31 20:00:00,51.991535
2011-03-31 21:00:00,57.410515
2011-03-31 22:00:00,25.999535
2011-03-31 23:00:00,24.827175
2011-04-20 00:00:00,30.469238
2011-04-20 01:00:00,10.912564
2011-04-20 02:00:00,7.0235124
2011-04-20 03:00:00,0.0
2011-04-20 04:00:00,0.96484435
2011-04-20 05:00:00,11.4306
2011-04-20 06:00:00,70.33258
2011-04-20 07:00:00,189.74547
2011-04-20 08:00:00,365.52972
2011-04-20 09:00:00,186.12704
2011-04-20 10:00:00,104.40808
2011-04-20 11:00:00,115.68079
2011-04-20 12:00:00,163.63495
2011-04-20 13:00:00,154.87207
2011-04-20 14:00:00,135.88145
2011-04-20 15:00:00,145.60867
2011-04-20 16:00:00,221.7427
2011-04-20 17:00:00,435.90842
2011-04-20 18:00:00,440.50122
2011-04-20 19:00:00,313.7106
2011-04-20 20:00:00,223.52914
2011-04-20 21:00:00,174.54869
2011-04-20 22:00:00,119.252075
2011-04-20 23:00:00,60.567772
2011-04-21 00:00:00,29.794441
2011-04-21 01:00:00,4.169386
2011-04-21 02:00:00,4.788116
2011-04-21 03:00:00,0.0
2011-04-21 04:00:00,0.0
2011-04-21 05:00:00,8.345073
2011-04-21 06:00:00,56.645622
2011-04-21 07:00:00,187.37386
2011-04-21 08:00:00,324.7229
2011-04-21 09:00:00,172.36044
2011-04-21 10:00:00,106.74709
2011-04-21 11:00:00,120.416176
2011-04-21 12:00:00,158.92877
2011-04-21 13:00:00,157.36348
2011-04-21 14:00:00,147.6108
2011-04-21 15:00:00,157.40916
2011-04-21 16:00:00,209.94946
2011-04-21 17:00:00,427.79727
2011-04-21 18:00:00,366.45547
2011-04-21 19:00:00,256.393
2011-04-21 20:00:00,187.77945
2011-04-21 21:00:00,140.28094
2011-04-21 22:00:00,107.997116
2011-04-21 23:00:00,64.55095
2011-04-22 00:00:00,32.291622
2011-04-22 01:00:00,14.447132
2011-04-22 02:00:00,6.1585784
2011-04-22 03:00:00,2.5737627
2011-04-22 04:00:00,0.11289243
2011-04-22 05:00:00,9.717587
2011-04-22 06:00:00,57.477276
2011-04-22 07:00:00,158.22
2011-04-22 08:00:00,327.43707
2011-04-22 09:00:00,130.99313
2011-04-22 10:00:00,109.193695
2011-04-22 11:00:00,85.99501
2011-04-22 12:00:00,101.5419
2011-04-22 13:00:00,83.646645
2011-04-22 14:00:00,55.567165
2011-04-22 15:00:00,81.69802
2011-04-22 16:00:00,127.32761
2011-04-22 17:00:00,152.11127
2011-04-22 18:00:00,127.612236
2011-04-22 19:00:00,102.85269
2011-04-22 20:00:00,75.84812
2011-04-22 21:00:00,63.454765
2011-04-22 22:00:00,52.279892
2011-04-22 23:00:00,50.317936
2011-04-23 00:00:00,44.90513
2011-04-23 01:00:00,36.038406
2011-04-23 02:00:00,40.983585
2011-04-23 03:00:00,23.369104
2011-04-23 04:00:00,9.775881
2011-04-23 05:00:00,10.611572
2011-04-23 06:00:00,11.237098
2011-04-23 07:00:00,21.522354
2011-04-23 08:00:00,53.900948
2011-04-23 09:00:00,77.703766
2011-04-23 10:00:00,159.09575
2011-04-23 11:00:00,203.24014
2011-04-23 12:00:00,235.34512
2011-04-23 13:00:00,252.20544
2011-04-23 14:00:00,294.0836
2011-04-23 15:00:00,313.1595
2011-04-23 16:00:00,304.77032
2011-04-23 17:00:00,296.25842
2011-04-23 18:00:00,259.58417
2011-04-23 19:00:00,192.46597
2011-04-23 20:00:00,128.35016
2011-04-23 21:00:00,112.6762
2011-04-23 22:00:00,105.985245
2011-04-23 23:00:00,72.75867
2011-04-24 00:00:00,68.56148
2011-04-24 01:00:00,51.746597
2011-04-24 02:00:00,39.41958
2011-04-24 03:00:00,16.238026
2011-04-24 04:00:00,1.9367348
2011-04-24 05:00:00,2.349655
2011-04-24 06:00:00,1.2474246
2011-04-24 07:00:00,28.828646
2011-04-24 08:00:00,54.53027
2011-04-24 09:00:00,129.81586
2011-04-24 10:00:00,218.66237
2011-04-24 11:00:00,328.64685
2011-04-24 12:00:00,350.04803
2011-04-24 13:00:00,363.3919
2011-04-24 14:00:00,361.82617
2011-04-24 15:00:00,358.1935
2011-04-24 16:00:00,361.38824
2011-04-24 17:00:00,336.58896
2011-04-24 18:00:00,294.23947
2011-04-24 19:00:00,160.71242
2011-04-24 20:00:00,114.80704
2011-04-24 21:00:00,65.85906
2011-04-24 22:00:00,32.39139
2011-04-24 23:00:00,35.003815
2011-04-25 00:00:00,16.704933
2011-04-25 01:00:00,9.250473
2011-04-25 02:00:00,4.430068
2011-04-25 03:00:00,0.0
2011-04-25 04:00:00,0.0
2011-04-25 05:00:00,7.8696136
2011-04-25 06:00:00,54.746025
2011-04-25 07:00:00,163.68117
2011-04-25 08:00:00,318.15213
2011-04-25 09:00:00,175.54596
2011-04-25 10:00:00,107.61841
2011-04-25 11:00:00,121.36979
2011-04-25 12:00:00,148.25723
2011-04-25 13:00:00,147.32693
2011-04-25 14:00:00,139.77304
2011-04-25 15:00:00,147.59088
2011-04-25 16:00:00,230.43661
2011-04-25 17:00:00,443.5775
2011-04-25 18:00:00,435.77423
2011-04-25 19:00:00,311.52863
2011-04-25 20:00:00,227.53952
2011-04-25 21:00:00,151.52802
2011-04-25 22:00:00,86.63926
2011-04-25 23:00:00,37.809677
2011-04-26 00:00:00,26.719946
2011-04-26 01:00:00,7.585691
2011-04-26 02:00:00,3.823402
2011-04-26 03:00:00,0.0
2011-04-26 04:00:00,0.9003135
2011-04-26 05:00:00,10.063144
2011-04-26 06:00:00,75.600136
2011-04-26 07:00:00,234.90561
2011-04-26 08:00:00,356.47885
2011-04-26 09:00:00,183.014
2011-04-26 10:00:00,104.14762
2011-04-26 11:00:00,121.643456
2011-04-26 12:00:00,157.0061
2011-04-26 13:00:00,146.32295
2011-04-26 14:00:00,135.64232
2011-04-26 15:00:00,147.90979
2011-04-26 16:00:00,229.2522
2011-04-26 17:00:00,447.33707
2011-04-26 18:00:00,424.11322
2011-04-26 19:00:00,284.49338
2011-04-26 20:00:00,207.93365
2011-04-26 21:00:00,149.56161
2011-04-26 22:00:00,92.79558
2011-04-26 23:00:00,41.82759
2011-04-27 00:00:00,26.359974
2011-04-27 01:00:00,10.00799
2011-04-27 02:00:00,4.0126686
2011-04-27 03:00:00,2.261362
2011-04-27 04:00:00,0.0
2011-04-27 05:00:00,2.8488455
2011-04-27 06:00:00,63.462902
2011-04-27 07:00:00,212.67357
2011-04-27 08:00:00,343.72278
2011-04-27 09:00:00,168.75652
2011-04-27 10:00:00,95.29294
2011-04-27 11:00:00,101.863945
2011-04-27 12:00:00,133.33731
2011-04-27 13:00:00,129.84079
2011-04-27 14:00:00,129.48119
2011-04-27 15:00:00,131.09053
2011-04-27 16:00:00,206.51395
2011-04-27 17:00:00,265.5072
2011-04-27 18:00:00,249.30959
2011-04-27 19:00:00,257.89273
2011-04-27 20:00:00,167.77313
2011-04-27 21:00:00,123.50097
2011-04-27 22:00:00,70.01735
2011-04-27 23:00:00,32.255516
2011-04-28 00:00:00,35.286312
2011-04-28 01:00:00,12.28679
2011-04-28 02:00:00,0.8403434
2011-04-28 03:00:00,4.3199635
2011-04-28 04:00:00,2.3808424
2011-04-28 05:00:00,14.746773
2011-04-28 06:00:00,72.55978
2011-04-28 07:00:00,225.32867
2011-04-28 08:00:00,361.57986
2011-04-28 09:00:00,153.32724
2011-04-28 10:00:00,104.766685
2011-04-28 11:00:00,99.07956
2011-04-28 12:00:00,141.9715
2011-04-28 13:00:00,112.353
2011-04-28 14:00:00,108.37868
2011-04-28 15:00:00,152.5183
2011-04-28 16:00:00,206.65718
2011-04-28 17:00:00,409.82513
2011-04-28 18:00:00,388.0761
2011-04-28 19:00:00,290.1829
2011-04-28 20:00:00,230.9296
2011-04-28 21:00:00,174.79579
2011-04-28 22:00:00,127.785645
2011-04-28 23:00:00,80.170135
2011-04-29 00:00:00,39.09263
2011-04-29 01:00:00,14.0606
2011-04-29 02:00:00,12.893279
2011-04-29 03:00:00,7.548761
2011-04-29 04:00:00,4.344352
2011-04-29 05:00:00,14.166167
2011-04-29 06:00:00,69.3194
2011-04-29 07:00:00,208.42004
2011-04-29 08:00:00,370.5564
2011-04-29 09:00:00,198.15729
2011-04-29 10:00:00,141.09317
2011-04-29 11:00:00,161.10818
2011-04-29 12:00:00,210.70753
2011-04-29 13:00:00,213.80511
2011-04-29 14:00:00,200.68231
2011-04-29 15:00:00,198.22174
2011-04-29 16:00:00,250.21144
2011-04-29 17:00:00,394.12674
2011-04-29 18:00:00,362.5295
2011-04-29 19:00:00,232.76643
2011-04-29 20:00:00,180.3533
2011-04-29 21:00:00,135.71552
2011-04-29 22:00:00,121.44264
2011-04-29 23:00:00,80.74497
2011-04-30 00:00:00,60.34481
2011-04-30 01:00:00,44.94504
2011-04-30 02:00:00,32.240498
2011-04-30 03:00:00,15.493403
2011-04-30 04:00:00,4.4297447
2011-04-30 05:00:00,4.3588104
2011-04-30 06:00:00,16.208046
2011-04-30 07:00:00,44.290604
2011-04-30 08:00:00,94.1806
2011-04-30 09:00:00,144.51552
2011-04-30 10:00:00,221.83931
2011-04-30 11:00:00,297.12866
2011-04-30 12:00:00,336.0307
2011-04-30 13:00:00,352.68942
2011-04-30 14:00:00,340.3856
2011-04-30 15:00:00,356.77948
2011-04-30 16:00:00,351.03482
2011-04-30 17:00:00,346.7283
2011-04-30 18:00:00,292.67944
2011-04-30 19:00:00,227.01929
2011-04-30 20:00:00,149.12515
2011-04-30 21:00:00,119.37538
2011-04-30 22:00:00,101.11289
2011-04-30 23:00:00,82.674515
2011-05-20 00:00:00,41.875896
2011-05-20 01:00:00,17.951605
2011-05-20 02:00:00,13.654131
2011-05-20 03:00:00,6.629724
2011-05-20 04:00:00,7.6565127
2011-05-20 05:00:00,22.903254
2011-05-20 06:00:00,102.63761
2011-05-20 07:00:00,276.9219
2011-05-20 08:00:00,438.20053
2011-05-20 09:00:00,230.59154
2011-05-20 10:00:00,160.07178
2011-05-20 11:00:00,199.7602
2011-05-20 12:00:00,245.55147
2011-05-20 13:00:00,225.98367
2011-05-20 14:00:00,239.46996
2011-05-20 15:00:00,249.032
2011-05-20 16:00:00,341.45538
2011-05-20 17:00:00,518.5706
2011-05-20 18:00:00,494.55737
2011-05-20 19:00:00,343.35574
2011-05-20 20:00:00,253.66278
2011-05-20 21:00:00,201.99026
2011-05-20 22:00:00,159.23021
2011-05-20 23:00:00,136.20586
2011-05-21 00:00:00,100.47701
2011-05-21 01:00:00,67.900925
2011-05-21 02:00:00,54.162422
2011-05-21 03:00:00,28.929716
2011-05-21 04:00:00,16.928917
2011-05-21 05:00:00,16.246704
2011-05-21 06:00:00,35.91756
2011-05-21 07:00:00,69.332695
2011-05-21 08:00:00,134.2756
2011-05-21 09:00:00,218.45847
2011-05-21 10:00:00,288.86792
2011-05-21 11:00:00,395.3318
2011-05-21 12:00:00,426.82626
2011-05-21 13:00:00,436.03683
2011-05-21 14:00:00,426.13837
2011-05-21 15:00:00,430.9696
2011-05-21 16:00:00,427.23776
2011-05-21 17:00:00,415.153
2011-05-21 18:00:00,367.422
2011-05-21 19:00:00,327.33987
2011-05-21 20:00:00,244.78946
2011-05-21 21:00:00,211.46136
2011-05-21 22:00:00,172.41763
2011-05-21 23:00:00,138.76689
2011-05-22 00:00:00,104.24107
2011-05-22 01:00:00,75.53763
2011-05-22 02:00:00,56.81888
2011-05-22 03:00:00,27.747265
2011-05-22 04:00:00,11.013997
2011-05-22 05:00:00,10.784541
2011-05-22 06:00:00,15.554048
2011-05-22 07:00:00,44.273125
2011-05-22 08:00:00,96.39562
2011-05-22 09:00:00,184.3457
2011-05-22 10:00:00,282.7465
2011-05-22 11:00:00,380.82654
2011-05-22 12:00:00,403.11456
2011-05-22 13:00:00,425.4523
2011-05-22 14:00:00,343.51343
2011-05-22 15:00:00,397.10443
2011-05-22 16:00:00,415.5732
2011-05-22 17:00:00,393.70297
2011-05-22 18:00:00,358.39108
2011-05-22 19:00:00,308.46198
2011-05-22 20:00:00,237.89288
2011-05-22 21:00:00,183.36052
2011-05-22 22:00:00,111.67838
2011-05-22 23:00:00,73.64813
2011-05-23 00:00:00,36.381393
2011-05-23 01:00:00,17.906523
2011-05-23 02:00:00,31.367077
2011-05-23 03:00:00,18.3234
2011-05-23 04:00:00,4.285281
2011-05-23 05:00:00,18.187223
2011-05-23 06:00:00,84.49724
2011-05-23 07:00:00,222.28864
2011-05-23 08:00:00,384.6265
2011-05-23 09:00:00,191.5031
2011-05-23 10:00:00,117.58206
2011-05-23 11:00:00,148.51613
2011-05-23 12:00:00,189.00945
2011-05-23 13:00:00,177.71724
2011-05-23 14:00:00,170.08998
2011-05-23 15:00:00,175.18129
2011-05-23 16:00:00,275.85086
2011-05-23 17:00:00,450.16623
2011-05-23 18:00:00,478.7059
2011-05-23 19:00:00,365.07593
2011-05-23 20:00:00,228.5986
2011-05-23 21:00:00,152.20757
2011-05-23 22:00:00,84.786125
2011-05-23 23:00:00,62.844166
2011-05-24 00:00:00,19.725927
2011-05-24 01:00:00,7.643156
2011-05-24 02:00:00,4.5537014
2011-05-24 03:00:00,0.0
2011-05-24 04:00:00,3.6056302
2011-05-24 05:00:00,13.798262
2011-05-24 06:00:00,92.61638
2011-05-24 07:00:00,222.24304
2011-05-24 08:00:00,319.04108
2011-05-24 09:00:00,224.75566
2011-05-24 10:00:00,124.49021
2011-05-24 11:00:00,147.68047
2011-05-24 12:00:00,196.0636
2011-05-24 13:00:00,174.38983
2011-05-24 14:00:00,155.29718
2011-05-24 15:00:00,164.70374
2011-05-24 16:00:00,300.13788
2011-05-24 17:00:00,533.0874
2011-05-24 18:00:00,522.4115
2011-05-24 19:00:00,377.54968
2011-05-24 20:00:00,276.39725
2011-05-24 21:00:00,204.99065
2011-05-24 22:00:00,122.90988
2011-05-24 23:00:00,118.19565
2011-05-25 00:00:00,47.154133
2011-05-25 01:00:00,41.00932
2011-05-25 02:00:00,5.8827577
2011-05-25 03:00:00,5.0986395
2011-05-25 04:00:00,2.8528879
2011-05-25 05:00:00,26.714159
2011-05-25 06:00:00,100.93601
2011-05-25 07:00:00,312.71744
2011-05-25 08:00:00,455.44525
2011-05-25 09:00:00,217.61357
2011-05-25 10:00:00,130.27411
2011-05-25 11:00:00,147.0801
2011-05-25 12:00:00,197.17581
2011-05-25 13:00:00,179.55095
2011-05-25 14:00:00,168.08488
2011-05-25 15:00:00,169.32501
2011-05-25 16:00:00,279.169
2011-05-25 17:00:00,557.0243
2011-05-25 18:00:00,541.43915
2011-05-25 19:00:00,395.46695
2011-05-25 20:00:00,302.8978
2011-05-25 21:00:00,225.35178
2011-05-25 22:00:00,171.2674
2011-05-25 23:00:00,111.43613
2011-05-26 00:00:00,49.15465
2011-05-26 01:00:00,23.510643
2011-05-26 02:00:00,13.161153
2011-05-26 03:00:00,6.8828945
2011-05-26 04:00:00,6.9450316
2011-05-26 05:00:00,24.50537
2011-05-26 06:00:00,91.19499
2011-05-26 07:00:00,232.5769
2011-05-26 08:00:00,438.9775
2011-05-26 09:00:00,218.1504
2011-05-26 10:00:00,129.18303
2011-05-26 11:00:00,146.88782
2011-05-26 12:00:00,187.18437
2011-05-26 13:00:00,176.17827
2011-05-26 14:00:00,160.05235
2011-05-26 15:00:00,160.13998
2011-05-26 16:00:00,277.72748
2011-05-26 17:00:00,527.6655
2011-05-26 18:00:00,512.8387
2011-05-26 19:00:00,366.8366
2011-05-26 20:00:00,301.32
2011-05-26 21:00:00,231.95834
2011-05-26 22:00:00,180.01118
2011-05-26 23:00:00,123.639946
2011-05-27 00:00:00,64.01424
2011-05-27 01:00:00,31.848763
2011-05-27 02:00:00,23.156773
2011-05-27 03:00:00,10.705957
2011-05-27 04:00:00,10.140082
2011-05-27 05:00:00,37.93321
2011-05-27 06:00:00,105.52395
2011-05-27 07:00:00,284.33994
2011-05-27 08:00:00,450.05722
2011-05-27 09:00:00,235.1348
2011-05-27 10:00:00,163.90074
2011-05-27 11:00:00,183.49507
2011-05-27 12:00:00,226.16547
2011-05-27 13:00:00,235.14322
2011-05-27 14:00:00,211.37674
2011-05-27 15:00:00,223.93086
2011-05-27 16:00:00,316.99338
2011-05-27 17:00:00,534.74994
2011-05-27 18:00:00,447.05557
2011-05-27 19:00:00,278.84808
2011-05-27 20:00:00,241.7039
2011-05-27 21:00:00,169.14154
2011-05-27 22:00:00,173.60565
2011-05-27 23:00:00,133.25143
2011-05-28 00:00:00,106.381424
2011-05-28 01:00:00,77.67495
2011-05-28 02:00:00,54.96005
2011-05-28 03:00:00,29.694393
2011-05-28 04:00:00,17.916067
2011-05-28 05:00:00,18.98845
2011-05-28 06:00:00,33.83437
2011-05-28 07:00:00,66.29554
2011-05-28 08:00:00,127.90402
2011-05-28 09:00:00,218.16478
2011-05-28 10:00:00,286.31808
2011-05-28 11:00:00,365.09122
2011-05-28 12:00:00,401.7961
2011-05-28 13:00:00,412.1182
2011-05-28 14:00:00,401.22327
2011-05-28 15:00:00,419.5936
2011-05-28 16:00:00,408.3628
2011-05-28 17:00:00,428.10178
2011-05-28 18:00:00,360.4991
2011-05-28 19:00:00,314.20816
2011-05-28 20:00:00,263.34384
2011-05-28 21:00:00,211.06877
2011-05-28 22:00:00,183.61671
2011-05-28 23:00:00,140.74155
2011-05-29 00:00:00,111.456436
2011-05-29 01:00:00,85.935135
2011-05-29 02:00:00,64.486015
2011-05-29 03:00:00,33.099667
2011-05-29 04:00:00,12.764462
2011-05-29 05:00:00,13.12315
2011-05-29 06:00:00,26.04199
2011-05-29 07:00:00,45.94887
2011-05-29 08:00:00,88.533394
2011-05-29 09:00:00,119.996
2011-05-29 10:00:00,244.47372
2011-05-29 11:00:00,300.35156
2011-05-29 12:00:00,358.2811
2011-05-29 13:00:00,393.09833
2011-05-29 14:00:00,348.17813
2011-05-29 15:00:00,350.0894
2011-05-29 16:00:00,351.25482
2011-05-29 17:00:00,321.1425
2011-05-29 18:00:00,285.34286
2011-05-29 19:00:00,279.5561
2011-05-29 20:00:00,214.77203
2011-05-29 21:00:00,169.13538
2011-05-29 22:00:00,121.823524
2011-05-29 23:00:00,96.98849
2011-05-30 00:00:00,85.58163
2011-05-30 01:00:00,71.22691
2011-05-30 02:00:00,48.259186
2011-05-30 03:00:00,29.929853
2011-05-30 04:00:00,27.073227
2011-05-30 05:00:00,41.267784
2011-05-30 06:00:00,60.55308
2011-05-30 07:00:00,115.369385
2011-05-30 08:00:00,187.89192
2011-05-30 09:00:00,201.9662
2011-05-30 10:00:00,236.03755
2011-05-30 11:00:00,309.28464
2011-05-30 12:00:00,320.76505
2011-05-30 13:00:00,323.5705
2011-05-30 14:00:00,307.99445
2011-05-30 15:00:00,300.89005
2011-05-30 16:00:00,330.96237
2011-05-30 17:00:00,447.98398
2011-05-30 18:00:00,443.10248
2011-05-30 19:00:00,309.65686
2011-05-30 20:00:00,319.60822
2011-05-30 21:00:00,263.84717
2011-05-30 22:00:00,171.60352
2011-05-30 23:00:00,84.842926
2011-05-31 00:00:00,39.005795
2011-05-31 01:00:00,22.452478
2011-05-31 02:00:00,7.853816
2011-05-31 03:00:00,0.48735636
2011-05-31 04:00:00,1.9584321
2011-05-31 05:00:00,21.004541
2011-05-31 06:00:00,116.53529
2011-05-31 07:00:00,310.87418
2011-05-31 08:00:00,436.5367
2011-05-31 09:00:00,199.08853
2011-05-31 10:00:00,115.82381
2011-05-31 11:00:00,116.09369
2011-05-31 12:00:00,158.5114
2011-05-31 13:00:00,152.31769
2011-05-31 14:00:00,127.618614
2011-05-31 15:00:00,145.96808
2011-05-31 16:00:00,245.52228
2011-05-31 17:00:00,537.7519
2011-05-31 18:00:00,537.2218
2011-05-31 19:00:00,378.3286
2011-05-31 20:00:00,292.72742
2011-05-31 21:00:00,215.68855
2011-05-31 22:00:00,157.7181
2011-05-31 23:00:00,104.65907
2011-06-20 00:00:00,38.849724
2011-06-20 01:00:00,16.719152
2011-06-20 02:00:00,10.027387
2011-06-20 03:00:00,16.709167
2011-06-20 04:00:00,28.933508
2011-06-20 05:00:00,42.080215
2011-06-20 06:00:00,92.084755
2011-06-20 07:00:00,173.96484
2011-06-20 08:00:00,291.54782
2011-06-20 09:00:00,209.02437
2011-06-20 10:00:00,118.30814
2011-06-20 11:00:00,125.89631
2011-06-20 12:00:00,172.7741
2011-06-20 13:00:00,171.29295
2011-06-20 14:00:00,168.79814
2011-06-20 15:00:00,188.2673
2011-06-20 16:00:00,290.57184
2011-06-20 17:00:00,553.528
2011-06-20 18:00:00,535.02466
2011-06-20 19:00:00,386.2601
2011-06-20 20:00:00,284.33875
2011-06-20 21:00:00,211.27945
2011-06-20 22:00:00,146.73291
2011-06-20 23:00:00,72.88931
2011-06-21 00:00:00,37.020084
2011-06-21 01:00:00,18.404863
2011-06-21 02:00:00,19.011671
2011-06-21 03:00:00,16.104614
2011-06-21 04:00:00,1.4484888
2011-06-21 05:00:00,21.417334
2011-06-21 06:00:00,102.98965
2011-06-21 07:00:00,233.46004
2011-06-21 08:00:00,407.44058
2011-06-21 09:00:00,207.28197
2011-06-21 10:00:00,114.17205
2011-06-21 11:00:00,110.156685
2011-06-21 12:00:00,167.15971
2011-06-21 13:00:00,159.76599
2011-06-21 14:00:00,157.91615
2011-06-21 15:00:00,171.48961
2011-06-21 16:00:00,271.49463
2011-06-21 17:00:00,529.00146
2011-06-21 18:00:00,447.55707
2011-06-21 19:00:00,346.81302
2011-06-21 20:00:00,217.4991
2011-06-21 21:00:00,228.2649
2011-06-21 22:00:00,159.89395
2011-06-21 23:00:00,93.4895
2011-06-22 00:00:00,43.581474
2011-06-22 01:00:00,18.213203
2011-06-22 02:00:00,7.7358184
2011-06-22 03:00:00,6.5547466
2011-06-22 04:00:00,3.5953465
2011-06-22 05:00:00,23.580507
2011-06-22 06:00:00,109.01757
2011-06-22 07:00:00,312.24777
2011-06-22 08:00:00,444.02332
2011-06-22 09:00:00,215.28886
2011-06-22 10:00:00,105.46398
2011-06-22 11:00:00,129.67757
2011-06-22 12:00:00,179.16121
2011-06-22 13:00:00,156.84888
2011-06-22 14:00:00,157.2136
2011-06-22 15:00:00,148.40973
2011-06-22 16:00:00,251.84142
2011-06-22 17:00:00,510.91364
2011-06-22 18:00:00,484.7929
2011-06-22 19:00:00,371.79715
2011-06-22 20:00:00,285.9751
2011-06-22 21:00:00,220.72205
2011-06-22 22:00:00,159.698
2011-06-22 23:00:00,90.95535
2011-06-23 00:00:00,47.85369
2011-06-23 01:00:00,20.576746
2011-06-23 02:00:00,13.605683
2011-06-23 03:00:00,11.911205
2011-06-23 04:00:00,8.869643
2011-06-23 05:00:00,28.32737
2011-06-23 06:00:00,118.52346
2011-06-23 07:00:00,314.7624
2011-06-23 08:00:00,439.6563
2011-06-23 09:00:00,208.7765
2011-06-23 10:00:00,125.78336
2011-06-23 11:00:00,114.87348
2011-06-23 12:00:00,173.58208
2011-06-23 13:00:00,163.36903
2011-06-23 14:00:00,140.49565
2011-06-23 15:00:00,176.63664
2011-06-23 16:00:00,257.4781
2011-06-23 17:00:00,437.60733
2011-06-23 18:00:00,456.45547
2011-06-23 19:00:00,351.78375
2011-06-23 20:00:00,292.36542
2011-06-23 21:00:00,233.06909
2011-06-23 22:00:00,165.37946
2011-06-23 23:00:00,107.8379
2011-06-24 00:00:00,61.972656
2011-06-24 01:00:00,30.603132
2011-06-24 02:00:00,21.00367
2011-06-24 03:00:00,12.312143
2011-06-24 04:00:00,4.0841126
2011-06-24 05:00:00,23.078285
2011-06-24 06:00:00,105.56471
2011-06-24 07:00:00,274.22598
2011-06-24 08:00:00,439.19662
2011-06-24 09:00:00,232.64467
2011-06-24 10:00:00,148.13179
2011-06-24 11:00:00,186.77823
2011-06-24 12:00:00,232.20966
2011-06-24 13:00:00,245.83546
2011-06-24 14:00:00,216.61525
2011-06-24 15:00:00,234.97244
2011-06-24 16:00:00,327.58496
2011-06-24 17:00:00,566.5915
2011-06-24 18:00:00,512.305
2011-06-24 19:00:00,373.4528
2011-06-24 20:00:00,287.31982
2011-06-24 21:00:00,236.66759
2011-06-24 22:00:00,206.62964
2011-06-24 23:00:00,168.03114
2011-06-25 00:00:00,127.26558
2011-06-25 01:00:00,87.742615
2011-06-25 02:00:00,69.426346
2011-06-25 03:00:00,35.470818
2011-06-25 04:00:00,19.466894
2011-06-25 05:00:00,18.073772
2011-06-25 06:00:00,37.558556
2011-06-25 07:00:00,81.89469
2011-06-25 08:00:00,146.42685
2011-06-25 09:00:00,224.0761
2011-06-25 10:00:00,295.66397
2011-06-25 11:00:00,375.98178
2011-06-25 12:00:00,429.13544
2011-06-25 13:00:00,433.62546
2011-06-25 14:00:00,410.60638
2011-06-25 15:00:00,403.2801
2011-06-25 16:00:00,432.91763
2011-06-25 17:00:00,446.81274
2011-06-25 18:00:00,385.0168
2011-06-25 19:00:00,338.99356
2011-06-25 20:00:00,286.80844
2011-06-25 21:00:00,240.32503
2011-06-25 22:00:00,212.51926
2011-06-25 23:00:00,155.80534
2011-06-26 00:00:00,117.89589
2011-06-26 01:00:00,94.978836
2011-06-26 02:00:00,74.71443
2011-06-26 03:00:00,33.884815
2011-06-26 04:00:00,14.858297
2011-06-26 05:00:00,10.087011
2011-06-26 06:00:00,16.239616
2011-06-26 07:00:00,46.968307
2011-06-26 08:00:00,105.661385
2011-06-26 09:00:00,192.61102
2011-06-26 10:00:00,288.57907
2011-06-26 11:00:00,381.63483
2011-06-26 12:00:00,425.2236
2011-06-26 13:00:00,413.6707
2011-06-26 14:00:00,412.48633
2011-06-26 15:00:00,396.24673
2011-06-26 16:00:00,412.4428
2011-06-26 17:00:00,391.5912
2011-06-26 18:00:00,337.74365
2011-06-26 19:00:00,296.05148
2011-06-26 20:00:00,235.14774
2011-06-26 21:00:00,187.96529
2011-06-26 22:00:00,165.3249
2011-06-26 23:00:00,117.14886
2011-06-27 00:00:00,30.834055
2011-06-27 01:00:00,16.708052
2011-06-27 02:00:00,14.802098
2011-06-27 03:00:00,10.883526
2011-06-27 04:00:00,11.353706
2011-06-27 05:00:00,27.132132
2011-06-27 06:00:00,103.953094
2011-06-27 07:00:00,293.13657
2011-06-27 08:00:00,399.20816
2011-06-27 09:00:00,204.74751
2011-06-27 10:00:00,124.846
2011-06-27 11:00:00,150.51077
2011-06-27 12:00:00,188.8316
2011-06-27 13:00:00,179.28362
2011-06-27 14:00:00,163.54237
2011-06-27 15:00:00,165.17645
2011-06-27 16:00:00,283.1986
2011-06-27 17:00:00,566.6198
2011-06-27 18:00:00,546.565
2011-06-27 19:00:00,394.24295
2011-06-27 20:00:00,278.7489
2011-06-27 21:00:00,204.87569
2011-06-27 22:00:00,143.74515
2011-06-27 23:00:00,80.16099
2011-06-28 00:00:00,33.60908
2011-06-28 01:00:00,12.985501
2011-06-28 02:00:00,7.8979344
2011-06-28 03:00:00,4.0226555
2011-06-28 04:00:00,2.7019992
2011-06-28 05:00:00,21.863579
2011-06-28 06:00:00,112.34285
2011-06-28 07:00:00,307.4665
2011-06-28 08:00:00,427.60657
2011-06-28 09:00:00,200.63504
2011-06-28 10:00:00,125.728134
2011-06-28 11:00:00,140.50206
2011-06-28 12:00:00,174.61984
2011-06-28 13:00:00,164.09195
2011-06-28 14:00:00,144.0103
2011-06-28 15:00:00,146.38513
2011-06-28 16:00:00,253.92497
2011-06-28 17:00:00,444.84064
2011-06-28 18:00:00,436.74243
2011-06-28 19:00:00,362.03357
2011-06-28 20:00:00,286.5242
2011-06-28 21:00:00,205.27348
2011-06-28 22:00:00,141.54178
2011-06-28 23:00:00,81.02295
2011-06-29 00:00:00,36.499607
2011-06-29 01:00:00,18.019997
2011-06-29 02:00:00,11.565405
2011-06-29 03:00:00,0.0
2011-06-29 04:00:00,0.52229714
2011-06-29 05:00:00,29.047478
2011-06-29 06:00:00,112.47714
2011-06-29 07:00:00,319.44022
2011-06-29 08:00:00,452.45303
2011-06-29 09:00:00,218.22769
2011-06-29 10:00:00,129.02806
2011-06-29 11:00:00,161.58313
2011-06-29 12:00:00,209.07648
2011-06-29 13:00:00,181.21835
2011-06-29 14:00:00,172.11537
2011-06-29 15:00:00,189.27843
2011-06-29 16:00:00,288.67346
2011-06-29 17:00:00,565.75116
2011-06-29 18:00:00,550.16016
2011-06-29 19:00:00,409.71906
2011-06-29 20:00:00,314.80383
2011-06-29 21:00:00,249.81247
2011-06-29 22:00:00,196.3503
2011-06-29 23:00:00,122.11977
2011-06-30 00:00:00,47.582615
2011-06-30 01:00:00,20.708586
2011-06-30 02:00:00,12.758381
2011-06-30 03:00:00,10.728188
2011-06-30 04:00:00,10.486744
2011-06-30 05:00:00,32.10106
2011-06-30 06:00:00,120.60045
2011-06-30 07:00:00,325.79865
2011-06-30 08:00:00,448.15198
2011-06-30 09:00:00,215.83038
2011-06-30 10:00:00,130.3994
2011-06-30 11:00:00,164.63264
2011-06-30 12:00:00,213.0612
2011-06-30 13:00:00,202.53253
2011-06-30 14:00:00,181.98009
2011-06-30 15:00:00,192.6207
2011-06-30 16:00:00,296.64908
2011-06-30 17:00:00,570.8086
2011-06-30 18:00:00,560.33655
2011-06-30 19:00:00,406.37482
2011-06-30 20:00:00,318.76468
2011-06-30 21:00:00,242.69998
2011-06-30 22:00:00,199.54916
2011-06-30 23:00:00,131.53944
2011-07-20 00:00:00,42.53287
2011-07-20 01:00:00,21.240332
2011-07-20 02:00:00,14.2765465
2011-07-20 03:00:00,8.678447
2011-07-20 04:00:00,5.2519536
2011-07-20 05:00:00,23.490885
2011-07-20 06:00:00,113.23682
2011-07-20 07:00:00,303.07938
2011-07-20 08:00:00,434.44415
2011-07-20 09:00:00,204.48477
2011-07-20 10:00:00,118.60703
2011-07-20 11:00:00,128.32779
2011-07-20 12:00:00,165.25403
2011-07-20 13:00:00,163.3222
2011-07-20 14:00:00,156.92998
2011-07-20 15:00:00,159.38512
2011-07-20 16:00:00,242.57664
2011-07-20 17:00:00,517.1765
2011-07-20 18:00:00,510.2979
2011-07-20 19:00:00,362.84262
2011-07-20 20:00:00,287.52682
2011-07-20 21:00:00,236.99997
2011-07-20 22:00:00,172.01868
2011-07-20 23:00:00,96.71341
2011-07-21 00:00:00,53.85154
2011-07-21 01:00:00,23.648094
2011-07-21 02:00:00,17.627037
2011-07-21 03:00:00,13.648196
2011-07-21 04:00:00,13.298999
2011-07-21 05:00:00,31.5687
2011-07-21 06:00:00,120.59942
2011-07-21 07:00:00,304.42038
2011-07-21 08:00:00,435.2271
2011-07-21 09:00:00,191.57394
2011-07-21 10:00:00,118.77384
2011-07-21 11:00:00,134.21826
2011-07-21 12:00:00,170.64531
2011-07-21 13:00:00,165.55542
2011-07-21 14:00:00,159.02481
2011-07-21 15:00:00,157.6084
2011-07-21 16:00:00,246.47377
2011-07-21 17:00:00,485.05667
2011-07-21 18:00:00,470.39047
2011-07-21 19:00:00,329.549
2011-07-21 20:00:00,283.51797
2011-07-21 21:00:00,227.13133
2011-07-21 22:00:00,177.88832
2011-07-21 23:00:00,110.05222
2011-07-22 00:00:00,65.215546
2011-07-22 01:00:00,22.49252
2011-07-22 02:00:00,22.790808
2011-07-22 03:00:00,13.477618
2011-07-22 04:00:00,18.26174
2011-07-22 05:00:00,32.399258
2011-07-22 06:00:00,117.96842
2011-07-22 07:00:00,276.80356
2011-07-22 08:00:00,421.8347
2011-07-22 09:00:00,199.58607
2011-07-22 10:00:00,136.06625
2011-07-22 11:00:00,155.12628
2011-07-22 12:00:00,178.97208
2011-07-22 13:00:00,178.76683
2011-07-22 14:00:00,168.02106
2011-07-22 15:00:00,182.23772
2011-07-22 16:00:00,217.89427
2011-07-22 17:00:00,463.01755
2011-07-22 18:00:00,446.5537
2011-07-22 19:00:00,319.94073
2011-07-22 20:00:00,264.37506
2011-07-22 21:00:00,231.49054
2011-07-22 22:00:00,188.4262
2011-07-22 23:00:00,142.22578
2011-07-23 00:00:00,119.02661
2011-07-23 01:00:00,97.83779
2011-07-23 02:00:00,71.573555
2011-07-23 03:00:00,47.045643
2011-07-23 04:00:00,29.153618
2011-07-23 05:00:00,32.06991
2011-07-23 06:00:00,43.480972
2011-07-23 07:00:00,82.8423
2011-07-23 08:00:00,133.23114
2011-07-23 09:00:00,208.23184
2011-07-23 10:00:00,271.5503
2011-07-23 11:00:00,323.181
2011-07-23 12:00:00,334.39664
2011-07-23 13:00:00,320.9958
2011-07-23 14:00:00,319.7807
2011-07-23 15:00:00,293.64172
2011-07-23 16:00:00,297.6691
2011-07-23 17:00:00,316.59348
2011-07-23 18:00:00,315.34348
2011-07-23 19:00:00,307.87033
2011-07-23 20:00:00,290.1053
2011-07-23 21:00:00,245.89816
2011-07-23 22:00:00,214.2417
2011-07-23 23:00:00,169.76909
2011-07-24 00:00:00,136.77528
2011-07-24 01:00:00,107.04577
2011-07-24 02:00:00,85.38318
2011-07-24 03:00:00,49.258232
2011-07-24 04:00:00,33.573067
2011-07-24 05:00:00,33.122173
2011-07-24 06:00:00,31.900246
2011-07-24 07:00:00,71.185684
2011-07-24 08:00:00,110.80419
2011-07-24 09:00:00,189.54134
2011-07-24 10:00:00,274.0849
2011-07-24 11:00:00,342.1543
2011-07-24 12:00:00,345.45316
2011-07-24 13:00:00,374.31973
2011-07-24 14:00:00,350.23853
2011-07-24 15:00:00,327.991
2011-07-24 16:00:00,321.13684
2011-07-24 17:00:00,318.36417
2011-07-24 18:00:00,312.0642
2011-07-24 19:00:00,294.62677
2011-07-24 20:00:00,270.85895
2011-07-24 21:00:00,194.40985
2011-07-24 22:00:00,144.26974
2011-07-24 23:00:00,102.40768
2011-07-25 00:00:00,45.28004
2011-07-25 01:00:00,31.586025
2011-07-25 02:00:00,23.174976
2011-07-25 03:00:00,9.302823
2011-07-25 04:00:00,13.218477
2011-07-25 05:00:00,30.798105
2011-07-25 06:00:00,111.20116
2011-07-25 07:00:00,295.71512
2011-07-25 08:00:00,407.21426
2011-07-25 09:00:00,182.58261
2011-07-25 10:00:00,108.58588
2011-07-25 11:00:00,135.0907
2011-07-25 12:00:00,169.85838
2011-07-25 13:00:00,142.86542
2011-07-25 14:00:00,128.37445
2011-07-25 15:00:00,115.39109
2011-07-25 16:00:00,191.34421
2011-07-25 17:00:00,455.29462
2011-07-25 18:00:00,466.04123
2011-07-25 19:00:00,376.86447
2011-07-25 20:00:00,275.14496
2011-07-25 21:00:00,181.35043
2011-07-25 22:00:00,134.43167
2011-07-25 23:00:00,80.565216
2011-07-26 00:00:00,39.888966
2011-07-26 01:00:00,17.298388
2011-07-26 02:00:00,13.41182
2011-07-26 03:00:00,11.212906
2011-07-26 04:00:00,11.109292
2011-07-26 05:00:00,27.751993
2011-07-26 06:00:00,113.77107
2011-07-26 07:00:00,322.1834
2011-07-26 08:00:00,438.49503
2011-07-26 09:00:00,213.16939
2011-07-26 10:00:00,129.935
2011-07-26 11:00:00,143.11565
2011-07-26 12:00:00,182.41714
2011-07-26 13:00:00,182.00128
2011-07-26 14:00:00,162.7932
2011-07-26 15:00:00,170.20819
2011-07-26 16:00:00,277.665
2011-07-26 17:00:00,568.26605
2011-07-26 18:00:00,561.24615
2011-07-26 19:00:00,397.6052
2011-07-26 20:00:00,311.64557
2011-07-26 21:00:00,251.96115
2011-07-26 22:00:00,185.71336
2011-07-26 23:00:00,104.517235
2011-07-27 00:00:00,47.9074
2011-07-27 01:00:00,20.277184
2011-07-27 02:00:00,13.082348
2011-07-27 03:00:00,11.287867
2011-07-27 04:00:00,12.376293
2011-07-27 05:00:00,31.90907
2011-07-27 06:00:00,118.37415
2011-07-27 07:00:00,323.00125
2011-07-27 08:00:00,444.30124
2011-07-27 09:00:00,218.25375
2011-07-27 10:00:00,121.59046
2011-07-27 11:00:00,143.31883
2011-07-27 12:00:00,199.43813
2011-07-27 13:00:00,184.8379
2011-07-27 14:00:00,171.04901
2011-07-27 15:00:00,180.121
2011-07-27 16:00:00,286.47388
2011-07-27 17:00:00,573.81335
2011-07-27 18:00:00,580.5172
2011-07-27 19:00:00,408.3266
2011-07-27 20:00:00,325.59317
2011-07-27 21:00:00,245.45824
2011-07-27 22:00:00,187.85356
2011-07-27 23:00:00,111.29211
2011-07-28 00:00:00,53.618664
2011-07-28 01:00:00,20.94421
2011-07-28 02:00:00,15.433967
2011-07-28 03:00:00,4.8395343
2011-07-28 04:00:00,7.9401383
2011-07-28 05:00:00,24.764462
2011-07-28 06:00:00,112.30214
2011-07-28 07:00:00,321.06152
2011-07-28 08:00:00,443.07642
2011-07-28 09:00:00,209.91684
2011-07-28 10:00:00,132.65126
2011-07-28 11:00:00,135.31819
2011-07-28 12:00:00,178.86578
2011-07-28 13:00:00,168.71912
2011-07-28 14:00:00,156.04951
2011-07-28 15:00:00,159.32135
2011-07-28 16:00:00,266.85583
2011-07-28 17:00:00,542.52026
2011-07-28 18:00:00,496.92593
2011-07-28 19:00:00,386.75522
2011-07-28 20:00:00,298.94247
2011-07-28 21:00:00,224.45447
2011-07-28 22:00:00,152.98685
2011-07-28 23:00:00,125.48865
2011-07-29 00:00:00,68.26455
2011-07-29 01:00:00,35.368748
2011-07-29 02:00:00,21.87728
2011-07-29 03:00:00,14.33426
2011-07-29 04:00:00,16.627834
2011-07-29 05:00:00,33.628155
2011-07-29 06:00:00,117.92705
2011-07-29 07:00:00,286.1933
2011-07-29 08:00:00,429.15533
2011-07-29 09:00:00,204.20604
2011-07-29 10:00:00,140.44179
2011-07-29 11:00:00,167.9552
2011-07-29 12:00:00,163.17592
2011-07-29 13:00:00,164.43817
2011-07-29 14:00:00,153.59375
2011-07-29 15:00:00,160.03357
2011-07-29 16:00:00,237.14664
2011-07-29 17:00:00,447.83963
2011-07-29 18:00:00,432.91687
2011-07-29 19:00:00,312.0656
2011-07-29 20:00:00,268.91327
2011-07-29 21:00:00,243.22797
2011-07-29 22:00:00,216.48517
2011-07-29 23:00:00,155.35773
2011-07-30 00:00:00,137.15805
2011-07-30 01:00:00,98.73802
2011-07-30 02:00:00,79.5139
2011-07-30 03:00:00,47.49495
2011-07-30 04:00:00,23.115997
2011-07-30 05:00:00,22.798107
2011-07-30 06:00:00,34.349316
2011-07-30 07:00:00,81.95135
2011-07-30 08:00:00,140.058
2011-07-30 09:00:00,221.58849
2011-07-30 10:00:00,295.17422
2011-07-30 11:00:00,361.92426
2011-07-30 12:00:00,402.4829
2011-07-30 13:00:00,380.8567
2011-07-30 14:00:00,347.13885
2011-07-30 15:00:00,357.23773
2011-07-30 16:00:00,361.88055
2011-07-30 17:00:00,376.62735
2011-07-30 18:00:00,370.00482
2011-07-30 19:00:00,360.06888
2011-07-30 20:00:00,293.97916
2011-07-30 21:00:00,259.3839
2011-07-30 22:00:00,219.6839
2011-07-30 23:00:00,176.50809
2011-07-31 00:00:00,135.84981
2011-07-31 01:00:00,104.62784
2011-07-31 02:00:00,82.72852
2011-07-31 03:00:00,38.402626
2011-07-31 04:00:00,17.229605
2011-07-31 05:00:00,18.083794
2011-07-31 06:00:00,22.956226
2011-07-31 07:00:00,70.5382
2011-07-31 08:00:00,117.34883
2011-07-31 09:00:00,199.44228
2011-07-31 10:00:00,278.54105
2011-07-31 11:00:00,331.07758
2011-07-31 12:00:00,345.78513
2011-07-31 13:00:00,358.12726
2011-07-31 14:00:00,346.69604
2011-07-31 15:00:00,327.9262
2011-07-31 16:00:00,325.915
2011-07-31 17:00:00,331.31848
2011-07-31 18:00:00,349.62415
2011-07-31 19:00:00,315.5057
2011-07-31 20:00:00,270.172
2011-07-31 21:00:00,209.73285
2011-07-31 22:00:00,127.193825
2011-07-31 23:00:00,105.453026
2011-08-20 00:00:00,101.581474
2011-08-20 01:00:00,76.433685
2011-08-20 02:00:00,57.794052
2011-08-20 03:00:00,24.23181
2011-08-20 04:00:00,7.371328
2011-08-20 05:00:00,8.045735
2011-08-20 06:00:00,18.290945
2011-08-20 07:00:00,45.19055
2011-08-20 08:00:00,117.01719
2011-08-20 09:00:00,212.01709
2011-08-20 10:00:00,291.82584
2011-08-20 11:00:00,362.41888
2011-08-20 12:00:00,399.44803
2011-08-20 13:00:00,395.87027
2011-08-20 14:00:00,403.9906
2011-08-20 15:00:00,400.32013
2011-08-20 16:00:00,394.5117
2011-08-20 17:00:00,404.588
2011-08-20 18:00:00,338.89075
2011-08-20 19:00:00,320.41504
2011-08-20 20:00:00,265.73218
2011-08-20 21:00:00,200.08286
2011-08-20 22:00:00,155.89848
2011-08-20 23:00:00,130.46597
2011-08-21 00:00:00,119.52665
2011-08-21 01:00:00,90.895004
2011-08-21 02:00:00,72.58138
2011-08-21 03:00:00,29.730347
2011-08-21 04:00:00,10.908872
2011-08-21 05:00:00,11.064288
2011-08-21 06:00:00,13.565919
2011-08-21 07:00:00,37.59512
2011-08-21 08:00:00,71.99909
2011-08-21 09:00:00,175.33652
2011-08-21 10:00:00,248.98335
2011-08-21 11:00:00,322.10992
2011-08-21 12:00:00,361.91632
2011-08-21 13:00:00,379.58878
2011-08-21 14:00:00,259.47455
2011-08-21 15:00:00,279.55533
2011-08-21 16:00:00,300.3976
2011-08-21 17:00:00,245.36807
2011-08-21 18:00:00,213.7497
2011-08-21 19:00:00,267.07794
2011-08-21 20:00:00,181.4768
2011-08-21 21:00:00,143.50192
2011-08-21 22:00:00,100.9754
2011-08-21 23:00:00,75.934814
2011-08-22 00:00:00,36.76618
2011-08-22 01:00:00,13.901218
2011-08-22 02:00:00,12.658392
2011-08-22 03:00:00,15.566864
2011-08-22 04:00:00,3.5694237
2011-08-22 05:00:00,19.999243
2011-08-22 06:00:00,98.44203
2011-08-22 07:00:00,288.29022
2011-08-22 08:00:00,401.53156
2011-08-22 09:00:00,200.44942
2011-08-22 10:00:00,122.0982
2011-08-22 11:00:00,144.07271
2011-08-22 12:00:00,193.67065
2011-08-22 13:00:00,175.29787
2011-08-22 14:00:00,175.24
2011-08-22 15:00:00,179.84808
2011-08-22 16:00:00,288.05704
2011-08-22 17:00:00,562.72485
2011-08-22 18:00:00,551.77625
2011-08-22 19:00:00,385.90292
2011-08-22 20:00:00,281.02283
2011-08-22 21:00:00,208.91853
2011-08-22 22:00:00,140.25197
2011-08-22 23:00:00,79.92826
2011-08-23 00:00:00,34.931248
2011-08-23 01:00:00,14.842756
2011-08-23 02:00:00,4.662888
2011-08-23 03:00:00,1.8184264
2011-08-23 04:00:00,7.147136
2011-08-23 05:00:00,24.33343
2011-08-23 06:00:00,111.2967
2011-08-23 07:00:00,314.39005
2011-08-23 08:00:00,435.18634
2011-08-23 09:00:00,210.94882
2011-08-23 10:00:00,128.57396
2011-08-23 11:00:00,148.10924
2011-08-23 12:00:00,196.44212
2011-08-23 13:00:00,201.68314
2011-08-23 14:00:00,189.83502
2011-08-23 15:00:00,197.44522
2011-08-23 16:00:00,305.8614
2011-08-23 17:00:00,588.9017
2011-08-23 18:00:00,578.3309
2011-08-23 19:00:00,376.80136
2011-08-23 20:00:00,290.07053
2011-08-23 21:00:00,204.2217
2011-08-23 22:00:00,162.13174
2011-08-23 23:00:00,88.21301
2011-08-24 00:00:00,39.92284
2011-08-24 01:00:00,14.210416
2011-08-24 02:00:00,7.3825407
2011-08-24 03:00:00,4.179383
2011-08-24 04:00:00,1.9986649
2011-08-24 05:00:00,21.997213
2011-08-24 06:00:00,106.090034
2011-08-24 07:00:00,307.87915
2011-08-24 08:00:00,435.28094
2011-08-24 09:00:00,210.75041
2011-08-24 10:00:00,130.42946
2011-08-24 11:00:00,151.26146
2011-08-24 12:00:00,179.47618
2011-08-24 13:00:00,183.88858
2011-08-24 14:00:00,173.17491
2011-08-24 15:00:00,173.05782
2011-08-24 16:00:00,267.61978
2011-08-24 17:00:00,537.59357
2011-08-24 18:00:00,522.9984
2011-08-24 19:00:00,373.26154
2011-08-24 20:00:00,278.7116
2011-08-24 21:00:00,208.39671
2011-08-24 22:00:00,149.06451
2011-08-24 23:00:00,71.320885
2011-08-25 00:00:00,40.25059
2011-08-25 01:00:00,14.860211
2011-08-25 02:00:00,7.7137413
2011-08-25 03:00:00,0.0
2011-08-25 04:00:00,6.4088583
2011-08-25 05:00:00,20.292593
2011-08-25 06:00:00,102.63035
2011-08-25 07:00:00,293.0711
2011-08-25 08:00:00,425.15643
2011-08-25 09:00:00,205.92665
2011-08-25 10:00:00,117.96718
2011-08-25 11:00:00,101.12308
2011-08-25 12:00:00,111.02664
2011-08-25 13:00:00,113.26457
2011-08-25 14:00:00,110.25733
2011-08-25 15:00:00,116.27965
2011-08-25 16:00:00,178.25916
2011-08-25 17:00:00,335.70163
2011-08-25 18:00:00,295.37497
2011-08-25 19:00:00,271.2246
2011-08-25 20:00:00,218.37692
2011-08-25 21:00:00,181.73547
2011-08-25 22:00:00,103.01516
2011-08-25 23:00:00,71.06203
2011-08-26 00:00:00,47.92368
2011-08-26 01:00:00,18.605951
2011-08-26 02:00:00,11.917451
2011-08-26 03:00:00,2.1735938
2011-08-26 04:00:00,1.7571259
2011-08-26 05:00:00,20.690111
2011-08-26 06:00:00,94.76629
2011-08-26 07:00:00,259.1194
2011-08-26 08:00:00,404.6385
2011-08-26 09:00:00,224.16537
2011-08-26 10:00:00,150.35376
2011-08-26 11:00:00,163.73492
2011-08-26 12:00:00,210.02975
2011-08-26 13:00:00,221.76529
2011-08-26 14:00:00,188.98204
2011-08-26 15:00:00,217.31598
2011-08-26 16:00:00,294.26666
2011-08-26 17:00:00,392.3491
2011-08-26 18:00:00,365.1072
2011-08-26 19:00:00,278.11362
2011-08-26 20:00:00,220.1944
2011-08-26 21:00:00,182.96915
2011-08-26 22:00:00,154.8369
2011-08-26 23:00:00,124.923676
2011-08-27 00:00:00,116.03088
2011-08-27 01:00:00,90.18789
2011-08-27 02:00:00,67.39387
2011-08-27 03:00:00,35.60986
2011-08-27 04:00:00,19.10337
2011-08-27 05:00:00,10.793232
2011-08-27 06:00:00,20.62267
2011-08-27 07:00:00,51.250496
2011-08-27 08:00:00,109.426056
2011-08-27 09:00:00,171.5771
2011-08-27 10:00:00,234.31584
2011-08-27 11:00:00,213.8073
2011-08-27 12:00:00,223.06763
2011-08-27 13:00:00,249.89781
2011-08-27 14:00:00,196.04622
2011-08-27 15:00:00,204.78702
2011-08-27 16:00:00,185.7856
2011-08-27 17:00:00,116.35743
2011-08-28 07:00:00,16.55992
2011-08-28 08:00:00,55.799667
2011-08-28 09:00:00,165.18823
2011-08-28 10:00:00,259.86148
2011-08-28 11:00:00,348.27365
2011-08-28 12:00:00,389.0146
2011-08-28 13:00:00,407.35553
2011-08-28 14:00:00,378.28067
2011-08-28 15:00:00,372.71387
2011-08-28 16:00:00,377.85208
2011-08-28 17:00:00,413.27988
2011-08-28 18:00:00,364.8279
2011-08-28 19:00:00,294.9013
2011-08-28 20:00:00,230.86118
2011-08-28 21:00:00,176.3784
2011-08-28 22:00:00,116.224
2011-08-28 23:00:00,69.99168
2011-08-29 00:00:00,33.746365
2011-08-29 01:00:00,12.1249895
2011-08-29 02:00:00,5.5493007
2011-08-29 03:00:00,1.8932347
2011-08-29 04:00:00,4.0998573
2011-08-29 05:00:00,22.972391
2011-08-29 06:00:00,101.76245
2011-08-29 07:00:00,298.27597
2011-08-29 08:00:00,414.3384
2011-08-29 09:00:00,198.70654
2011-08-29 10:00:00,115.58744
2011-08-29 11:00:00,145.85054
2011-08-29 12:00:00,200.131
2011-08-29 13:00:00,192.55278
2011-08-29 14:00:00,175.36067
2011-08-29 15:00:00,192.38477
2011-08-29 16:00:00,297.20422
2011-08-29 17:00:00,538.25586
2011-08-29 18:00:00,539.92755
2011-08-29 19:00:00,382.42758
2011-08-29 20:00:00,282.56616
2011-08-29 21:00:00,210.35223
2011-08-29 22:00:00,147.0765
2011-08-29 23:00:00,75.26827
2011-08-30 00:00:00,31.336771
2011-08-30 01:00:00,9.552506
2011-08-30 02:00:00,5.4839644
2011-08-30 03:00:00,2.9451802
2011-08-30 04:00:00,5.4398766
2011-08-30 05:00:00,25.294369
2011-08-30 06:00:00,109.98541
2011-08-30 07:00:00,312.92407
2011-08-30 08:00:00,440.79846
2011-08-30 09:00:00,204.52716
2011-08-30 10:00:00,130.6665
2011-08-30 11:00:00,153.51707
2011-08-30 12:00:00,197.19182
2011-08-30 13:00:00,195.31091
2011-08-30 14:00:00,182.90413
2011-08-30 15:00:00,193.73816
2011-08-30 16:00:00,301.81732
2011-08-30 17:00:00,579.85126
2011-08-30 18:00:00,558.2336
2011-08-30 19:00:00,368.37115
2011-08-30 20:00:00,276.45145
2011-08-30 21:00:00,188.78291
2011-08-30 22:00:00,142.385
2011-08-30 23:00:00,80.2744
2011-08-31 00:00:00,28.128107
2011-08-31 01:00:00,7.124966
2011-08-31 02:00:00,1.300278
2011-08-31 03:00:00,0.0
2011-08-31 04:00:00,0.0
2011-08-31 05:00:00,22.052794
2011-08-31 06:00:00,105.89436
2011-08-31 07:00:00,305.08136
2011-08-31 08:00:00,432.71057
2011-08-31 09:00:00,201.70998
2011-08-31 10:00:00,120.9994
2011-08-31 11:00:00,150.95529
2011-08-31 12:00:00,192.11221
2011-08-31 13:00:00,192.25655
2011-08-31 14:00:00,173.76466
2011-08-31 15:00:00,185.19409
2011-08-31 16:00:00,286.5502
2011-08-31 17:00:00,562.396
2011-08-31 18:00:00,542.7353
2011-08-31 19:00:00,372.02994
2011-08-31 20:00:00,287.26703
2011-08-31 21:00:00,208.78304
2011-08-31 22:00:00,131.65807
2011-08-31 23:00:00,67.02713
2011-09-20 00:00:00,28.13047
2011-09-20 01:00:00,13.713898
2011-09-20 02:00:00,8.714586
2011-09-20 03:00:00,6.69326
2011-09-20 04:00:00,7.7028255
2011-09-20 05:00:00,26.154667
2011-09-20 06:00:00,106.1378
2011-09-20 07:00:00,282.34775
2011-09-20 08:00:00,217.82321
2011-09-20 09:00:00,125.20811
2011-09-20 10:00:00,92.60492
2011-09-20 11:00:00,80.62986
2011-09-20 12:00:00,91.034836
2011-09-20 13:00:00,80.12728
2011-09-20 14:00:00,86.294975
2011-09-20 15:00:00,137.62746
2011-09-20 16:00:00,191.89688
2011-09-20 17:00:00,354.23273
2011-09-20 18:00:00,338.11414
2011-09-20 19:00:00,266.09445
2011-09-20 20:00:00,185.859
2011-09-20 21:00:00,140.8641
2011-09-20 22:00:00,109.41076
2011-09-20 23:00:00,65.12852
2011-09-21 00:00:00,24.767319
2011-09-21 01:00:00,11.466788
2011-09-21 02:00:00,6.665091
2011-09-21 03:00:00,2.2805688
2011-09-21 04:00:00,2.816652
2011-09-21 05:00:00,19.719893
2011-09-21 06:00:00,92.2995
2011-09-21 07:00:00,238.62149
2011-09-21 08:00:00,361.95532
2011-09-21 09:00:00,163.78427
2011-09-21 10:00:00,98.29897
2011-09-21 11:00:00,100.37718
2011-09-21 12:00:00,142.27364
2011-09-21 13:00:00,150.84224
2011-09-21 14:00:00,139.73402
2011-09-21 15:00:00,142.41457
2011-09-21 16:00:00,236.37549
2011-09-21 17:00:00,422.0009
2011-09-21 18:00:00,275.9043
2011-09-21 19:00:00,170.13065
2011-09-21 20:00:00,112.025276
2011-09-21 21:00:00,114.42873
2011-09-21 22:00:00,80.54909
2011-09-21 23:00:00,65.2276
2011-09-22 00:00:00,34.05455
2011-09-22 01:00:00,11.469086
2011-09-22 02:00:00,6.8574347
2011-09-22 03:00:00,3.7833583
2011-09-22 04:00:00,4.2941203
2011-09-22 05:00:00,19.723227
2011-09-22 06:00:00,91.10877
2011-09-22 07:00:00,249.69264
2011-09-22 08:00:00,356.28842
2011-09-22 09:00:00,165.88101
2011-09-22 10:00:00,108.33783
2011-09-22 11:00:00,111.0892
2011-09-22 12:00:00,125.59138
2011-09-22 13:00:00,113.46525
2011-09-22 14:00:00,103.985596
2011-09-22 15:00:00,146.25352
2011-09-22 16:00:00,250.9076
2011-09-22 17:00:00,427.0506
2011-09-22 18:00:00,281.01495
2011-09-22 19:00:00,223.99278
2011-09-22 20:00:00,138.03914
2011-09-22 21:00:00,126.33953
2011-09-22 22:00:00,86.3295
2011-09-22 23:00:00,56.755234
2011-09-23 00:00:00,35.642952
2011-09-23 01:00:00,15.356697
2011-09-23 02:00:00,9.965966
2011-09-23 03:00:00,3.8800123
2011-09-23 04:00:00,3.4145362
2011-09-23 05:00:00,17.470482
2011-09-23 06:00:00,87.32671
2011-09-23 07:00:00,142.45602
2011-09-23 08:00:00,244.80519
2011-09-23 09:00:00,127.75293
2011-09-23 10:00:00,91.539825
2011-09-23 11:00:00,103.28217
2011-09-23 12:00:00,126.89827
2011-09-23 13:00:00,120.91737
2011-09-23 14:00:00,118.89721
2011-09-23 15:00:00,141.69817
2011-09-23 16:00:00,163.29062
2011-09-23 17:00:00,235.84888
2011-09-23 18:00:00,213.3668
2011-09-23 19:00:00,205.70892
2011-09-23 20:00:00,156.27998
2011-09-23 21:00:00,120.24182
2011-09-23 22:00:00,114.12515
2011-09-23 23:00:00,79.12005
2011-09-24 00:00:00,105.04538
2011-09-24 01:00:00,74.31496
2011-09-24 02:00:00,58.285637
2011-09-24 03:00:00,33.243774
2011-09-24 04:00:00,15.005254
2011-09-24 05:00:00,12.979863
2011-09-24 06:00:00,18.605677
2011-09-24 07:00:00,55.368362
2011-09-24 08:00:00,54.35654
2011-09-24 09:00:00,187.82393
2011-09-24 10:00:00,253.77661
2011-09-24 11:00:00,300.78796
2011-09-24 12:00:00,324.88077
2011-09-24 13:00:00,338.79074
2011-09-24 14:00:00,357.43906
2011-09-24 15:00:00,369.51813
2011-09-24 16:00:00,338.85635
2011-09-24 17:00:00,346.11047
2011-09-24 18:00:00,298.49197
2011-09-24 19:00:00,210.8922
2011-09-24 20:00:00,172.63191
2011-09-24 21:00:00,159.60674
2011-09-24 22:00:00,122.37266
2011-09-24 23:00:00,112.051605
2011-09-25 00:00:00,96.84505
2011-09-25 01:00:00,82.03301
2011-09-25 02:00:00,63.318913
2011-09-25 03:00:00,33.673347
2011-09-25 04:00:00,20.887459
2011-09-25 05:00:00,17.019924
2011-09-25 06:00:00,16.008533
2011-09-25 07:00:00,25.64031
2011-09-25 08:00:00,85.77717
2011-09-25 09:00:00,163.17973
2011-09-25 10:00:00,248.32576
2011-09-25 11:00:00,330.03903
2011-09-25 12:00:00,342.9302
2011-09-25 13:00:00,348.55664
2011-09-25 14:00:00,298.2726
2011-09-25 15:00:00,304.4694
2011-09-25 16:00:00,366.91574
2011-09-25 17:00:00,333.00458
2011-09-25 18:00:00,298.97507
2011-09-25 19:00:00,203.03229
2011-09-25 20:00:00,167.87074
2011-09-25 21:00:00,126.27131
2011-09-25 22:00:00,109.55585
2011-09-25 23:00:00,63.01742
2011-09-26 00:00:00,21.61304
2011-09-26 01:00:00,13.601853
2011-09-26 02:00:00,7.9021516
2011-09-26 03:00:00,1.0533214
2011-09-26 04:00:00,2.6450634
2011-09-26 05:00:00,21.843695
2011-09-26 06:00:00,88.27085
2011-09-26 07:00:00,239.34103
2011-09-26 08:00:00,347.9032
2011-09-26 09:00:00,190.54245
2011-09-26 10:00:00,107.02106
2011-09-26 11:00:00,123.997505
2011-09-26 12:00:00,156.55173
2011-09-26 13:00:00,167.1657
2011-09-26 14:00:00,171.61105
2011-09-26 15:00:00,192.67143
2011-09-26 16:00:00,293.46854
2011-09-26 17:00:00,535.2495
2011-09-26 18:00:00,339.52606
2011-09-26 19:00:00,289.0597
2011-09-26 20:00:00,188.67178
2011-09-26 21:00:00,139.78902
2011-09-26 22:00:00,87.58002
2011-09-26 23:00:00,45.09136
2011-09-27 00:00:00,26.605213
2011-09-27 01:00:00,11.790908
2011-09-27 02:00:00,6.2254
2011-09-27 03:00:00,0.0
2011-09-27 04:00:00,17.76228
2011-09-27 05:00:00,29.036772
2011-09-27 06:00:00,93.945595
2011-09-27 07:00:00,252.26956
2011-09-27 08:00:00,388.91324
2011-09-27 09:00:00,165.90805
2011-09-27 10:00:00,94.61685
2011-09-27 11:00:00,109.73255
2011-09-27 12:00:00,139.05487
2011-09-27 13:00:00,158.2098
2011-09-27 14:00:00,132.80438
2011-09-27 15:00:00,125.71488
2011-09-27 16:00:00,209.3048
2011-09-27 17:00:00,308.4315
2011-09-27 18:00:00,276.81192
2011-09-27 19:00:00,240.16876
2011-09-27 20:00:00,231.72571
2011-09-27 21:00:00,158.41557
2011-09-27 22:00:00,124.29004
2011-09-27 23:00:00,71.91082
2011-09-28 00:00:00,27.21937
2011-09-28 01:00:00,8.306083
2011-09-28 02:00:00,9.006295
2011-09-28 03:00:00,0.0
2011-09-28 04:00:00,0.3632971
2011-09-28 05:00:00,17.203663
2011-09-28 06:00:00,74.78145
2011-09-28 07:00:00,137.24051
2011-09-28 08:00:00,252.30045
2011-09-28 09:00:00,148.7126
2011-09-28 10:00:00,82.80905
2011-09-28 11:00:00,96.67616
2011-09-28 12:00:00,144.21371
2011-09-28 13:00:00,156.70038
2011-09-28 14:00:00,173.70477
2011-09-28 15:00:00,179.61159
2011-09-28 16:00:00,282.57132
2011-09-28 17:00:00,520.6518
2011-09-28 18:00:00,295.36246
2011-09-28 19:00:00,221.6821
2011-09-28 20:00:00,134.19415
2011-09-28 21:00:00,121.29665
2011-09-28 22:00:00,122.05162
2011-09-28 23:00:00,56.2419
2011-09-29 00:00:00,35.047607
2011-09-29 01:00:00,14.42071
2011-09-29 02:00:00,10.068485
2011-09-29 03:00:00,7.85074
2011-09-29 04:00:00,6.475493
2011-09-29 05:00:00,20.068787
2011-09-29 06:00:00,101.59759
2011-09-29 07:00:00,299.69174
2011-09-29 08:00:00,438.6839
2011-09-29 09:00:00,222.81941
2011-09-29 10:00:00,132.65083
2011-09-29 11:00:00,159.9515
2011-09-29 12:00:00,198.32668
2011-09-29 13:00:00,196.59364
2011-09-29 14:00:00,181.3215
2011-09-29 15:00:00,191.636
2011-09-29 16:00:00,301.50922
2011-09-29 17:00:00,561.686
2011-09-29 18:00:00,540.74316
2011-09-29 19:00:00,360.73352
2011-09-29 20:00:00,279.825
2011-09-29 21:00:00,199.16705
2011-09-29 22:00:00,143.6197
2011-09-29 23:00:00,93.52228
2011-09-30 00:00:00,50.158028
2011-09-30 01:00:00,26.913673
2011-09-30 02:00:00,15.443319
2011-09-30 03:00:00,9.120168
2011-09-30 04:00:00,8.460063
2011-09-30 05:00:00,25.560772
2011-09-30 06:00:00,103.85905
2011-09-30 07:00:00,272.67923
2011-09-30 08:00:00,431.0716
2011-09-30 09:00:00,223.67554
2011-09-30 10:00:00,155.42792
2011-09-30 11:00:00,199.88786
2011-09-30 12:00:00,243.43596
2011-09-30 13:00:00,237.967
2011-09-30 14:00:00,227.24396
2011-09-30 15:00:00,238.38147
2011-09-30 16:00:00,344.87915
2011-09-30 17:00:00,549.59827
2011-09-30 18:00:00,475.79764
2011-09-30 19:00:00,294.625
2011-09-30 20:00:00,218.24832
2011-09-30 21:00:00,179.07545
2011-09-30 22:00:00,148.45744
2011-09-30 23:00:00,115.11745
2011-10-20 00:00:00,32.254684
2011-10-20 01:00:00,17.196436
2011-10-20 02:00:00,9.359412
2011-10-20 03:00:00,6.889584
2011-10-20 04:00:00,7.181458
2011-10-20 05:00:00,29.015598
2011-10-20 06:00:00,110.2338
2011-10-20 07:00:00,286.42697
2011-10-20 08:00:00,436.81314
2011-10-20 09:00:00,198.3884
2011-10-20 10:00:00,129.69046
2011-10-20 11:00:00,146.75372
2011-10-20 12:00:00,180.68065
2011-10-20 13:00:00,168.1138
2011-10-20 14:00:00,144.85669
2011-10-20 15:00:00,153.40158
2011-10-20 16:00:00,237.14827
2011-10-20 17:00:00,459.10077
2011-10-20 18:00:00,411.90714
2011-10-20 19:00:00,289.08624
2011-10-20 20:00:00,206.40233
2011-10-20 21:00:00,154.69969
2011-10-20 22:00:00,121.2169
2011-10-20 23:00:00,84.81121
2011-10-21 00:00:00,46.28394
2011-10-21 01:00:00,22.783518
2011-10-21 02:00:00,11.016056
2011-10-21 03:00:00,5.344038
2011-10-21 04:00:00,3.756164
2011-10-21 05:00:00,17.364532
2011-10-21 06:00:00,90.95605
2011-10-21 07:00:00,246.01738
2011-10-21 08:00:00,439.5677
2011-10-21 09:00:00,227.46066
2011-10-21 10:00:00,146.0938
2011-10-21 11:00:00,187.14572
2011-10-21 12:00:00,229.0885
2011-10-21 13:00:00,210.81395
2011-10-21 14:00:00,223.20668
2011-10-21 15:00:00,230.19081
2011-10-21 16:00:00,312.53036
2011-10-21 17:00:00,444.75702
2011-10-21 18:00:00,382.40894
2011-10-21 19:00:00,239.72002
2011-10-21 20:00:00,185.30284
2011-10-21 21:00:00,152.94826
2011-10-21 22:00:00,137.75114
2011-10-21 23:00:00,98.23659
2011-10-22 00:00:00,87.500244
2011-10-22 01:00:00,65.25051
2011-10-22 02:00:00,49.98482
2011-10-22 03:00:00,24.362432
2011-10-22 04:00:00,8.025895
2011-10-22 05:00:00,4.968436
2011-10-22 06:00:00,13.88486
2011-10-22 07:00:00,47.635456
2011-10-22 08:00:00,103.551254
2011-10-22 09:00:00,186.58015
2011-10-22 10:00:00,244.18018
2011-10-22 11:00:00,292.53613
2011-10-22 12:00:00,359.24536
2011-10-22 13:00:00,397.65857
2011-10-22 14:00:00,355.30652
2011-10-22 15:00:00,364.14355
2011-10-22 16:00:00,393.55942
2011-10-22 17:00:00,329.52472
2011-10-22 18:00:00,258.9156
2011-10-22 19:00:00,196.21086
2011-10-22 20:00:00,152.1302
2011-10-22 21:00:00,122.63273
2011-10-22 22:00:00,112.529175
2011-10-22 23:00:00,87.236855
2011-10-23 00:00:00,81.75726
2011-10-23 01:00:00,70.693695
2011-10-23 02:00:00,58.884357
2011-10-23 03:00:00,27.182129
2011-10-23 04:00:00,9.534899
2011-10-23 05:00:00,10.109157
2011-10-23 06:00:00,10.968629
2011-10-23 07:00:00,38.435898
2011-10-23 08:00:00,74.3679
2011-10-23 09:00:00,148.84706
2011-10-23 10:00:00,246.72446
2011-10-23 11:00:00,293.23724
2011-10-23 12:00:00,375.26437
2011-10-23 13:00:00,385.19623
2011-10-23 14:00:00,369.25104
2011-10-23 15:00:00,364.2035
2011-10-23 16:00:00,371.55298
2011-10-23 17:00:00,346.06378
2011-10-23 18:00:00,286.77234
2011-10-23 19:00:00,178.95578
2011-10-23 20:00:00,142.47142
2011-10-23 21:00:00,110.87028
2011-10-23 22:00:00,83.46061
2011-10-23 23:00:00,53.721188
2011-10-24 00:00:00,25.785227
2011-10-24 01:00:00,16.769798
2011-10-24 02:00:00,6.438359
2011-10-24 03:00:00,6.787297
2011-10-24 04:00:00,4.1471148
2011-10-24 05:00:00,19.842398
2011-10-24 06:00:00,95.894104
2011-10-24 07:00:00,238.54321
2011-10-24 08:00:00,407.26205
2011-10-24 09:00:00,217.23598
2011-10-24 10:00:00,123.03008
2011-10-24 11:00:00,144.0657
2011-10-24 12:00:00,182.67004
2011-10-24 13:00:00,179.8641
2011-10-24 14:00:00,164.58817
2011-10-24 15:00:00,196.03429
2011-10-24 16:00:00,275.6349
2011-10-24 17:00:00,546.7301
2011-10-24 18:00:00,522.3521
2011-10-24 19:00:00,187.57123
2011-10-24 20:00:00,211.27849
2011-10-24 21:00:00,143.36845
2011-10-24 22:00:00,119.516975
2011-10-24 23:00:00,66.768425
2011-10-25 00:00:00,31.790047
2011-10-25 01:00:00,13.11141
2011-10-25 02:00:00,10.339852
2011-10-25 03:00:00,2.471131
2011-10-25 04:00:00,5.760442
2011-10-25 05:00:00,24.426754
2011-10-25 06:00:00,105.5227
2011-10-25 07:00:00,282.8856
2011-10-25 08:00:00,442.8353
2011-10-25 09:00:00,225.37865
2011-10-25 10:00:00,125.77587
2011-10-25 11:00:00,150.38287
2011-10-25 12:00:00,191.21806
2011-10-25 13:00:00,187.47247
2011-10-25 14:00:00,176.5835
2011-10-25 15:00:00,191.36717
2011-10-25 16:00:00,296.60513
2011-10-25 17:00:00,569.87744
2011-10-25 18:00:00,527.1889
2011-10-25 19:00:00,309.6773
2011-10-25 20:00:00,222.6051
2011-10-25 21:00:00,165.0154
2011-10-25 22:00:00,126.696495
2011-10-25 23:00:00,72.20862
2011-10-26 00:00:00,32.31301
2011-10-26 01:00:00,9.529705
2011-10-26 02:00:00,5.4457607
2011-10-26 03:00:00,0.77073234
2011-10-26 04:00:00,2.366469
2011-10-26 05:00:00,21.642094
2011-10-26 06:00:00,105.26501
2011-10-26 07:00:00,297.4775
2011-10-26 08:00:00,439.60742
2011-10-26 09:00:00,225.80235
2011-10-26 10:00:00,125.25314
2011-10-26 11:00:00,154.92389
2011-10-26 12:00:00,169.72647
2011-10-26 13:00:00,147.38872
2011-10-26 14:00:00,119.95777
2011-10-26 15:00:00,134.07634
2011-10-26 16:00:00,237.96867
2011-10-26 17:00:00,454.14734
2011-10-26 18:00:00,472.99075
2011-10-26 19:00:00,257.6639
2011-10-26 20:00:00,185.08594
2011-10-26 21:00:00,158.9865
2011-10-26 22:00:00,112.21682
2011-10-26 23:00:00,66.969765
2011-10-27 00:00:00,32.20687
2011-10-27 01:00:00,13.841419
2011-10-27 02:00:00,4.5698786
2011-10-27 03:00:00,2.5922403
2011-10-27 04:00:00,0.7587797
2011-10-27 05:00:00,19.030138
2011-10-27 06:00:00,62.937958
2011-10-27 07:00:00,262.5092
2011-10-27 08:00:00,289.7002
2011-10-27 09:00:00,227.94733
2011-10-27 10:00:00,97.436554
2011-10-27 11:00:00,105.461685
2011-10-27 12:00:00,112.87882
2011-10-27 13:00:00,137.37639
2011-10-27 14:00:00,106.454384
2011-10-27 15:00:00,132.55574
2011-10-27 16:00:00,261.6753
2011-10-27 17:00:00,425.5514
2011-10-27 18:00:00,390.17706
2011-10-27 19:00:00,239.5504
2011-10-27 20:00:00,181.21767
2011-10-27 21:00:00,137.56099
2011-10-27 22:00:00,86.22294
2011-10-27 23:00:00,60.793503
2011-10-28 00:00:00,37.926445
2011-10-28 01:00:00,17.205368
2011-10-28 02:00:00,9.369226
2011-10-28 03:00:00,1.4169344
2011-10-28 04:00:00,4.019333
2011-10-28 05:00:00,18.582075
2011-10-28 06:00:00,85.87842
2011-10-28 07:00:00,229.65855
2011-10-28 08:00:00,417.96994
2011-10-28 09:00:00,216.05817
2011-10-28 10:00:00,132.92503
2011-10-28 11:00:00,146.42552
2011-10-28 12:00:00,189.62782
2011-10-28 13:00:00,185.61089
2011-10-28 14:00:00,162.98686
2011-10-28 15:00:00,179.7031
2011-10-28 16:00:00,243.91057
2011-10-28 17:00:00,404.73962
2011-10-28 18:00:00,361.0171
2011-10-28 19:00:00,230.20451
2011-10-28 20:00:00,101.64669
2011-10-28 21:00:00,75.84601
2011-10-28 22:00:00,43.786255
2011-10-28 23:00:00,28.673513
2011-10-29 00:00:00,56.028267
2011-10-29 01:00:00,45.048355
2011-10-29 02:00:00,34.120945
2011-10-29 03:00:00,8.303875
2011-10-29 04:00:00,0.0
2011-10-29 05:00:00,12.850127
2011-10-29 06:00:00,5.4906383
2011-10-29 07:00:00,10.958671
2011-10-29 08:00:00,49.921684
2011-10-29 09:00:00,98.66333
2011-10-29 10:00:00,131.6561
2011-10-29 11:00:00,155.04672
2011-10-29 12:00:00,153.2823
2011-10-29 13:00:00,155.77577
2011-10-29 14:00:00,168.40189
2011-10-29 15:00:00,175.46654
2011-10-29 16:00:00,159.69681
2011-10-29 17:00:00,101.26648
2011-10-29 18:00:00,66.25019
2011-10-29 19:00:00,117.45107
2011-10-29 20:00:00,95.061584
2011-10-29 21:00:00,77.65531
2011-10-29 22:00:00,73.002625
2011-10-29 23:00:00,64.397514
2011-10-30 00:00:00,70.03232
2011-10-30 01:00:00,60.187027
2011-10-30 02:00:00,45.58765
2011-10-30 03:00:00,17.059195
2011-10-30 04:00:00,3.4315221
2011-10-30 05:00:00,0.9861701
2011-10-30 06:00:00,2.3746982
2011-10-30 07:00:00,18.670424
2011-10-30 08:00:00,49.161022
2011-10-30 09:00:00,123.80131
2011-10-30 10:00:00,216.0127
2011-10-30 11:00:00,265.60107
2011-10-30 12:00:00,306.25876
2011-10-30 13:00:00,326.86673
2011-10-30 14:00:00,334.65652
2011-10-30 15:00:00,335.80716
2011-10-30 16:00:00,330.06577
2011-10-30 17:00:00,261.481
2011-10-30 18:00:00,205.79211
2011-10-30 19:00:00,252.47974
2011-10-30 20:00:00,113.225365
2011-10-30 21:00:00,81.42642
2011-10-30 22:00:00,62.82601
2011-10-30 23:00:00,40.84392
2011-10-31 00:00:00,21.660555
2011-10-31 01:00:00,9.012362
2011-10-31 02:00:00,4.0434666
2011-10-31 03:00:00,2.5199711
2011-10-31 04:00:00,3.4794414
2011-10-31 05:00:00,19.51478
2011-10-31 06:00:00,82.828476
2011-10-31 07:00:00,247.3428
2011-10-31 08:00:00,410.9574
2011-10-31 09:00:00,203.26144
2011-10-31 10:00:00,114.41528
2011-10-31 11:00:00,131.70937
2011-10-31 12:00:00,175.02689
2011-10-31 13:00:00,167.6405
2011-10-31 14:00:00,150.17653
2011-10-31 15:00:00,177.49957
2011-10-31 16:00:00,253.68468
2011-10-31 17:00:00,487.84024
2011-10-31 18:00:00,422.38394
2011-10-31 19:00:00,278.88327
2011-10-31 20:00:00,195.22137
2011-10-31 21:00:00,128.7547
2011-10-31 22:00:00,88.65207
2011-10-31 23:00:00,48.629704
2011-11-20 00:00:00,85.79821
2011-11-20 01:00:00,70.49909
2011-11-20 02:00:00,55.38206
2011-11-20 03:00:00,25.226656
2011-11-20 04:00:00,6.38084
2011-11-20 05:00:00,4.3487425
2011-11-20 06:00:00,9.263495
2011-11-20 07:00:00,39.999336
2011-11-20 08:00:00,70.73742
2011-11-20 09:00:00,153.86177
2011-11-20 10:00:00,226.89134
2011-11-20 11:00:00,321.7417
2011-11-20 12:00:00,358.63544
2011-11-20 13:00:00,362.29077
2011-11-20 14:00:00,349.51764
2011-11-20 15:00:00,320.86484
2011-11-20 16:00:00,330.37097
2011-11-20 17:00:00,293.57986
2011-11-20 18:00:00,273.60916
2011-11-20 19:00:00,203.24152
2011-11-20 20:00:00,167.30666
2011-11-20 21:00:00,122.18783
2011-11-20 22:00:00,68.6283
2011-11-20 23:00:00,50.701862
2011-11-21 00:00:00,24.982767
2011-11-21 01:00:00,18.985748
2011-11-21 02:00:00,12.425766
2011-11-21 03:00:00,5.622383
2011-11-21 04:00:00,5.945124
2011-11-21 05:00:00,18.497944
2011-11-21 06:00:00,86.95037
2011-11-21 07:00:00,245.33818
2011-11-21 08:00:00,393.38107
2011-11-21 09:00:00,199.07263
2011-11-21 10:00:00,115.589516
2011-11-21 11:00:00,114.82676
2011-11-21 12:00:00,171.51653
2011-11-21 13:00:00,159.45981
2011-11-21 14:00:00,133.11511
2011-11-21 15:00:00,91.04576
2011-11-21 16:00:00,128.8131
2011-11-21 17:00:00,164.90128
2011-11-21 18:00:00,193.36098
2011-11-21 19:00:00,158.87924
2011-11-21 20:00:00,116.26109
2011-11-21 21:00:00,108.34806
2011-11-21 22:00:00,77.51809
2011-11-21 23:00:00,48.574905
2011-11-22 00:00:00,15.6535225
2011-11-22 01:00:00,9.275195
2011-11-22 02:00:00,3.5409143
2011-11-22 03:00:00,2.1305
2011-11-22 04:00:00,6.307083
2011-11-22 05:00:00,16.76073
2011-11-22 06:00:00,90.01055
2011-11-22 07:00:00,110.38878
2011-11-22 08:00:00,222.08916
2011-11-22 09:00:00,118.11861
2011-11-22 10:00:00,62.417084
2011-11-22 11:00:00,82.40465
2011-11-22 12:00:00,92.28708
2011-11-22 13:00:00,88.21241
2011-11-22 14:00:00,78.65461
2011-11-22 15:00:00,62.688904
2011-11-22 16:00:00,108.34728
2011-11-22 17:00:00,195.86906
2011-11-22 18:00:00,174.25037
2011-11-22 19:00:00,170.6211
2011-11-22 20:00:00,166.45868
2011-11-22 21:00:00,124.6147
2011-11-22 22:00:00,96.08439
2011-11-22 23:00:00,58.643433
2011-11-23 00:00:00,23.454515
2011-11-23 01:00:00,11.889884
2011-11-23 02:00:00,16.018213
2011-11-23 03:00:00,14.186468
2011-11-23 04:00:00,14.436328
2011-11-23 05:00:00,21.770777
2011-11-23 06:00:00,85.61948
2011-11-23 07:00:00,247.4597
2011-11-23 08:00:00,407.16302
2011-11-23 09:00:00,194.89046
2011-11-23 10:00:00,100.57315
2011-11-23 11:00:00,128.17757
2011-11-23 12:00:00,174.62845
2011-11-23 13:00:00,133.23048
2011-11-23 14:00:00,132.08246
2011-11-23 15:00:00,134.67845
2011-11-23 16:00:00,189.1335
2011-11-23 17:00:00,254.97136
2011-11-23 18:00:00,355.67725
2011-11-23 19:00:00,256.0072
2011-11-23 20:00:00,175.33174
2011-11-23 21:00:00,125.51797
2011-11-23 22:00:00,89.51993
2011-11-23 23:00:00,50.13996
2011-11-24 00:00:00,45.358345
2011-11-24 01:00:00,26.826977
2011-11-24 02:00:00,17.803513
2011-11-24 03:00:00,7.761666
2011-11-24 04:00:00,1.522014
2011-11-24 05:00:00,11.638928
2011-11-24 06:00:00,41.466404
2011-11-24 07:00:00,114.724754
2011-11-24 08:00:00,233.72975
2011-11-24 09:00:00,197.23071
2011-11-24 10:00:00,184.06961
2011-11-24 11:00:00,227.17767
2011-11-24 12:00:00,271.03955
2011-11-24 13:00:00,285.3457
2011-11-24 14:00:00,282.0133
2011-11-24 15:00:00,277.07684
2011-11-24 16:00:00,294.08215
2011-11-24 17:00:00,337.63797
2011-11-24 18:00:00,281.1221
2011-11-24 19:00:00,229.97
2011-11-24 20:00:00,163.7773
2011-11-24 21:00:00,131.14452
2011-11-24 22:00:00,107.696915
2011-11-24 23:00:00,70.80762
2011-11-25 00:00:00,37.40575
2011-11-25 01:00:00,13.252978
2011-11-25 02:00:00,9.898149
2011-11-25 03:00:00,2.789728
2011-11-25 04:00:00,2.3924863
2011-11-25 05:00:00,16.014572
2011-11-25 06:00:00,82.609924
2011-11-25 07:00:00,236.71404
2011-11-25 08:00:00,413.31534
2011-11-25 09:00:00,223.54927
2011-11-25 10:00:00,131.34947
2011-11-25 11:00:00,154.6959
2011-11-25 12:00:00,198.63805
2011-11-25 13:00:00,224.72728
2011-11-25 14:00:00,209.5102
2011-11-25 15:00:00,229.8807
2011-11-25 16:00:00,300.38455
2011-11-25 17:00:00,468.7545
2011-11-25 18:00:00,393.45157
2011-11-25 19:00:00,239.11136
2011-11-25 20:00:00,177.8897
2011-11-25 21:00:00,125.95852
2011-11-25 22:00:00,112.729485
2011-11-25 23:00:00,84.66397
2011-11-26 00:00:00,81.78248
2011-11-26 01:00:00,63.859055
2011-11-26 02:00:00,47.230324
2011-11-26 03:00:00,20.642185
2011-11-26 04:00:00,7.949994
2011-11-26 05:00:00,7.6693606
2011-11-26 06:00:00,16.730188
2011-11-26 07:00:00,43.22104
2011-11-26 08:00:00,103.590225
2011-11-26 09:00:00,167.11957
2011-11-26 10:00:00,218.7737
2011-11-26 11:00:00,286.0312
2011-11-26 12:00:00,329.46103
2011-11-26 13:00:00,368.44196
2011-11-26 14:00:00,351.0842
2011-11-26 15:00:00,372.72284
2011-11-26 16:00:00,325.01578
2011-11-26 17:00:00,271.46524
2011-11-26 18:00:00,221.20909
2011-11-26 19:00:00,190.66838
2011-11-26 20:00:00,149.22769
2011-11-26 21:00:00,108.537796
2011-11-26 22:00:00,103.74882
2011-11-26 23:00:00,78.71027
2011-11-27 00:00:00,81.863655
2011-11-27 01:00:00,72.02382
2011-11-27 02:00:00,55.38356
2011-11-27 03:00:00,26.951075
2011-11-27 04:00:00,10.521428
2011-11-27 05:00:00,9.413382
2011-11-27 06:00:00,16.15121
2011-11-27 07:00:00,31.570507
2011-11-27 08:00:00,75.936806
2011-11-27 09:00:00,159.27669
2011-11-27 10:00:00,238.64821
2011-11-27 11:00:00,326.87604
2011-11-27 12:00:00,376.76355
2011-11-27 13:00:00,379.47485
2011-11-27 14:00:00,417.20636
2011-11-27 15:00:00,409.1947
2011-11-27 16:00:00,370.282
2011-11-27 17:00:00,331.5743
2011-11-27 18:00:00,261.67413
2011-11-27 19:00:00,194.26956
2011-11-27 20:00:00,161.92561
2011-11-27 21:00:00,116.63579
2011-11-27 22:00:00,90.39927
2011-11-27 23:00:00,58.947647
2011-11-28 00:00:00,34.2217
2011-11-28 01:00:00,15.499433
2011-11-28 03:00:00,6.5181737
2011-11-28 04:00:00,8.147948
2011-11-28 05:00:00,20.708017
2011-11-28 06:00:00,103.16702
2011-11-28 07:00:00,281.30353
2011-11-28 08:00:00,398.27502
2011-11-28 09:00:00,210.9616
2011-11-28 10:00:00,123.63065
2011-11-28 11:00:00,142.93593
2011-11-28 12:00:00,187.58
2011-11-28 13:00:00,171.89844
2011-11-28 14:00:00,165.40523
2011-11-28 15:00:00,193.53957
2011-11-28 16:00:00,276.68207
2011-11-28 17:00:00,535.7732
2011-11-28 18:00:00,506.21484
2011-11-28 19:00:00,310.00528
2011-11-28 20:00:00,219.61607
2011-11-28 21:00:00,164.04514
2011-11-28 22:00:00,104.86568
2011-11-28 23:00:00,55.03618
2011-11-29 00:00:00,25.933956
2011-11-29 01:00:00,12.586561
2011-11-29 02:00:00,5.8979154
2011-11-29 03:00:00,3.8054838
2011-11-29 04:00:00,3.6625614
2011-11-29 05:00:00,27.659094
2011-11-29 06:00:00,108.47481
2011-11-29 07:00:00,308.60046
2011-11-29 08:00:00,443.34314
2011-11-29 09:00:00,159.48389
2011-11-29 10:00:00,93.29492
2011-11-29 11:00:00,92.468285
2011-11-29 12:00:00,85.20487
2011-11-29 13:00:00,71.5057
2011-11-29 14:00:00,79.00102
2011-11-29 15:00:00,77.88656
2011-11-29 16:00:00,116.945175
2011-11-29 17:00:00,250.20114
2011-11-29 18:00:00,269.68988
2011-11-29 19:00:00,215.09358
2011-11-29 20:00:00,151.32361
2011-11-29 21:00:00,113.4877
2011-11-29 22:00:00,89.31752
2011-11-29 23:00:00,45.615013
2011-11-30 00:00:00,28.998627
2011-11-30 01:00:00,10.346786
2011-11-30 02:00:00,4.5420647
2011-11-30 03:00:00,2.1410768
2011-11-30 04:00:00,1.5647446
2011-11-30 05:00:00,21.086174
2011-11-30 06:00:00,91.13358
2011-11-30 07:00:00,256.81277
2011-11-30 08:00:00,423.56665
2011-11-30 09:00:00,209.51117
2011-11-30 10:00:00,113.68979
2011-11-30 11:00:00,127.85928
2011-11-30 12:00:00,142.69586
2011-11-30 13:00:00,137.95947
2011-11-30 14:00:00,124.84596
2011-11-30 15:00:00,141.63812
2011-11-30 16:00:00,201.53159
2011-11-30 17:00:00,352.0974
2011-11-30 18:00:00,346.77838
2011-11-30 19:00:00,227.71101
2011-11-30 20:00:00,160.84248
2011-11-30 21:00:00,118.65447
2011-11-30 22:00:00,86.519356
2011-11-30 23:00:00,47.222565
2011-12-20 00:00:00,26.918823
2011-12-20 01:00:00,3.7170742
2011-12-20 02:00:00,0.25088122
2011-12-20 03:00:00,0.0
2011-12-20 04:00:00,3.4843302
2011-12-20 05:00:00,19.09558
2011-12-20 06:00:00,95.13879
2011-12-20 07:00:00,262.79456
2011-12-20 08:00:00,447.4659
2011-12-20 09:00:00,214.83624
2011-12-20 10:00:00,118.01471
2011-12-20 11:00:00,125.45243
2011-12-20 12:00:00,165.04736
2011-12-20 13:00:00,156.26776
2011-12-20 14:00:00,137.1375
2011-12-20 15:00:00,136.04816
2011-12-20 16:00:00,222.5741
2011-12-20 17:00:00,418.96127
2011-12-20 18:00:00,385.54382
2011-12-20 19:00:00,264.20993
2011-12-20 20:00:00,180.70734
2011-12-20 21:00:00,140.38591
2011-12-20 22:00:00,95.62877
2011-12-20 23:00:00,63.752533
2011-12-21 00:00:00,26.722271
2011-12-21 01:00:00,11.091163
2011-12-21 02:00:00,3.0483568
2011-12-21 03:00:00,0.5748386
2011-12-21 04:00:00,0.8745688
2011-12-21 05:00:00,20.77028
2011-12-21 06:00:00,92.08478
2011-12-21 07:00:00,254.53604
2011-12-21 08:00:00,238.17345
2011-12-21 09:00:00,206.56613
2011-12-21 10:00:00,115.79378
2011-12-21 11:00:00,115.67263
2011-12-21 12:00:00,78.26241
2011-12-21 13:00:00,60.2497
2011-12-21 14:00:00,102.25684
2011-12-21 15:00:00,110.49752
2011-12-21 16:00:00,81.44915
2011-12-21 17:00:00,113.565506
2011-12-21 18:00:00,190.43323
2011-12-21 19:00:00,194.32199
2011-12-21 20:00:00,150.2052
2011-12-21 21:00:00,141.8482
2011-12-21 22:00:00,107.47844
2011-12-21 23:00:00,60.43167
2011-12-22 00:00:00,33.867546
2011-12-22 01:00:00,12.385283
2011-12-22 02:00:00,9.674017
2011-12-22 03:00:00,2.4342968
2011-12-22 04:00:00,6.668766
2011-12-22 05:00:00,20.768982
2011-12-22 06:00:00,95.452156
2011-12-22 07:00:00,259.22803
2011-12-22 08:00:00,436.99692
2011-12-22 09:00:00,216.58002
2011-12-22 10:00:00,113.104866
2011-12-22 11:00:00,112.47243
2011-12-22 12:00:00,157.00137
2011-12-22 13:00:00,134.24095
2011-12-22 14:00:00,116.08452
2011-12-22 15:00:00,136.37039
2011-12-22 16:00:00,206.0639
2011-12-22 17:00:00,396.27393
2011-12-22 18:00:00,395.02615
2011-12-22 19:00:00,266.9504
2011-12-22 20:00:00,109.89421
2011-12-22 21:00:00,87.68643
2011-12-22 22:00:00,61.32994
2011-12-22 23:00:00,44.323647
2011-12-23 00:00:00,30.435616
2011-12-23 01:00:00,15.588627
2011-12-23 02:00:00,8.315914
2011-12-23 03:00:00,4.253617
2011-12-23 04:00:00,0.65101254
2011-12-23 05:00:00,18.449581
2011-12-23 06:00:00,93.02815
2011-12-23 07:00:00,240.52112
2011-12-23 08:00:00,427.85562
2011-12-23 09:00:00,224.02354
2011-12-23 10:00:00,132.7146
2011-12-23 11:00:00,146.51453
2011-12-23 12:00:00,174.62872
2011-12-23 13:00:00,159.80092
2011-12-23 14:00:00,160.71588
2011-12-23 15:00:00,173.77959
2011-12-23 16:00:00,221.63918
2011-12-23 17:00:00,363.1997
2011-12-23 18:00:00,317.74728
2011-12-23 19:00:00,224.6987
2011-12-23 20:00:00,141.36902
2011-12-23 21:00:00,115.19242
2011-12-23 22:00:00,99.828636
2011-12-23 23:00:00,81.00425
2011-12-24 00:00:00,75.73992
2011-12-24 01:00:00,56.38672
2011-12-24 02:00:00,46.570423
2011-12-24 03:00:00,19.770742
2011-12-24 04:00:00,7.027487
2011-12-24 05:00:00,7.48718
2011-12-24 06:00:00,10.883404
2011-12-24 07:00:00,29.299995
2011-12-24 08:00:00,76.297935
2011-12-24 09:00:00,131.51341
2011-12-24 10:00:00,170.9984
2011-12-24 11:00:00,225.06712
2011-12-24 12:00:00,281.70557
2011-12-24 13:00:00,274.86774
2011-12-24 14:00:00,269.71243
2011-12-24 15:00:00,263.074
2011-12-24 16:00:00,253.77307
2011-12-24 17:00:00,185.87025
2011-12-24 18:00:00,170.72145
2011-12-24 19:00:00,161.89246
2011-12-24 20:00:00,111.9367
2011-12-24 21:00:00,92.40231
2011-12-24 22:00:00,83.52862
2011-12-24 23:00:00,69.58876
2011-12-25 00:00:00,68.19753
2011-12-25 01:00:00,58.16608
2011-12-25 02:00:00,48.241966
2011-12-25 03:00:00,18.558601
2011-12-25 05:00:00,0.5970547
2011-12-25 06:00:00,0.0
2011-12-25 07:00:00,5.4575615
2011-12-25 08:00:00,40.780186
2011-12-25 09:00:00,100.19223
2011-12-25 10:00:00,153.75436
2011-12-25 11:00:00,211.14113
2011-12-25 12:00:00,214.93549
2011-12-25 13:00:00,238.02542
2011-12-25 14:00:00,234.51517
2011-12-25 15:00:00,239.84987
2011-12-25 16:00:00,259.5399
2011-12-25 17:00:00,197.88678
2011-12-25 18:00:00,147.43433
2011-12-25 19:00:00,147.2583
2011-12-25 20:00:00,99.07587
2011-12-25 21:00:00,76.16396
2011-12-25 22:00:00,57.410206
2011-12-25 23:00:00,36.010338
2011-12-26 00:00:00,40.71253
2011-12-26 01:00:00,23.976112
2011-12-26 02:00:00,17.519295
2011-12-26 04:00:00,1.7499105
2011-12-26 05:00:00,17.879229
2011-12-26 06:00:00,26.569138
2011-12-26 07:00:00,93.567085
2011-12-26 08:00:00,186.3912
2011-12-26 09:00:00,167.37215
2011-12-26 10:00:00,166.72038
2011-12-26 11:00:00,179.38779
2011-12-26 12:00:00,222.58405
2011-12-26 13:00:00,230.6337
2011-12-26 14:00:00,225.7998
2011-12-26 15:00:00,230.07263
2011-12-26 16:00:00,224.35759
2011-12-26 17:00:00,235.38684
2011-12-26 18:00:00,222.00223
2011-12-26 19:00:00,193.17688
2011-12-26 20:00:00,142.10477
2011-12-26 21:00:00,97.95417
2011-12-26 22:00:00,69.649315
2011-12-26 23:00:00,38.700905
2011-12-27 00:00:00,19.913218
2011-12-27 01:00:00,7.3714075
2011-12-27 02:00:00,3.0189042
2011-12-27 03:00:00,6.411838
2011-12-27 04:00:00,7.16873
2011-12-27 05:00:00,20.333136
2011-12-27 06:00:00,90.20441
2011-12-27 07:00:00,245.53317
2011-12-27 08:00:00,423.52487
2011-12-27 09:00:00,130.2844
2011-12-27 10:00:00,105.48989
2011-12-27 11:00:00,63.048695
2011-12-27 12:00:00,65.72431
2011-12-27 13:00:00,69.30733
2011-12-27 14:00:00,62.095116
2011-12-27 15:00:00,68.04516
2011-12-27 16:00:00,97.17427
2011-12-27 17:00:00,203.83553
2011-12-27 18:00:00,246.77278
2011-12-27 19:00:00,221.52872
2011-12-27 20:00:00,162.48245
2011-12-27 21:00:00,128.11224
2011-12-27 22:00:00,96.96547
2011-12-27 23:00:00,49.19118
2011-12-28 00:00:00,27.367231
2011-12-28 01:00:00,10.508229
2011-12-28 02:00:00,7.153571
2011-12-28 03:00:00,4.276164
2011-12-28 05:00:00,22.895748
2011-12-28 06:00:00,92.5279
2011-12-28 07:00:00,253.0305
2011-12-28 08:00:00,436.45267
2011-12-28 09:00:00,212.06902
2011-12-28 10:00:00,110.36087
2011-12-28 11:00:00,117.19456
2011-12-28 12:00:00,135.32672
2011-12-28 13:00:00,124.254906
2011-12-28 14:00:00,116.218185
2011-12-28 15:00:00,127.442795
2011-12-28 16:00:00,174.89284
2011-12-28 17:00:00,334.9388
2011-12-28 18:00:00,324.9013
2011-12-28 19:00:00,216.52882
2011-12-28 20:00:00,154.89476
2011-12-28 21:00:00,110.07096
2011-12-28 22:00:00,80.552414
2011-12-28 23:00:00,46.031532
2011-12-29 00:00:00,19.261925
2011-12-29 01:00:00,3.331142
2011-12-29 02:00:00,0.0
2011-12-29 03:00:00,1.2252442
2011-12-29 04:00:00,2.216113
2011-12-29 05:00:00,14.65392
2011-12-29 06:00:00,77.86271
2011-12-29 07:00:00,226.20052
2011-12-29 08:00:00,402.74112
2011-12-29 09:00:00,201.6574
2011-12-29 10:00:00,94.31412
2011-12-29 11:00:00,100.79341
2011-12-29 12:00:00,126.61217
2011-12-29 13:00:00,124.56806
2011-12-29 14:00:00,106.727715
2011-12-29 15:00:00,128.16217
2011-12-29 16:00:00,190.5791
2011-12-29 17:00:00,349.64816
2011-12-29 18:00:00,342.5336
2011-12-29 19:00:00,243.8456
2011-12-29 20:00:00,164.9744
2011-12-29 21:00:00,120.57901
2011-12-29 22:00:00,95.37358
2011-12-29 23:00:00,65.89815
2011-12-30 00:00:00,32.57979
2011-12-30 01:00:00,15.0224905
2011-12-30 02:00:00,4.778398
2011-12-30 03:00:00,0.63526064
2011-12-30 04:00:00,0.8216582
2011-12-30 05:00:00,13.080935
2011-12-30 06:00:00,74.584145
2011-12-30 07:00:00,208.49435
2011-12-30 08:00:00,394.10913
2011-12-30 09:00:00,216.081
2011-12-30 10:00:00,117.16945
2011-12-30 11:00:00,136.4626
2011-12-30 12:00:00,174.42795
2011-12-30 13:00:00,165.82925
2011-12-30 14:00:00,156.1881
2011-12-30 15:00:00,179.38956
2011-12-30 16:00:00,254.02884
2011-12-30 17:00:00,386.8874
2011-12-30 18:00:00,342.59644
2011-12-30 19:00:00,199.20024
2011-12-30 20:00:00,153.77905
2011-12-30 21:00:00,123.798035
2011-12-30 22:00:00,103.59946
2011-12-30 23:00:00,78.260185
2011-12-31 00:00:00,77.3724
2011-12-31 01:00:00,61.688534
2011-12-31 02:00:00,47.719166
2011-12-31 03:00:00,20.760172
2011-12-31 04:00:00,7.37304
2011-12-31 05:00:00,9.257656
2011-12-31 06:00:00,15.327359
2011-12-31 07:00:00,0.0
2011-12-31 08:00:00,95.202385
2011-12-31 09:00:00,159.08334
2011-12-31 10:00:00,217.14574
2011-12-31 11:00:00,284.76666
2011-12-31 12:00:00,391.23285
2011-12-31 13:00:00,387.37537
2011-12-31 14:00:00,331.3399
2011-12-31 15:00:00,323.83643
2011-12-31 16:00:00,301.89883
2011-12-31 17:00:00,251.24011
2011-12-31 18:00:00,227.17981
2011-12-31 19:00:00,199.13136
2011-12-31 20:00:00,160.31143
2011-12-31 21:00:00,124.7555
2011-12-31 22:00:00,115.127655
2011-12-31 23:00:00,85.66447
2012-01-20 00:00:00,27.821297
2012-01-20 01:00:00,12.3012705
2012-01-20 02:00:00,5.943819
2012-01-20 03:00:00,1.8414131
2012-01-20 04:00:00,4.4010515
2012-01-20 05:00:00,18.350468
2012-01-20 06:00:00,78.04186
2012-01-20 07:00:00,214.41135
2012-01-20 08:00:00,439.75952
2012-01-20 09:00:00,219.98749
2012-01-20 10:00:00,113.982475
2012-01-20 11:00:00,121.001785
2012-01-20 12:00:00,151.53304
2012-01-20 13:00:00,163.2825
2012-01-20 14:00:00,143.50848
2012-01-20 15:00:00,160.14427
2012-01-20 16:00:00,196.99629
2012-01-20 17:00:00,345.35846
2012-01-20 18:00:00,313.61478
2012-01-20 19:00:00,199.15463
2012-01-20 20:00:00,138.75208
2012-01-20 21:00:00,106.595505
2012-01-20 22:00:00,92.68048
2012-01-20 23:00:00,46.32485
2012-01-21 00:00:00,45.12023
2012-01-21 01:00:00,41.200134
2012-01-21 02:00:00,34.307255
2012-01-21 03:00:00,21.14139
2012-01-21 04:00:00,6.362477
2012-01-21 05:00:00,6.2724843
2012-01-21 06:00:00,6.6207585
2012-01-21 07:00:00,14.0413265
2012-01-21 08:00:00,72.836426
2012-01-21 09:00:00,115.563255
2012-01-21 10:00:00,119.53463
2012-01-21 11:00:00,195.61996
2012-01-21 12:00:00,228.2501
2012-01-21 13:00:00,223.57364
2012-01-21 14:00:00,156.20741
2012-01-21 15:00:00,158.83008
2012-01-21 16:00:00,181.99097
2012-01-21 17:00:00,139.22836
2012-01-21 18:00:00,135.95348
2012-01-21 19:00:00,116.71721
2012-01-21 20:00:00,89.50923
2012-01-21 21:00:00,79.0274
2012-01-21 22:00:00,66.890884
2012-01-21 23:00:00,54.69653
2012-01-22 00:00:00,55.876057
2012-01-22 01:00:00,46.353718
2012-01-22 02:00:00,39.024517
2012-01-22 03:00:00,17.851408
2012-01-22 04:00:00,0.0
2012-01-22 05:00:00,0.0
2012-01-22 06:00:00,3.9878275
2012-01-22 07:00:00,11.462408
2012-01-22 08:00:00,42.178852
2012-01-22 09:00:00,84.622505
2012-01-22 10:00:00,133.85124
2012-01-22 11:00:00,112.91539
2012-01-22 12:00:00,199.02533
2012-01-22 13:00:00,216.25882
2012-01-22 14:00:00,191.28888
2012-01-22 15:00:00,190.69994
2012-01-22 16:00:00,177.71394
2012-01-22 17:00:00,132.08374
2012-01-22 18:00:00,85.31179
2012-01-22 19:00:00,91.97426
2012-01-22 20:00:00,64.20018
2012-01-22 21:00:00,63.692444
2012-01-22 22:00:00,63.919216
2012-01-22 23:00:00,42.5745
2012-01-23 00:00:00,14.2557125
2012-01-23 01:00:00,5.841789
2012-01-23 02:00:00,2.4611719
2012-01-23 03:00:00,2.8907545
2012-01-23 04:00:00,1.6068033
2012-01-23 05:00:00,16.530504
2012-01-23 06:00:00,72.0205
2012-01-23 07:00:00,131.63797
2012-01-23 08:00:00,278.6014
2012-01-23 09:00:00,211.09033
2012-01-23 10:00:00,103.24435
2012-01-23 11:00:00,93.867485
2012-01-23 12:00:00,109.949036
2012-01-23 13:00:00,70.25122
2012-01-23 14:00:00,59.336464
2012-01-23 15:00:00,96.35376
2012-01-23 16:00:00,138.7933
2012-01-23 17:00:00,204.16252
2012-01-23 18:00:00,218.42914
2012-01-23 19:00:00,193.83406
2012-01-23 20:00:00,136.52896
2012-01-23 21:00:00,91.612595
2012-01-23 22:00:00,60.28357
2012-01-23 23:00:00,19.325441
2012-01-24 00:00:00,14.223729
2012-01-24 01:00:00,0.26589698
2012-01-24 02:00:00,0.0
2012-01-24 03:00:00,0.0
2012-01-24 04:00:00,6.2707763
2012-01-24 05:00:00,22.130129
2012-01-24 06:00:00,79.58984
2012-01-24 07:00:00,241.27237
2012-01-24 08:00:00,448.92743
2012-01-24 09:00:00,226.43718
2012-01-24 10:00:00,120.75851
2012-01-24 11:00:00,108.60115
2012-01-24 12:00:00,128.53214
2012-01-24 13:00:00,121.5249
2012-01-24 14:00:00,105.192375
2012-01-24 15:00:00,144.73141
2012-01-24 16:00:00,222.67601
2012-01-24 17:00:00,450.2329
2012-01-24 18:00:00,428.7522
2012-01-24 19:00:00,318.07306
2012-01-24 20:00:00,179.40164
2012-01-24 21:00:00,144.75943
2012-01-24 22:00:00,92.86121
2012-01-24 23:00:00,55.219376
2012-01-25 00:00:00,19.191772
2012-01-25 01:00:00,8.645077
2012-01-25 02:00:00,4.393239
2012-01-25 03:00:00,1.8011574
2012-01-25 04:00:00,0.0
2012-01-25 05:00:00,16.07269
2012-01-25 06:00:00,87.17555
2012-01-25 07:00:00,242.72862
2012-01-25 08:00:00,453.23624
2012-01-25 09:00:00,221.95178
2012-01-25 10:00:00,98.15509
2012-01-25 11:00:00,99.83475
2012-01-25 12:00:00,152.27127
2012-01-25 13:00:00,140.74664
2012-01-25 14:00:00,123.728134
2012-01-25 15:00:00,146.97722
2012-01-25 16:00:00,209.06221
2012-01-25 17:00:00,415.2683
2012-01-25 18:00:00,385.49387
2012-01-25 19:00:00,260.23822
2012-01-25 20:00:00,183.42308
2012-01-25 21:00:00,135.8591
2012-01-25 22:00:00,104.551865
2012-01-25 23:00:00,49.62704
2012-01-26 00:00:00,20.669891
2012-01-26 01:00:00,8.901148
2012-01-26 02:00:00,6.1084046
2012-01-26 03:00:00,3.904995
2012-01-26 04:00:00,3.2968795
2012-01-26 05:00:00,20.10228
2012-01-26 06:00:00,91.8351
2012-01-26 07:00:00,256.6266
2012-01-26 08:00:00,473.92316
2012-01-26 09:00:00,238.76395
2012-01-26 10:00:00,109.705124
2012-01-26 11:00:00,111.15114
2012-01-26 12:00:00,145.55014
2012-01-26 13:00:00,135.9123
2012-01-26 14:00:00,132.74048
2012-01-26 15:00:00,153.48894
2012-01-26 16:00:00,212.74695
2012-01-26 17:00:00,409.16138
2012-01-26 18:00:00,412.25552
2012-01-26 19:00:00,278.67236
2012-01-26 20:00:00,191.91713
2012-01-26 21:00:00,157.86363
2012-01-26 22:00:00,122.65432
2012-01-26 23:00:00,76.13512
2012-01-27 00:00:00,36.811054
2012-01-27 01:00:00,16.976154
2012-01-27 02:00:00,17.642576
2012-01-27 03:00:00,4.3273487
2012-01-27 04:00:00,4.9067135
2012-01-27 05:00:00,18.126368
2012-01-27 06:00:00,82.60144
2012-01-27 07:00:00,223.4289
2012-01-27 08:00:00,304.15686
2012-01-27 09:00:00,166.51828
2012-01-27 10:00:00,97.68335
2012-01-27 11:00:00,153.80396
2012-01-27 12:00:00,202.16475
2012-01-27 13:00:00,237.47725
2012-01-27 14:00:00,223.30397
2012-01-27 15:00:00,218.3018
2012-01-27 16:00:00,261.37964
2012-01-27 17:00:00,420.4539
2012-01-27 18:00:00,370.26154
2012-01-27 19:00:00,233.17049
2012-01-27 20:00:00,160.04903
2012-01-27 21:00:00,122.52063
2012-01-27 22:00:00,105.24521
2012-01-27 23:00:00,77.36125
2012-01-28 00:00:00,60.8931
2012-01-28 01:00:00,49.34906
2012-01-28 02:00:00,35.242107
2012-01-28 03:00:00,17.53725
2012-01-28 04:00:00,4.0526752
2012-01-28 05:00:00,6.360325
2012-01-28 06:00:00,9.309913
2012-01-28 07:00:00,30.820848
2012-01-28 08:00:00,88.31979
2012-01-28 09:00:00,133.52498
2012-01-28 10:00:00,180.62662
2012-01-28 11:00:00,250.11089
2012-01-28 12:00:00,253.85893
2012-01-28 13:00:00,302.71954
2012-01-28 14:00:00,315.9329
2012-01-28 15:00:00,333.25244
2012-01-28 16:00:00,358.1911
2012-01-28 17:00:00,300.87814
2012-01-28 18:00:00,257.0813
2012-01-28 19:00:00,193.47601
2012-01-28 20:00:00,149.70163
2012-01-28 21:00:00,100.72623
2012-01-28 22:00:00,98.672775
2012-01-28 23:00:00,76.96168
2012-01-29 00:00:00,67.68362
2012-01-29 01:00:00,48.897297
2012-01-29 02:00:00,36.597424
2012-01-29 03:00:00,15.2353115
2012-01-29 04:00:00,0.5743138
2012-01-29 05:00:00,2.6104012
2012-01-29 06:00:00,0.0
2012-01-29 07:00:00,14.660325
2012-01-29 08:00:00,42.776802
2012-01-29 09:00:00,84.1384
2012-01-29 10:00:00,159.19347
2012-01-29 11:00:00,190.6554
2012-01-29 12:00:00,251.82774
2012-01-29 13:00:00,260.599
2012-01-29 14:00:00,246.83286
2012-01-29 15:00:00,269.2338
2012-01-29 16:00:00,247.0648
2012-01-29 17:00:00,199.21921
2012-01-29 18:00:00,151.6764
2012-01-29 19:00:00,126.706726
2012-01-29 20:00:00,96.9711
2012-01-29 21:00:00,70.96427
2012-01-29 22:00:00,46.215286
2012-01-29 23:00:00,35.076477
2012-01-30 00:00:00,29.351194
2012-01-30 01:00:00,7.3657694
2012-01-30 02:00:00,5.987618
2012-01-30 03:00:00,0.34873185
2012-01-30 04:00:00,1.2232184
2012-01-30 05:00:00,15.590633
2012-01-30 06:00:00,76.94981
2012-01-30 07:00:00,218.24384
2012-01-30 08:00:00,398.2458
2012-01-30 09:00:00,195.09865
2012-01-30 10:00:00,94.1883
2012-01-30 11:00:00,98.07968
2012-01-30 12:00:00,141.59738
2012-01-30 13:00:00,137.4023
2012-01-30 14:00:00,126.44141
2012-01-30 15:00:00,139.61206
2012-01-30 16:00:00,199.06596
2012-01-30 17:00:00,398.8273
2012-01-30 18:00:00,390.48587
2012-01-30 19:00:00,253.86592
2012-01-30 20:00:00,178.6254
2012-01-30 21:00:00,130.42049
2012-01-30 22:00:00,76.94101
2012-01-30 23:00:00,37.31802
2012-01-31 00:00:00,19.668837
2012-01-31 01:00:00,7.2031302
2012-01-31 02:00:00,6.6805797
2012-01-31 03:00:00,2.8081293
2012-01-31 04:00:00,2.435698
2012-01-31 05:00:00,19.815346
2012-01-31 06:00:00,86.17179
2012-01-31 07:00:00,245.72322
2012-01-31 08:00:00,452.30212
2012-01-31 09:00:00,224.71861
2012-01-31 10:00:00,110.919914
2012-01-31 11:00:00,128.85005
2012-01-31 12:00:00,162.5134
2012-01-31 13:00:00,177.91321
2012-01-31 14:00:00,171.08128
2012-01-31 15:00:00,183.04073
2012-01-31 16:00:00,267.77017
2012-01-31 17:00:00,540.4128
2012-01-31 18:00:00,529.0636
2012-01-31 19:00:00,334.34308
2012-01-31 20:00:00,210.90225
2012-01-31 21:00:00,169.37143
2012-01-31 22:00:00,117.266045
2012-01-31 23:00:00,70.390205
2012-02-20 00:00:00,59.967545
2012-02-20 01:00:00,49.575993
2012-02-20 02:00:00,40.248817
2012-02-20 03:00:00,24.127586
2012-02-20 05:00:00,16.574713
2012-02-20 06:00:00,25.223063
2012-02-20 07:00:00,98.763725
2012-02-20 08:00:00,187.06996
2012-02-20 09:00:00,153.92845
2012-02-20 10:00:00,146.42238
2012-02-20 11:00:00,179.35149
2012-02-20 12:00:00,204.64761
2012-02-20 13:00:00,219.63576
2012-02-20 14:00:00,219.1732
2012-02-20 15:00:00,232.13501
2012-02-20 16:00:00,256.90704
2012-02-20 17:00:00,298.47586
2012-02-20 18:00:00,266.29742
2012-02-20 19:00:00,208.6445
2012-02-20 20:00:00,147.2407
2012-02-20 21:00:00,107.91983
2012-02-20 22:00:00,76.98522
2012-02-20 23:00:00,33.92579
2012-02-21 00:00:00,12.649348
2012-02-21 01:00:00,2.066113
2012-02-21 02:00:00,0.45134068
2012-02-21 04:00:00,0.0
2012-02-21 05:00:00,17.200132
2012-02-21 06:00:00,86.5667
2012-02-21 07:00:00,256.9968
2012-02-21 08:00:00,469.97336
2012-02-21 09:00:00,241.50485
2012-02-21 10:00:00,107.51883
2012-02-21 11:00:00,97.6261
2012-02-21 12:00:00,137.33798
2012-02-21 13:00:00,143.15965
2012-02-21 14:00:00,112.00291
2012-02-21 15:00:00,144.10666
2012-02-21 16:00:00,222.00726
2012-02-21 17:00:00,445.30676
2012-02-21 18:00:00,440.2085
2012-02-21 19:00:00,281.20117
2012-02-21 20:00:00,197.4707
2012-02-21 21:00:00,145.97469
2012-02-21 22:00:00,95.627655
2012-02-21 23:00:00,51.40588
2012-02-22 00:00:00,22.975485
2012-02-22 01:00:00,8.423323
2012-02-22 02:00:00,3.6249154
2012-02-22 03:00:00,2.1082716
2012-02-22 04:00:00,1.5550233
2012-02-22 05:00:00,18.567755
2012-02-22 06:00:00,98.31107
2012-02-22 07:00:00,284.8855
2012-02-22 08:00:00,519.40326
2012-02-22 09:00:00,253.23544
2012-02-22 10:00:00,121.520744
2012-02-22 11:00:00,129.0353
2012-02-22 12:00:00,164.18604
2012-02-22 13:00:00,159.4892
2012-02-22 14:00:00,147.08919
2012-02-22 15:00:00,195.56477
2012-02-22 16:00:00,271.89804
2012-02-22 17:00:00,555.3071
2012-02-22 18:00:00,479.78226
2012-02-22 19:00:00,321.9666
2012-02-22 20:00:00,223.60059
2012-02-22 21:00:00,171.08156
2012-02-22 22:00:00,117.063194
2012-02-22 23:00:00,68.22597
2012-02-23 00:00:00,29.720034
2012-02-23 01:00:00,11.320599
2012-02-23 02:00:00,9.272665
2012-02-23 03:00:00,0.49057806
2012-02-23 04:00:00,3.8045735
2012-02-23 05:00:00,24.776012
2012-02-23 06:00:00,104.06537
2012-02-23 07:00:00,284.0623
2012-02-23 08:00:00,516.0087
2012-02-23 09:00:00,253.75565
2012-02-23 10:00:00,130.75829
2012-02-23 11:00:00,158.45926
2012-02-23 12:00:00,211.67252
2012-02-23 13:00:00,209.30038
2012-02-23 14:00:00,188.02197
2012-02-23 15:00:00,208.13133
2012-02-23 16:00:00,296.01474
2012-02-23 17:00:00,587.673
2012-02-23 18:00:00,572.3367
2012-02-23 19:00:00,357.72537
2012-02-23 20:00:00,248.43361
2012-02-23 21:00:00,184.67354
2012-02-23 22:00:00,141.78589
2012-02-23 23:00:00,83.70681
2012-02-24 00:00:00,40.050358
2012-02-24 01:00:00,23.312677
2012-02-24 02:00:00,0.0
2012-02-24 03:00:00,10.85523
2012-02-24 04:00:00,7.604983
2012-02-24 05:00:00,19.994385
2012-02-24 06:00:00,92.81374
2012-02-24 07:00:00,254.05898
2012-02-24 08:00:00,477.90662
2012-02-24 09:00:00,150.227
2012-02-24 10:00:00,83.856705
2012-02-24 11:00:00,141.40372
2012-02-24 12:00:00,195.65144
2012-02-24 13:00:00,183.54971
2012-02-24 14:00:00,176.33156
2012-02-24 15:00:00,100.847916
2012-02-24 16:00:00,131.39053
2012-02-24 17:00:00,218.54102
2012-02-24 18:00:00,270.34976
2012-02-24 19:00:00,243.88187
2012-02-24 20:00:00,195.25017
2012-02-24 21:00:00,131.69005
2012-02-24 22:00:00,107.790085
2012-02-24 23:00:00,74.720406
2012-02-25 00:00:00,78.29577
2012-02-25 01:00:00,56.223026
2012-02-25 02:00:00,39.13842
2012-02-25 03:00:00,11.640356
2012-02-25 04:00:00,6.048744
2012-02-25 05:00:00,4.229509
2012-02-25 06:00:00,10.976407
2012-02-25 07:00:00,35.556355
2012-02-25 08:00:00,85.49472
2012-02-25 09:00:00,79.639854
2012-02-25 10:00:00,192.48395
2012-02-25 11:00:00,225.4107
2012-02-25 12:00:00,254.29646
2012-02-25 13:00:00,298.0807
2012-02-25 14:00:00,271.3295
2012-02-25 15:00:00,300.64746
2012-02-25 16:00:00,237.27486
2012-02-25 17:00:00,231.26657
2012-02-25 18:00:00,160.1293
2012-02-25 19:00:00,139.73889
2012-02-25 20:00:00,101.93894
2012-02-25 21:00:00,89.65723
2012-02-25 22:00:00,79.96757
2012-02-25 23:00:00,68.37245
2012-02-26 00:00:00,62.901264
2012-02-26 01:00:00,52.95972
2012-02-26 02:00:00,41.86805
2012-02-26 03:00:00,19.936054
2012-02-26 04:00:00,4.9883103
2012-02-26 05:00:00,0.0
2012-02-26 06:00:00,2.5911782
2012-02-26 07:00:00,9.90111
2012-02-26 08:00:00,42.198997
2012-02-26 09:00:00,90.163284
2012-02-26 10:00:00,173.33788
2012-02-26 11:00:00,218.61578
2012-02-26 12:00:00,284.075
2012-02-26 13:00:00,296.2533
2012-02-26 14:00:00,303.15598
2012-02-26 15:00:00,303.81116
2012-02-26 16:00:00,301.1236
2012-02-26 17:00:00,252.43889
2012-02-26 18:00:00,197.36937
2012-02-26 19:00:00,143.62445
2012-02-26 20:00:00,91.362434
2012-02-26 21:00:00,67.86919
2012-02-26 22:00:00,54.999058
2012-02-26 23:00:00,34.99199
2012-02-27 00:00:00,16.833176
2012-02-27 01:00:00,3.4058464
2012-02-27 02:00:00,0.0
2012-02-27 03:00:00,0.3815694
2012-02-27 04:00:00,3.4077847
2012-02-27 05:00:00,20.719933
2012-02-27 06:00:00,80.54726
2012-02-27 07:00:00,241.12602
2012-02-27 08:00:00,449.07535
2012-02-27 09:00:00,223.7098
2012-02-27 10:00:00,105.03991
2012-02-27 11:00:00,127.74904
2012-02-27 12:00:00,165.75246
2012-02-27 13:00:00,162.24974
2012-02-27 14:00:00,161.4156
2012-02-27 15:00:00,194.72606
2012-02-27 16:00:00,275.83
2012-02-27 17:00:00,543.1167
2012-02-27 18:00:00,529.3261
2012-02-27 19:00:00,340.49994
2012-02-27 20:00:00,230.56314
2012-02-27 21:00:00,165.90927
2012-02-27 22:00:00,110.24896
2012-02-27 23:00:00,55.546005
2012-02-28 00:00:00,27.463943
2012-02-28 01:00:00,9.860488
2012-02-28 02:00:00,1.4402286
2012-02-28 03:00:00,0.0
2012-02-28 04:00:00,7.160554
2012-02-28 05:00:00,26.511538
2012-02-28 06:00:00,92.33785
2012-02-28 07:00:00,257.3636
2012-02-28 08:00:00,464.95694
2012-02-28 09:00:00,236.99052
2012-02-28 10:00:00,110.1244
2012-02-28 11:00:00,128.42624
2012-02-28 12:00:00,164.53938
2012-02-28 13:00:00,161.92523
2012-02-28 14:00:00,150.8337
2012-02-28 15:00:00,186.01086
2012-02-28 16:00:00,259.22858
2012-02-28 17:00:00,509.64743
2012-02-28 18:00:00,499.9418
2012-02-28 19:00:00,322.83008
2012-02-28 20:00:00,212.61963
2012-02-28 21:00:00,144.55623
2012-02-28 22:00:00,103.13514
2012-02-28 23:00:00,59.81066
2012-02-29 00:00:00,23.135363
2012-02-29 01:00:00,4.0306096
2012-02-29 02:00:00,5.8983703
2012-02-29 03:00:00,0.0
2012-02-29 05:00:00,21.631021
2012-02-29 06:00:00,93.22043
2012-02-29 07:00:00,265.87888
2012-02-29 08:00:00,498.5845
2012-02-29 09:00:00,154.46576
2012-02-29 10:00:00,54.61793
2012-02-29 11:00:00,65.41015
2012-02-29 12:00:00,62.20279
2012-02-29 13:00:00,108.952995
2012-02-29 14:00:00,93.110535
2012-02-29 15:00:00,114.52791
2012-02-29 16:00:00,98.57404
2012-02-29 17:00:00,301.03598
2012-02-29 18:00:00,251.45726
2012-02-29 19:00:00,257.11386
2012-02-29 20:00:00,138.93446
2012-02-29 21:00:00,115.13144
2012-02-29 22:00:00,64.06627
2012-02-29 23:00:00,36.481182
2012-03-20 00:00:00,26.4204
2012-03-20 01:00:00,12.630439
2012-03-20 02:00:00,6.8499765
2012-03-20 03:00:00,1.1874304
2012-03-20 04:00:00,6.950906
2012-03-20 05:00:00,23.961926
2012-03-20 06:00:00,107.55468
2012-03-20 07:00:00,167.85579
2012-03-20 08:00:00,600.8669
2012-03-20 09:00:00,324.3309
2012-03-20 10:00:00,186.55273
2012-03-20 11:00:00,193.42249
2012-03-20 12:00:00,255.33205
2012-03-20 13:00:00,244.23935
2012-03-20 14:00:00,221.71037
2012-03-20 15:00:00,242.09561
2012-03-20 16:00:00,388.797
2012-03-20 17:00:00,708.1293
2012-03-20 18:00:00,702.6577
2012-03-20 19:00:00,488.18875
2012-03-20 20:00:00,336.4895
2012-03-20 21:00:00,232.89613
2012-03-20 22:00:00,159.85687
2012-03-20 23:00:00,76.63213
2012-03-21 00:00:00,34.31655
2012-03-21 01:00:00,18.386559
2012-03-21 02:00:00,13.800871
2012-03-21 03:00:00,6.1189365
2012-03-21 04:00:00,8.586784
2012-03-21 05:00:00,31.904953
2012-03-21 06:00:00,104.87346
2012-03-21 07:00:00,212.91995
2012-03-21 08:00:00,394.61124
2012-03-21 09:00:00,337.7197
2012-03-21 10:00:00,181.10779
2012-03-21 11:00:00,182.98053
2012-03-21 12:00:00,221.90567
2012-03-21 13:00:00,169.55305
2012-03-21 14:00:00,170.07787
2012-03-21 15:00:00,186.8913
2012-03-21 16:00:00,352.67474
2012-03-21 17:00:00,694.16406
2012-03-21 18:00:00,683.5148
2012-03-21 19:00:00,500.238
2012-03-21 20:00:00,331.65558
2012-03-21 21:00:00,221.00717
2012-03-21 22:00:00,169.00102
2012-03-21 23:00:00,99.29745
2012-03-22 00:00:00,44.700123
2012-03-22 01:00:00,22.41107
2012-03-22 02:00:00,13.717629
2012-03-22 03:00:00,9.331903
2012-03-22 04:00:00,6.5053306
2012-03-22 05:00:00,26.021082
2012-03-22 06:00:00,110.56647
2012-03-22 07:00:00,368.13693
2012-03-22 08:00:00,613.762
2012-03-22 09:00:00,319.4305
2012-03-22 10:00:00,178.93855
2012-03-22 11:00:00,178.06749
2012-03-22 12:00:00,227.19046
2012-03-22 13:00:00,247.01698
2012-03-22 14:00:00,236.5446
2012-03-22 15:00:00,271.95215
2012-03-22 16:00:00,395.22577
2012-03-22 17:00:00,745.1213
2012-03-22 18:00:00,746.82367
2012-03-22 19:00:00,517.4622
2012-03-22 20:00:00,352.73456
2012-03-22 21:00:00,258.84357
2012-03-22 22:00:00,187.99045
2012-03-22 23:00:00,132.761
2012-03-23 00:00:00,54.563217
2012-03-23 01:00:00,27.844536
2012-03-23 02:00:00,16.503807
2012-03-23 03:00:00,8.949473
2012-03-23 04:00:00,6.7340827
2012-03-23 05:00:00,25.928886
2012-03-23 06:00:00,110.40337
2012-03-23 07:00:00,332.77896
2012-03-23 08:00:00,578.4095
2012-03-23 09:00:00,297.8849
2012-03-23 10:00:00,220.75572
2012-03-23 11:00:00,259.32465
2012-03-23 12:00:00,345.46317
2012-03-23 13:00:00,359.942
2012-03-23 14:00:00,346.35428
2012-03-23 15:00:00,367.21768
2012-03-23 16:00:00,475.6236
2012-03-23 17:00:00,738.63
2012-03-23 18:00:00,694.5971
2012-03-23 19:00:00,469.32614
2012-03-23 20:00:00,351.62027
2012-03-23 21:00:00,274.98398
2012-03-23 22:00:00,229.83871
2012-03-23 23:00:00,157.94131
2012-03-24 00:00:00,108.997154
2012-03-24 01:00:00,87.320366
2012-03-24 02:00:00,62.617756
2012-03-24 03:00:00,33.079098
2012-03-24 04:00:00,22.022589
2012-03-24 05:00:00,27.445068
2012-03-24 06:00:00,45.978203
2012-03-24 07:00:00,97.9745
2012-03-24 08:00:00,159.2229
2012-03-24 09:00:00,290.74738
2012-03-24 10:00:00,370.1414
2012-03-24 11:00:00,443.74042
2012-03-24 12:00:00,353.26465
2012-03-24 13:00:00,353.62845
2012-03-24 14:00:00,341.03888
2012-03-24 15:00:00,318.37402
2012-03-24 16:00:00,275.6765
2012-03-24 17:00:00,252.52309
2012-03-24 18:00:00,211.89511
2012-03-24 19:00:00,204.53258
2012-03-24 20:00:00,140.45715
2012-03-24 21:00:00,126.10968
2012-03-24 22:00:00,93.311554
2012-03-24 23:00:00,104.63844
2012-03-25 00:00:00,80.81086
2012-03-25 01:00:00,69.078545
2012-03-25 02:00:00,56.48382
2012-03-25 03:00:00,31.445885
2012-03-25 04:00:00,10.161865
2012-03-25 05:00:00,8.680013
2012-03-25 06:00:00,13.150154
2012-03-25 07:00:00,36.834606
2012-03-25 08:00:00,89.55682
2012-03-25 09:00:00,182.35472
2012-03-25 10:00:00,273.65402
2012-03-25 11:00:00,342.33765
2012-03-25 12:00:00,395.4244
2012-03-25 13:00:00,451.14087
2012-03-25 14:00:00,424.90158
2012-03-25 15:00:00,413.58972
2012-03-25 16:00:00,434.93732
2012-03-25 17:00:00,447.99942
2012-03-25 18:00:00,402.50854
2012-03-25 19:00:00,314.17618
2012-03-25 20:00:00,205.90453
2012-03-25 21:00:00,146.5353
2012-03-25 22:00:00,112.46486
2012-03-25 23:00:00,70.60286
2012-03-26 00:00:00,35.530605
2012-03-26 01:00:00,19.421759
2012-03-26 02:00:00,6.9562654
2012-03-26 03:00:00,8.569127
2012-03-26 04:00:00,8.785588
2012-03-26 05:00:00,25.695526
2012-03-26 06:00:00,112.608765
2012-03-26 07:00:00,377.8263
2012-03-26 08:00:00,630.6085
2012-03-26 09:00:00,308.80154
2012-03-26 10:00:00,197.88345
2012-03-26 11:00:00,219.17361
2012-03-26 12:00:00,271.6464
2012-03-26 13:00:00,258.3326
2012-03-26 14:00:00,244.86493
2012-03-26 15:00:00,258.13702
2012-03-26 16:00:00,360.65945
2012-03-26 17:00:00,639.16534
2012-03-26 18:00:00,603.2851
2012-03-26 19:00:00,417.27588
2012-03-26 20:00:00,262.64413
2012-03-26 21:00:00,173.03448
2012-03-26 22:00:00,108.41894
2012-03-26 23:00:00,56.1423
2012-03-27 00:00:00,35.34434
2012-03-27 01:00:00,8.467423
2012-03-27 02:00:00,2.5847156
2012-03-27 03:00:00,0.62723994
2012-03-27 04:00:00,1.6037804
2012-03-27 05:00:00,23.748625
2012-03-27 06:00:00,99.0994
2012-03-27 07:00:00,335.46503
2012-03-27 08:00:00,596.12494
2012-03-27 09:00:00,307.72113
2012-03-27 10:00:00,163.02188
2012-03-27 11:00:00,182.38718
2012-03-27 12:00:00,225.71637
2012-03-27 13:00:00,233.57669
2012-03-27 14:00:00,235.63571
2012-03-27 15:00:00,250.71056
2012-03-27 16:00:00,354.17752
2012-03-27 17:00:00,640.6702
2012-03-27 18:00:00,637.2891
2012-03-27 19:00:00,437.25104
2012-03-27 20:00:00,310.31613
2012-03-27 21:00:00,192.42258
2012-03-27 22:00:00,139.59013
2012-03-27 23:00:00,79.53816
2012-03-28 00:00:00,34.07373
2012-03-28 01:00:00,10.835809
2012-03-28 02:00:00,2.391819
2012-03-28 03:00:00,7.716668
2012-03-28 04:00:00,6.1925974
2012-03-28 05:00:00,27.385952
2012-03-28 06:00:00,108.18746
2012-03-28 07:00:00,352.4064
2012-03-28 08:00:00,631.70856
2012-03-28 09:00:00,325.80978
2012-03-28 10:00:00,195.89519
2012-03-28 11:00:00,230.07216
2012-03-28 12:00:00,273.98294
2012-03-28 13:00:00,278.82135
2012-03-28 14:00:00,258.81326
2012-03-28 15:00:00,263.08972
2012-03-28 16:00:00,322.7376
2012-03-28 17:00:00,753.55646
2012-03-28 18:00:00,757.6891
2012-03-28 19:00:00,532.09015
2012-03-28 20:00:00,382.77603
2012-03-28 21:00:00,279.1095
2012-03-28 22:00:00,203.5881
2012-03-28 23:00:00,115.3932
2012-03-29 00:00:00,39.86139
2012-03-29 01:00:00,25.67463
2012-03-29 02:00:00,20.180674
2012-03-29 03:00:00,14.545838
2012-03-29 04:00:00,14.403825
2012-03-29 05:00:00,32.801495
2012-03-29 06:00:00,126.7775
2012-03-29 07:00:00,393.77167
2012-03-29 08:00:00,660.9243
2012-03-29 09:00:00,337.67194
2012-03-29 10:00:00,191.5393
2012-03-29 11:00:00,236.58136
2012-03-29 12:00:00,287.6815
2012-03-29 13:00:00,262.23474
2012-03-29 14:00:00,266.28168
2012-03-29 15:00:00,289.9413
2012-03-29 16:00:00,407.802
2012-03-29 17:00:00,728.5815
2012-03-29 18:00:00,697.6936
2012-03-29 19:00:00,467.3178
2012-03-29 20:00:00,318.03766
2012-03-29 21:00:00,223.31805
2012-03-29 22:00:00,169.25482
2012-03-29 23:00:00,111.33789
2012-03-30 00:00:00,45.102173
2012-03-30 01:00:00,17.954277
2012-03-30 02:00:00,12.344928
2012-03-30 03:00:00,10.258838
2012-03-30 04:00:00,4.457815
2012-03-30 05:00:00,22.575186
2012-03-30 06:00:00,102.93968
2012-03-30 07:00:00,322.32947
2012-03-30 08:00:00,608.2008
2012-03-30 09:00:00,324.83524
2012-03-30 10:00:00,200.4028
2012-03-30 11:00:00,218.2285
2012-03-30 12:00:00,267.96802
2012-03-30 13:00:00,172.0854
2012-03-30 14:00:00,147.31827
2012-03-30 15:00:00,160.04602
2012-03-30 16:00:00,229.23267
2012-03-30 17:00:00,565.48346
2012-03-30 18:00:00,572.848
2012-03-30 19:00:00,366.74628
2012-03-30 20:00:00,256.96887
2012-03-30 21:00:00,193.14934
2012-03-30 22:00:00,157.03296
2012-03-30 23:00:00,120.109924
2012-03-31 00:00:00,96.16744
2012-03-31 01:00:00,68.18979
2012-03-31 02:00:00,49.36366
2012-03-31 03:00:00,29.773039
2012-03-31 04:00:00,10.652209
2012-03-31 05:00:00,19.55575
2012-03-31 06:00:00,32.682068
2012-03-31 07:00:00,75.55165
2012-03-31 08:00:00,142.47955
2012-03-31 09:00:00,259.25748
2012-03-31 10:00:00,344.39883
2012-03-31 11:00:00,499.24136
2012-03-31 12:00:00,539.2602
2012-03-31 13:00:00,617.8502
2012-03-31 14:00:00,548.914
2012-03-31 15:00:00,559.1105
2012-03-31 16:00:00,516.69324
2012-03-31 17:00:00,456.29724
2012-03-31 18:00:00,322.44727
2012-03-31 19:00:00,306.7109
2012-03-31 20:00:00,211.18282
2012-03-31 21:00:00,162.29553
2012-03-31 22:00:00,141.53171
2012-03-31 23:00:00,97.32355
2012-04-20 00:00:00,53.333252
2012-04-20 01:00:00,37.584415
2012-04-20 02:00:00,18.27214
2012-04-20 03:00:00,10.271649
2012-04-20 04:00:00,12.378473
2012-04-20 05:00:00,29.071686
2012-04-20 06:00:00,117.882256
2012-04-20 07:00:00,357.50024
2012-04-20 08:00:00,621.01953
2012-04-20 09:00:00,354.33228
2012-04-20 10:00:00,227.42696
2012-04-20 11:00:00,268.88464
2012-04-20 12:00:00,361.27313
2012-04-20 13:00:00,368.22903
2012-04-20 14:00:00,343.95822
2012-04-20 15:00:00,360.32907
2012-04-20 16:00:00,475.05658
2012-04-20 17:00:00,719.5697
2012-04-20 18:00:00,656.30554
2012-04-20 19:00:00,484.15234
2012-04-20 20:00:00,345.05078
2012-04-20 21:00:00,257.69897
2012-04-20 22:00:00,211.70248
2012-04-20 23:00:00,176.9761
2012-04-21 00:00:00,116.844505
2012-04-21 01:00:00,85.16861
2012-04-21 02:00:00,64.74519
2012-04-21 03:00:00,34.68738
2012-04-21 04:00:00,18.739134
2012-04-21 05:00:00,22.827143
2012-04-21 06:00:00,46.397278
2012-04-21 07:00:00,98.63261
2012-04-21 08:00:00,181.30069
2012-04-21 09:00:00,303.26465
2012-04-21 10:00:00,418.8936
2012-04-21 11:00:00,532.4333
2012-04-21 12:00:00,613.1801
2012-04-21 13:00:00,633.0573
2012-04-21 14:00:00,619.01874
2012-04-21 15:00:00,638.57294
2012-04-21 16:00:00,625.4693
2012-04-21 17:00:00,599.0138
2012-04-21 18:00:00,495.6581
2012-04-21 19:00:00,259.42172
2012-04-21 20:00:00,125.15259
2012-04-21 21:00:00,110.916985
2012-04-21 22:00:00,167.11935
2012-04-21 23:00:00,120.78274
2012-04-22 00:00:00,109.44641
2012-04-22 01:00:00,83.88196
2012-04-22 02:00:00,60.031693
2012-04-22 03:00:00,35.581963
2012-04-22 04:00:00,12.166749
2012-04-22 05:00:00,9.235877
2012-04-22 06:00:00,12.109949
2012-04-22 07:00:00,23.44193
2012-04-22 08:00:00,61.444504
2012-04-22 09:00:00,126.81641
2012-04-22 10:00:00,196.01244
2012-04-22 11:00:00,233.58037
2012-04-22 12:00:00,263.6602
2012-04-22 13:00:00,271.25262
2012-04-22 14:00:00,243.28183
2012-04-22 15:00:00,245.72478
2012-04-22 16:00:00,216.04062
2012-04-22 17:00:00,156.01662
2012-04-22 18:00:00,129.40854
2012-04-22 19:00:00,106.94128
2012-04-22 20:00:00,90.19124
2012-04-22 21:00:00,77.631065
2012-04-22 22:00:00,36.59632
2012-04-22 23:00:00,13.370089
2012-04-23 00:00:00,12.9973135
2012-04-23 01:00:00,2.3633006
2012-04-23 02:00:00,0.0
2012-04-23 03:00:00,0.0
2012-04-23 04:00:00,0.0
2012-04-23 05:00:00,0.0
2012-04-23 06:00:00,84.24844
2012-04-23 07:00:00,172.56425
2012-04-23 08:00:00,565.3469
2012-04-23 09:00:00,273.0808
2012-04-23 10:00:00,132.9514
2012-04-23 11:00:00,136.73845
2012-04-23 12:00:00,112.17339
2012-04-23 13:00:00,108.93566
2012-04-23 14:00:00,102.268654
2012-04-23 15:00:00,168.68042
2012-04-23 16:00:00,127.255806
2012-04-23 17:00:00,337.73193
2012-04-23 18:00:00,407.01135
2012-04-23 19:00:00,334.2653
2012-04-23 20:00:00,235.57794
2012-04-23 21:00:00,147.08554
2012-04-23 22:00:00,115.31911
2012-04-23 23:00:00,64.38558
2012-04-24 00:00:00,25.559301
2012-04-24 01:00:00,12.384057
2012-04-24 02:00:00,3.5016694
2012-04-24 03:00:00,0.0
2012-04-24 04:00:00,0.0
2012-04-24 05:00:00,20.557178
2012-04-24 06:00:00,103.20266
2012-04-24 07:00:00,345.6735
2012-04-24 08:00:00,624.5403
2012-04-24 09:00:00,312.2369
2012-04-24 10:00:00,174.16324
2012-04-24 11:00:00,202.6068
2012-04-24 12:00:00,258.62906
2012-04-24 13:00:00,258.75232
2012-04-24 14:00:00,251.57846
2012-04-24 15:00:00,267.55164
2012-04-24 16:00:00,391.28366
2012-04-24 17:00:00,724.3595
2012-04-24 18:00:00,721.7309
2012-04-24 19:00:00,498.04144
2012-04-24 20:00:00,325.91745
2012-04-24 21:00:00,226.08566
2012-04-24 22:00:00,163.51845
2012-04-24 23:00:00,107.696815
2012-04-25 00:00:00,35.16884
2012-04-25 01:00:00,9.726214
2012-04-25 02:00:00,1.2768594
2012-04-25 03:00:00,0.0
2012-04-25 04:00:00,0.06662015
2012-04-25 05:00:00,18.2336
2012-04-25 06:00:00,108.69252
2012-04-25 07:00:00,373.158
2012-04-25 08:00:00,652.0269
2012-04-25 09:00:00,320.9946
2012-04-25 10:00:00,193.76274
2012-04-25 11:00:00,225.63873
2012-04-25 12:00:00,278.51016
2012-04-25 13:00:00,274.70035
2012-04-25 14:00:00,240.39717
2012-04-25 15:00:00,282.6819
2012-04-25 16:00:00,391.73703
2012-04-25 17:00:00,758.0423
2012-04-25 18:00:00,750.47546
2012-04-25 19:00:00,529.7718
2012-04-25 20:00:00,375.71976
2012-04-25 21:00:00,274.41977
2012-04-25 22:00:00,188.50075
2012-04-25 23:00:00,116.09568
2012-04-26 00:00:00,30.638771
2012-04-26 01:00:00,15.157787
2012-04-26 02:00:00,5.680983
2012-04-26 03:00:00,2.038611
2012-04-26 04:00:00,4.6196527
2012-04-26 05:00:00,30.890682
2012-04-26 06:00:00,120.47299
2012-04-26 07:00:00,251.23302
2012-04-26 08:00:00,472.43314
2012-04-26 09:00:00,260.7224
2012-04-26 10:00:00,178.50206
2012-04-26 11:00:00,170.03688
2012-04-26 12:00:00,229.78998
2012-04-26 13:00:00,213.02911
2012-04-26 14:00:00,194.39005
2012-04-26 15:00:00,183.44864
2012-04-26 16:00:00,273.6171
2012-04-26 17:00:00,594.2563
2012-04-26 18:00:00,571.3815
2012-04-26 19:00:00,430.73132
2012-04-26 20:00:00,353.93408
2012-04-26 21:00:00,233.01006
2012-04-26 22:00:00,195.57886
2012-04-26 23:00:00,128.96938
2012-04-27 00:00:00,55.4257
2012-04-27 01:00:00,25.746714
2012-04-27 02:00:00,14.838885
2012-04-27 03:00:00,1.7954097
2012-04-27 04:00:00,9.854175
2012-04-27 05:00:00,27.441168
2012-04-27 06:00:00,112.59349
2012-04-27 07:00:00,330.4415
2012-04-27 08:00:00,622.7215
2012-04-27 09:00:00,327.3107
2012-04-27 10:00:00,221.29205
2012-04-27 11:00:00,254.58122
2012-04-27 12:00:00,318.53525
2012-04-27 13:00:00,333.40234
2012-04-27 14:00:00,318.6856
2012-04-27 15:00:00,371.2257
2012-04-27 16:00:00,470.50204
2012-04-27 17:00:00,714.7319
2012-04-27 18:00:00,628.2564
2012-04-27 19:00:00,433.17126
2012-04-27 20:00:00,282.11157
2012-04-27 21:00:00,199.97813
2012-04-27 22:00:00,177.56323
2012-04-27 23:00:00,133.36989
2012-04-28 00:00:00,100.22558
2012-04-28 01:00:00,63.817116
2012-04-28 02:00:00,49.94471
2012-04-28 03:00:00,16.727146
2012-04-28 04:00:00,6.356344
2012-04-28 05:00:00,10.542088
2012-04-28 06:00:00,24.541311
2012-04-28 07:00:00,63.74277
2012-04-28 08:00:00,162.86452
2012-04-28 09:00:00,255.3555
2012-04-28 10:00:00,335.0424
2012-04-28 11:00:00,415.74536
2012-04-28 12:00:00,457.77277
2012-04-28 13:00:00,480.8569
2012-04-28 14:00:00,525.1408
2012-04-28 15:00:00,538.6219
2012-04-28 16:00:00,499.4271
2012-04-28 17:00:00,458.24786
2012-04-28 18:00:00,320.98834
2012-04-28 19:00:00,219.325
2012-04-28 20:00:00,212.85098
2012-04-28 21:00:00,132.50327
2012-04-28 22:00:00,154.67079
2012-04-28 23:00:00,137.15154
2012-04-29 00:00:00,91.590904
2012-04-29 01:00:00,87.029526
2012-04-29 02:00:00,59.00349
2012-04-29 03:00:00,30.021706
2012-04-29 04:00:00,17.041094
2012-04-29 05:00:00,9.590048
2012-04-29 06:00:00,23.602427
2012-04-29 07:00:00,50.61853
2012-04-29 08:00:00,114.37958
2012-04-29 09:00:00,214.03897
2012-04-29 10:00:00,334.04825
2012-04-29 11:00:00,447.78247
2012-04-29 12:00:00,527.2538
2012-04-29 13:00:00,565.6721
2012-04-29 14:00:00,564.2174
2012-04-29 15:00:00,581.74243
2012-04-29 16:00:00,562.811
2012-04-29 17:00:00,529.6461
2012-04-29 18:00:00,456.37292
2012-04-29 19:00:00,380.40482
2012-04-29 20:00:00,264.6497
2012-04-29 21:00:00,179.3359
2012-04-29 22:00:00,122.48499
2012-04-29 23:00:00,73.45627
2012-04-30 00:00:00,34.87707
2012-04-30 01:00:00,13.912419
2012-04-30 02:00:00,9.3348465
2012-04-30 03:00:00,2.2167642
2012-04-30 04:00:00,0.6858669
2012-04-30 05:00:00,21.388813
2012-04-30 06:00:00,103.99786
2012-04-30 07:00:00,350.56137
2012-04-30 08:00:00,607.83673
2012-04-30 09:00:00,305.2746
2012-04-30 10:00:00,171.47581
2012-04-30 11:00:00,171.20563
2012-04-30 12:00:00,223.7946
2012-04-30 13:00:00,205.89714
2012-04-30 14:00:00,209.44824
2012-04-30 15:00:00,225.35912
2012-04-30 16:00:00,369.15906
2012-04-30 17:00:00,729.7129
2012-04-30 18:00:00,711.82355
2012-04-30 19:00:00,466.4895
2012-04-30 20:00:00,321.54666
2012-04-30 21:00:00,228.7113
2012-04-30 22:00:00,168.24283
2012-04-30 23:00:00,93.41472
2012-05-20 00:00:00,150.24973
2012-05-20 01:00:00,106.703575
2012-05-20 02:00:00,77.51133
2012-05-20 03:00:00,43.855415
2012-05-20 04:00:00,14.05494
2012-05-20 05:00:00,11.381616
2012-05-20 06:00:00,32.76656
2012-05-20 07:00:00,67.35771
2012-05-20 08:00:00,160.44095
2012-05-20 09:00:00,309.1636
2012-05-20 10:00:00,450.05368
2012-05-20 11:00:00,562.1048
2012-05-20 12:00:00,632.4638
2012-05-20 13:00:00,654.57745
2012-05-20 14:00:00,617.505
2012-05-20 15:00:00,573.6338
2012-05-20 16:00:00,590.5349
2012-05-20 17:00:00,558.9673
2012-05-20 18:00:00,493.73117
2012-05-20 19:00:00,384.3438
2012-05-20 20:00:00,294.91052
2012-05-20 21:00:00,209.00345
2012-05-20 22:00:00,147.26003
2012-05-20 23:00:00,31.298714
2012-05-21 00:00:00,16.642612
2012-05-21 01:00:00,6.616382
2012-05-21 02:00:00,0.0
2012-05-21 03:00:00,0.07661949
2012-05-21 04:00:00,0.0
2012-05-21 05:00:00,9.0113945
2012-05-21 06:00:00,72.794716
2012-05-21 07:00:00,192.207
2012-05-21 08:00:00,274.58725
2012-05-21 09:00:00,148.18643
2012-05-21 10:00:00,75.68088
2012-05-21 11:00:00,144.81763
2012-05-21 12:00:00,176.62016
2012-05-21 13:00:00,76.48401
2012-05-21 14:00:00,76.38772
2012-05-21 15:00:00,230.88388
2012-05-21 16:00:00,338.13565
2012-05-21 17:00:00,659.27826
2012-05-21 18:00:00,679.89453
2012-05-21 19:00:00,518.3795
2012-05-21 20:00:00,376.3519
2012-05-21 21:00:00,273.44586
2012-05-21 22:00:00,166.46503
2012-05-21 23:00:00,91.89211
2012-05-22 00:00:00,41.21321
2012-05-22 01:00:00,13.484442
2012-05-22 02:00:00,1.341732
2012-05-22 03:00:00,0.0
2012-05-22 04:00:00,3.9300017
2012-05-22 05:00:00,21.526375
2012-05-22 06:00:00,90.227715
2012-05-22 07:00:00,218.19002
2012-05-22 08:00:00,591.0671
2012-05-22 09:00:00,310.75006
2012-05-22 10:00:00,184.28377
2012-05-22 11:00:00,178.70657
2012-05-22 12:00:00,226.69727
2012-05-22 13:00:00,200.33069
2012-05-22 14:00:00,196.34027
2012-05-22 15:00:00,281.5027
2012-05-22 16:00:00,394.4824
2012-05-22 17:00:00,802.4555
2012-05-22 18:00:00,780.22046
2012-05-22 19:00:00,524.7619
2012-05-22 20:00:00,390.51855
2012-05-22 21:00:00,273.4474
2012-05-22 22:00:00,223.22816
2012-05-22 23:00:00,140.98195
2012-05-23 00:00:00,60.187466
2012-05-23 01:00:00,28.304403
2012-05-23 02:00:00,16.20508
2012-05-23 03:00:00,13.954123
2012-05-23 04:00:00,11.235888
2012-05-23 05:00:00,20.16915
2012-05-23 06:00:00,164.00015
2012-05-23 07:00:00,461.2624
2012-05-23 08:00:00,660.95087
2012-05-23 09:00:00,336.17447
2012-05-23 10:00:00,205.32735
2012-05-23 11:00:00,216.5675
2012-05-23 12:00:00,261.8469
2012-05-23 13:00:00,235.29213
2012-05-23 14:00:00,246.38225
2012-05-23 15:00:00,248.6568
2012-05-23 16:00:00,301.776
2012-05-23 17:00:00,563.91095
2012-05-23 18:00:00,581.891
2012-05-23 19:00:00,377.4066
2012-05-23 20:00:00,279.5575
2012-05-23 21:00:00,197.24538
2012-05-23 22:00:00,163.2052
2012-05-23 23:00:00,129.69287
2012-05-24 00:00:00,62.728848
2012-05-24 01:00:00,25.40502
2012-05-24 02:00:00,13.295461
2012-05-24 03:00:00,5.1791487
2012-05-24 04:00:00,9.209301
2012-05-24 05:00:00,35.2646
2012-05-24 06:00:00,151.99754
2012-05-24 07:00:00,470.68433
2012-05-24 08:00:00,699.8084
2012-05-24 09:00:00,353.14383
2012-05-24 10:00:00,212.51332
2012-05-24 11:00:00,247.72948
2012-05-24 12:00:00,314.18173
2012-05-24 13:00:00,304.2557
2012-05-24 14:00:00,253.73592
2012-05-24 15:00:00,274.08954
2012-05-24 16:00:00,405.61475
2012-05-24 17:00:00,788.56476
2012-05-24 18:00:00,792.48334
2012-05-24 19:00:00,549.9579
2012-05-24 20:00:00,367.26593
2012-05-24 21:00:00,206.29315
2012-05-24 22:00:00,205.53407
2012-05-24 23:00:00,149.17255
2012-05-25 00:00:00,80.36885
2012-05-25 01:00:00,40.208416
2012-05-25 02:00:00,17.550968
2012-05-25 03:00:00,13.195077
2012-05-25 04:00:00,11.568895
2012-05-25 05:00:00,34.19708
2012-05-25 06:00:00,147.39375
2012-05-25 07:00:00,396.21027
2012-05-25 08:00:00,605.1015
2012-05-25 09:00:00,333.52325
2012-05-25 10:00:00,242.9064
2012-05-25 11:00:00,274.29102
2012-05-25 12:00:00,350.43015
2012-05-25 13:00:00,337.97906
2012-05-25 14:00:00,322.74054
2012-05-25 15:00:00,325.9489
2012-05-25 16:00:00,443.9667
2012-05-25 17:00:00,674.8995
2012-05-25 18:00:00,653.41174
2012-05-25 19:00:00,479.1621
2012-05-25 20:00:00,368.29053
2012-05-25 21:00:00,295.30783
2012-05-25 22:00:00,266.315
2012-05-25 23:00:00,200.74483
2012-05-26 00:00:00,149.29292
2012-05-26 01:00:00,110.441574
2012-05-26 02:00:00,77.815895
2012-05-26 03:00:00,36.14963
2012-05-26 04:00:00,21.861694
2012-05-26 05:00:00,24.58141
2012-05-26 06:00:00,49.07355
2012-05-26 07:00:00,89.18651
2012-05-26 08:00:00,203.70111
2012-05-26 09:00:00,295.15793
2012-05-26 10:00:00,405.46793
2012-05-26 11:00:00,515.5241
2012-05-26 12:00:00,546.96857
2012-05-26 13:00:00,556.0159
2012-05-26 14:00:00,530.8369
2012-05-26 15:00:00,523.89685
2012-05-26 16:00:00,536.85956
2012-05-26 17:00:00,530.545
2012-05-26 18:00:00,517.9137
2012-05-26 19:00:00,404.47174
2012-05-26 20:00:00,354.28217
2012-05-26 21:00:00,270.71185
2012-05-26 22:00:00,244.33733
2012-05-26 23:00:00,194.25801
2012-05-27 00:00:00,148.12021
2012-05-27 01:00:00,118.917076
2012-05-27 02:00:00,85.89372
2012-05-27 03:00:00,47.012062
2012-05-27 04:00:00,18.278742
2012-05-27 05:00:00,17.46103
2012-05-27 06:00:00,31.448685
2012-05-27 07:00:00,69.14921
2012-05-27 08:00:00,133.00655
2012-05-27 09:00:00,235.47673
2012-05-27 10:00:00,383.5315
2012-05-27 11:00:00,480.69397
2012-05-27 12:00:00,501.31143
2012-05-27 13:00:00,532.4744
2012-05-27 14:00:00,498.9253
2012-05-27 15:00:00,500.15347
2012-05-27 16:00:00,494.1977
2012-05-27 17:00:00,523.49786
2012-05-27 18:00:00,457.90918
2012-05-27 19:00:00,388.4094
2012-05-27 20:00:00,318.80853
2012-05-27 21:00:00,141.12823
2012-05-27 22:00:00,71.048935
2012-05-27 23:00:00,60.991116
2012-05-28 00:00:00,111.44611
2012-05-28 01:00:00,69.84099
2012-05-28 02:00:00,64.57342
2012-05-28 03:00:00,25.789877
2012-05-28 04:00:00,31.078245
2012-05-28 05:00:00,47.034508
2012-05-28 06:00:00,78.525566
2012-05-28 07:00:00,269.09116
2012-05-28 08:00:00,355.9709
2012-05-28 09:00:00,263.1395
2012-05-28 10:00:00,254.97287
2012-05-28 11:00:00,334.3048
2012-05-28 12:00:00,408.27838
2012-05-28 13:00:00,381.63446
2012-05-28 14:00:00,369.4646
2012-05-28 15:00:00,390.22
2012-05-28 16:00:00,454.9898
2012-05-28 17:00:00,631.5883
2012-05-28 18:00:00,613.28284
2012-05-28 19:00:00,526.4874
2012-05-28 20:00:00,423.97314
2012-05-28 21:00:00,324.8101
2012-05-28 22:00:00,241.90543
2012-05-28 23:00:00,130.87086
2012-05-29 00:00:00,53.266125
2012-05-29 01:00:00,24.69273
2012-05-29 02:00:00,15.689114
2012-05-29 03:00:00,8.961708
2012-05-29 04:00:00,11.378399
2012-05-29 05:00:00,39.91385
2012-05-29 06:00:00,167.17807
2012-05-29 07:00:00,472.8793
2012-05-29 08:00:00,664.21466
2012-05-29 09:00:00,324.23862
2012-05-29 10:00:00,170.19283
2012-05-29 11:00:00,211.13547
2012-05-29 12:00:00,273.029
2012-05-29 13:00:00,260.7452
2012-05-29 14:00:00,243.79112
2012-05-29 15:00:00,265.2036
2012-05-29 16:00:00,397.3509
2012-05-29 17:00:00,796.6477
2012-05-29 18:00:00,795.4933
2012-05-29 19:00:00,551.34515
2012-05-29 20:00:00,278.49976
2012-05-29 21:00:00,130.03566
2012-05-29 22:00:00,155.58199
2012-05-29 23:00:00,60.54827
2012-05-30 00:00:00,40.051334
2012-05-30 01:00:00,27.744537
2012-05-30 02:00:00,13.958893
2012-05-30 03:00:00,16.70943
2012-05-30 04:00:00,13.783073
2012-05-30 05:00:00,42.736183
2012-05-30 06:00:00,165.65497
2012-05-30 07:00:00,300.72076
2012-05-30 08:00:00,688.0955
2012-05-30 09:00:00,342.30084
2012-05-30 10:00:00,183.11273
2012-05-30 11:00:00,225.71315
2012-05-30 12:00:00,319.57205
2012-05-30 13:00:00,301.31146
2012-05-30 14:00:00,279.34036
2012-05-30 15:00:00,295.6028
2012-05-30 16:00:00,427.3419
2012-05-30 17:00:00,798.7381
2012-05-30 18:00:00,818.56573
2012-05-30 19:00:00,581.2293
2012-05-30 20:00:00,362.05396
2012-05-30 21:00:00,332.357
2012-05-30 22:00:00,254.09473
2012-05-30 23:00:00,168.83237
2012-05-31 00:00:00,61.675888
2012-05-31 01:00:00,24.494099
2012-05-31 02:00:00,15.148073
2012-05-31 03:00:00,10.119908
2012-05-31 04:00:00,8.474454
2012-05-31 05:00:00,38.681328
2012-05-31 06:00:00,173.46762
2012-05-31 07:00:00,484.21722
2012-05-31 08:00:00,689.9244
2012-05-31 09:00:00,346.806
2012-05-31 10:00:00,225.80113
2012-05-31 11:00:00,272.31458
2012-05-31 12:00:00,336.96054
2012-05-31 13:00:00,320.76358
2012-05-31 14:00:00,288.16736
2012-05-31 15:00:00,311.5254
2012-05-31 16:00:00,444.65915
2012-05-31 17:00:00,856.81024
2012-05-31 18:00:00,840.17236
2012-05-31 19:00:00,593.78955
2012-05-31 20:00:00,428.54614
2012-05-31 21:00:00,333.11124
2012-05-31 22:00:00,277.69916
2012-05-31 23:00:00,201.895
2012-06-20 00:00:00,52.53876
2012-06-20 01:00:00,23.013016
2012-06-20 02:00:00,8.583788
2012-06-20 03:00:00,4.6272364
2012-06-20 04:00:00,2.5906477
2012-06-20 05:00:00,32.870853
2012-06-20 06:00:00,145.48163
2012-06-20 07:00:00,425.95004
2012-06-20 08:00:00,666.484
2012-06-20 09:00:00,342.47064
2012-06-20 10:00:00,193.61478
2012-06-20 11:00:00,209.75314
2012-06-20 12:00:00,259.17896
2012-06-20 13:00:00,238.47086
2012-06-20 14:00:00,220.47525
2012-06-20 15:00:00,235.4646
2012-06-20 16:00:00,358.0024
2012-06-20 17:00:00,705.92236
2012-06-20 18:00:00,696.9196
2012-06-20 19:00:00,520.606
2012-06-20 20:00:00,423.76764
2012-06-20 21:00:00,339.43494
2012-06-20 22:00:00,281.34637
2012-06-20 23:00:00,166.78264
2012-06-21 00:00:00,62.75614
2012-06-21 01:00:00,25.454784
2012-06-21 02:00:00,16.941458
2012-06-21 03:00:00,8.940777
2012-06-21 04:00:00,14.995706
2012-06-21 05:00:00,41.26483
2012-06-21 06:00:00,165.51085
2012-06-21 07:00:00,442.41492
2012-06-21 08:00:00,650.84863
2012-06-21 09:00:00,313.08673
2012-06-21 10:00:00,185.23293
2012-06-21 11:00:00,205.74846
2012-06-21 12:00:00,256.72275
2012-06-21 13:00:00,240.18167
2012-06-21 14:00:00,229.16989
2012-06-21 15:00:00,235.78493
2012-06-21 16:00:00,361.1942
2012-06-21 17:00:00,735.3436
2012-06-21 18:00:00,749.0576
2012-06-21 19:00:00,508.44653
2012-06-21 20:00:00,419.83865
2012-06-21 21:00:00,363.16138
2012-06-21 22:00:00,253.86928
2012-06-21 23:00:00,182.1039
2012-06-22 00:00:00,76.585625
2012-06-22 01:00:00,37.95641
2012-06-22 02:00:00,25.122139
2012-06-22 03:00:00,16.650614
2012-06-22 04:00:00,9.980731
2012-06-22 05:00:00,39.85266
2012-06-22 06:00:00,142.09615
2012-06-22 07:00:00,414.8217
2012-06-22 08:00:00,624.5353
2012-06-22 09:00:00,329.29904
2012-06-22 10:00:00,231.51971
2012-06-22 11:00:00,274.79532
2012-06-22 12:00:00,317.73407
2012-06-22 13:00:00,299.14417
2012-06-22 14:00:00,277.75766
2012-06-22 15:00:00,287.735
2012-06-22 16:00:00,403.10693
2012-06-22 17:00:00,746.34436
2012-06-22 18:00:00,668.5755
2012-06-22 19:00:00,480.9478
2012-06-22 20:00:00,372.34946
2012-06-22 21:00:00,226.32191
2012-06-22 22:00:00,256.6355
2012-06-22 23:00:00,187.5276
2012-06-23 00:00:00,148.0584
2012-06-23 01:00:00,114.29439
2012-06-23 02:00:00,68.112595
2012-06-23 03:00:00,27.644007
2012-06-23 04:00:00,10.280993
2012-06-23 05:00:00,13.34232
2012-06-23 06:00:00,37.106354
2012-06-23 07:00:00,78.32988
2012-06-23 08:00:00,175.05426
2012-06-23 09:00:00,303.7853
2012-06-23 10:00:00,420.94217
2012-06-23 11:00:00,528.2355
2012-06-23 12:00:00,556.2442
2012-06-23 13:00:00,573.12415
2012-06-23 14:00:00,579.5066
2012-06-23 15:00:00,531.1919
2012-06-23 16:00:00,531.2481
2012-06-23 17:00:00,547.1027
2012-06-23 18:00:00,505.56186
2012-06-23 19:00:00,423.96262
2012-06-23 20:00:00,364.7356
2012-06-23 21:00:00,318.43707
2012-06-23 22:00:00,290.55246
2012-06-23 23:00:00,224.09456
2012-06-24 00:00:00,169.20247
2012-06-24 01:00:00,132.29811
2012-06-24 02:00:00,99.59148
2012-06-24 03:00:00,41.137917
2012-06-24 04:00:00,15.138972
2012-06-24 05:00:00,14.038109
2012-06-24 06:00:00,20.828102
2012-06-24 07:00:00,58.33395
2012-06-24 08:00:00,150.04639
2012-06-24 09:00:00,277.88104
2012-06-24 10:00:00,412.54202
2012-06-24 11:00:00,509.10498
2012-06-24 12:00:00,530.8904
2012-06-24 13:00:00,536.4115
2012-06-24 14:00:00,492.44107
2012-06-24 15:00:00,460.14154
2012-06-24 16:00:00,468.5633
2012-06-24 17:00:00,498.63187
2012-06-24 18:00:00,472.02237
2012-06-24 19:00:00,389.40015
2012-06-24 20:00:00,289.3239
2012-06-24 21:00:00,243.38939
2012-06-24 22:00:00,199.25914
2012-06-24 23:00:00,121.98286
2012-06-25 00:00:00,35.927776
2012-06-25 01:00:00,6.492001
2012-06-25 02:00:00,0.0
2012-06-25 03:00:00,0.0
2012-06-25 04:00:00,3.371673
2012-06-25 05:00:00,31.19678
2012-06-25 06:00:00,146.76439
2012-06-25 07:00:00,439.26764
2012-06-25 08:00:00,603.26953
2012-06-25 09:00:00,302.0955
2012-06-25 10:00:00,184.70537
2012-06-25 11:00:00,208.14967
2012-06-25 12:00:00,266.4119
2012-06-25 13:00:00,261.14145
2012-06-25 14:00:00,217.54788
2012-06-25 15:00:00,249.97443
2012-06-25 16:00:00,387.27478
2012-06-25 17:00:00,797.41815
2012-06-25 18:00:00,789.3865
2012-06-25 19:00:00,567.11847
2012-06-25 20:00:00,407.46866
2012-06-25 21:00:00,310.4726
2012-06-25 22:00:00,232.0339
2012-06-25 23:00:00,135.56958
2012-06-26 00:00:00,44.408325
2012-06-26 01:00:00,27.189535
2012-06-26 02:00:00,10.155017
2012-06-26 03:00:00,4.722034
2012-06-26 04:00:00,7.4881687
2012-06-26 05:00:00,38.705837
2012-06-26 06:00:00,152.2856
2012-06-26 07:00:00,465.68225
2012-06-26 08:00:00,667.1729
2012-06-26 09:00:00,341.4491
2012-06-26 10:00:00,192.20186
2012-06-26 11:00:00,236.29085
2012-06-26 12:00:00,298.5259
2012-06-26 13:00:00,280.05762
2012-06-26 14:00:00,263.9689
2012-06-26 15:00:00,283.2247
2012-06-26 16:00:00,427.92728
2012-06-26 17:00:00,825.19305
2012-06-26 18:00:00,816.49756
2012-06-26 19:00:00,586.0531
2012-06-26 20:00:00,440.40704
2012-06-26 21:00:00,341.26358
2012-06-26 22:00:00,260.9475
2012-06-26 23:00:00,150.8617
2012-06-27 00:00:00,48.12657
2012-06-27 01:00:00,16.838394
2012-06-27 02:00:00,9.567053
2012-06-27 03:00:00,11.300478
2012-06-27 04:00:00,10.10592
2012-06-27 05:00:00,37.022156
2012-06-27 06:00:00,160.96974
2012-06-27 07:00:00,468.37543
2012-06-27 08:00:00,664.87415
2012-06-27 09:00:00,331.77725
2012-06-27 10:00:00,210.31865
2012-06-27 11:00:00,235.45882
2012-06-27 12:00:00,301.28043
2012-06-27 13:00:00,264.3063
2012-06-27 14:00:00,263.88538
2012-06-27 15:00:00,255.92491
2012-06-27 16:00:00,406.51984
2012-06-27 17:00:00,798.1233
2012-06-27 18:00:00,781.2691
2012-06-27 19:00:00,574.1213
2012-06-27 20:00:00,456.04672
2012-06-27 21:00:00,355.21216
2012-06-27 22:00:00,281.04242
2012-06-27 23:00:00,178.12404
2012-06-28 00:00:00,63.742535
2012-06-28 01:00:00,25.958189
2012-06-28 02:00:00,14.512869
2012-06-28 03:00:00,8.948356
2012-06-28 04:00:00,10.731971
2012-06-28 05:00:00,39.121254
2012-06-28 06:00:00,158.45847
2012-06-28 07:00:00,476.5535
2012-06-28 08:00:00,661.4876
2012-06-28 09:00:00,340.94983
2012-06-28 10:00:00,206.11047
2012-06-28 11:00:00,226.59377
2012-06-28 12:00:00,285.15192
2012-06-28 13:00:00,270.58536
2012-06-28 14:00:00,255.78687
2012-06-28 15:00:00,276.9427
2012-06-28 16:00:00,413.98413
2012-06-28 17:00:00,768.7782
2012-06-28 18:00:00,760.01416
2012-06-28 19:00:00,543.9878
2012-06-28 20:00:00,449.88123
2012-06-28 21:00:00,346.72653
2012-06-28 22:00:00,272.22247
2012-06-28 23:00:00,195.5604
2012-06-29 00:00:00,93.96263
2012-06-29 01:00:00,45.08076
2012-06-29 02:00:00,23.435663
2012-06-29 03:00:00,14.934855
2012-06-29 04:00:00,8.417151
2012-06-29 05:00:00,36.772205
2012-06-29 06:00:00,147.78448
2012-06-29 07:00:00,414.3352
2012-06-29 08:00:00,637.9833
2012-06-29 09:00:00,335.64648
2012-06-29 10:00:00,205.47124
2012-06-29 11:00:00,235.49245
2012-06-29 12:00:00,273.8467
2012-06-29 13:00:00,249.2089
2012-06-29 14:00:00,221.06218
2012-06-29 15:00:00,221.79222
2012-06-29 16:00:00,321.265
2012-06-29 17:00:00,609.58875
2012-06-29 18:00:00,547.3987
2012-06-29 19:00:00,419.04807
2012-06-29 20:00:00,325.47482
2012-06-29 21:00:00,279.1459
2012-06-29 22:00:00,200.1045
2012-06-29 23:00:00,159.51865
2012-06-30 00:00:00,118.13864
2012-06-30 01:00:00,86.85783
2012-06-30 02:00:00,68.55149
2012-06-30 03:00:00,28.391312
2012-06-30 04:00:00,10.752132
2012-06-30 05:00:00,17.731436
2012-06-30 06:00:00,34.314644
2012-06-30 07:00:00,75.63427
2012-06-30 08:00:00,157.06975
2012-06-30 09:00:00,276.31024
2012-06-30 10:00:00,372.93875
2012-06-30 11:00:00,471.15845
2012-06-30 12:00:00,514.4362
2012-06-30 13:00:00,525.00934
2012-06-30 14:00:00,514.4486
2012-06-30 15:00:00,507.97964
2012-06-30 16:00:00,470.14764
2012-06-30 17:00:00,504.32828
2012-06-30 18:00:00,443.12375
2012-06-30 19:00:00,404.82077
2012-06-30 20:00:00,368.69632
2012-06-30 21:00:00,310.4012
2012-06-30 22:00:00,247.50227
2012-06-30 23:00:00,212.70616
2012-07-20 00:00:00,51.27368
2012-07-20 01:00:00,42.474903
2012-07-20 02:00:00,22.028042
2012-07-20 03:00:00,16.146276
2012-07-20 04:00:00,18.128414
2012-07-20 05:00:00,41.118015
2012-07-20 06:00:00,150.61243
2012-07-20 07:00:00,388.03543
2012-07-20 08:00:00,606.251
2012-07-20 09:00:00,348.3788
2012-07-20 10:00:00,229.42145
2012-07-20 11:00:00,203.6206
2012-07-20 12:00:00,162.60922
2012-07-20 13:00:00,140.19382
2012-07-20 14:00:00,154.44498
2012-07-20 15:00:00,219.10167
2012-07-20 16:00:00,305.24606
2012-07-20 17:00:00,384.87732
2012-07-20 18:00:00,434.53366
2012-07-20 19:00:00,322.96014
2012-07-20 20:00:00,159.2617
2012-07-20 21:00:00,149.14714
2012-07-20 22:00:00,166.06519
2012-07-20 23:00:00,126.54264
2012-07-21 00:00:00,113.98721
2012-07-21 01:00:00,99.722664
2012-07-21 02:00:00,61.383747
2012-07-21 03:00:00,22.599926
2012-07-21 04:00:00,6.035365
2012-07-21 05:00:00,8.7408905
2012-07-21 06:00:00,6.4893665
2012-07-21 07:00:00,55.61918
2012-07-21 08:00:00,137.73294
2012-07-21 09:00:00,248.19493
2012-07-21 10:00:00,226.61137
2012-07-21 11:00:00,401.50577
2012-07-21 12:00:00,283.09793
2012-07-21 13:00:00,278.0948
2012-07-21 14:00:00,402.81024
2012-07-21 15:00:00,281.45474
2012-07-21 16:00:00,211.51819
2012-07-21 17:00:00,175.76668
2012-07-21 18:00:00,195.41425
2012-07-21 19:00:00,260.90042
2012-07-21 20:00:00,138.9004
2012-07-21 21:00:00,172.80347
2012-07-21 22:00:00,155.6486
2012-07-21 23:00:00,125.506775
2012-07-22 00:00:00,130.25482
2012-07-22 01:00:00,108.22088
2012-07-22 02:00:00,78.08426
2012-07-22 03:00:00,31.603142
2012-07-22 04:00:00,8.791017
2012-07-22 05:00:00,5.39609
2012-07-22 06:00:00,8.707496
2012-07-22 07:00:00,26.31901
2012-07-22 08:00:00,109.87365
2012-07-22 09:00:00,251.58714
2012-07-22 10:00:00,372.8448
2012-07-22 11:00:00,431.18713
2012-07-22 12:00:00,471.9246
2012-07-22 13:00:00,460.06958
2012-07-22 14:00:00,444.69168
2012-07-22 15:00:00,435.17477
2012-07-22 16:00:00,387.0052
2012-07-22 17:00:00,358.6613
2012-07-22 18:00:00,339.0774
2012-07-22 19:00:00,339.59094
2012-07-22 20:00:00,250.39555
2012-07-22 21:00:00,186.66261
2012-07-22 22:00:00,134.3008
2012-07-22 23:00:00,87.72577
2012-07-23 00:00:00,40.94544
2012-07-23 01:00:00,15.354247
2012-07-23 02:00:00,2.756073
2012-07-23 03:00:00,0.0
2012-07-23 04:00:00,0.13861632
2012-07-23 05:00:00,23.929317
2012-07-23 06:00:00,134.95825
2012-07-23 07:00:00,414.53342
2012-07-23 08:00:00,621.0729
2012-07-23 09:00:00,326.94083
2012-07-23 10:00:00,197.12366
2012-07-23 11:00:00,212.62178
2012-07-23 12:00:00,265.67444
2012-07-23 13:00:00,260.0961
2012-07-23 14:00:00,235.10695
2012-07-23 15:00:00,252.60971
2012-07-23 16:00:00,392.80334
2012-07-23 17:00:00,790.24036
2012-07-23 18:00:00,788.81177
2012-07-23 19:00:00,565.9333
2012-07-23 20:00:00,422.81476
2012-07-23 21:00:00,310.16132
2012-07-23 22:00:00,210.96996
2012-07-23 23:00:00,115.07135
2012-07-24 00:00:00,47.19833
2012-07-24 01:00:00,16.69159
2012-07-24 02:00:00,0.0
2012-07-24 03:00:00,0.0
2012-07-24 04:00:00,0.0
2012-07-24 05:00:00,24.350954
2012-07-24 06:00:00,149.96089
2012-07-24 07:00:00,482.76617
2012-07-24 08:00:00,649.2157
2012-07-24 09:00:00,306.88882
2012-07-24 10:00:00,185.38739
2012-07-24 11:00:00,198.9642
2012-07-24 12:00:00,247.8802
2012-07-24 13:00:00,239.59277
2012-07-24 14:00:00,215.68646
2012-07-24 15:00:00,256.12387
2012-07-24 16:00:00,380.90228
2012-07-24 17:00:00,783.07574
2012-07-24 18:00:00,724.2113
2012-07-24 19:00:00,554.91693
2012-07-24 20:00:00,411.43292
2012-07-24 21:00:00,294.77655
2012-07-24 22:00:00,187.9442
2012-07-24 23:00:00,129.26004
2012-07-25 00:00:00,50.52411
2012-07-25 01:00:00,24.199804
2012-07-25 02:00:00,6.282726
2012-07-25 03:00:00,0.0
2012-07-25 04:00:00,2.3044357
2012-07-25 05:00:00,36.062897
2012-07-25 06:00:00,161.73283
2012-07-25 07:00:00,463.38245
2012-07-25 08:00:00,671.7034
2012-07-25 09:00:00,343.05365
2012-07-25 10:00:00,215.29839
2012-07-25 11:00:00,237.00597
2012-07-25 12:00:00,298.3978
2012-07-25 13:00:00,274.7743
2012-07-25 14:00:00,239.46494
2012-07-25 15:00:00,277.87073
2012-07-25 16:00:00,401.74542
2012-07-25 17:00:00,796.4315
2012-07-25 18:00:00,800.26013
2012-07-25 19:00:00,605.9187
2012-07-25 20:00:00,464.23547
2012-07-25 21:00:00,347.33853
2012-07-25 22:00:00,264.92682
2012-07-25 23:00:00,159.9191
2012-07-26 00:00:00,55.87946
2012-07-26 01:00:00,19.451204
2012-07-26 02:00:00,7.1038785
2012-07-26 03:00:00,2.0014935
2012-07-26 04:00:00,6.5566435
2012-07-26 05:00:00,37.477966
2012-07-26 06:00:00,165.16838
2012-07-26 07:00:00,474.82507
2012-07-26 08:00:00,671.004
2012-07-26 09:00:00,337.61252
2012-07-26 10:00:00,176.44528
2012-07-26 11:00:00,189.44492
2012-07-26 12:00:00,250.64679
2012-07-26 13:00:00,248.71155
2012-07-26 14:00:00,211.45854
2012-07-26 15:00:00,231.0791
2012-07-26 16:00:00,331.70944
2012-07-26 17:00:00,687.0228
2012-07-26 18:00:00,679.8995
2012-07-26 19:00:00,495.3668
2012-07-26 20:00:00,430.2891
2012-07-26 21:00:00,344.46634
2012-07-26 22:00:00,266.6827
2012-07-26 23:00:00,158.16771
2012-07-27 00:00:00,75.723
2012-07-27 01:00:00,35.237347
2012-07-27 02:00:00,19.601656
2012-07-27 03:00:00,11.956736
2012-07-27 04:00:00,9.588265
2012-07-27 05:00:00,38.270885
2012-07-27 06:00:00,155.85046
2012-07-27 07:00:00,422.26144
2012-07-27 08:00:00,648.0482
2012-07-27 09:00:00,328.6868
2012-07-27 10:00:00,232.20305
2012-07-27 11:00:00,264.1232
2012-07-27 12:00:00,320.41702
2012-07-27 13:00:00,317.2184
2012-07-27 14:00:00,291.5842
2012-07-27 15:00:00,318.4125
2012-07-27 16:00:00,423.95044
2012-07-27 17:00:00,713.5253
2012-07-27 18:00:00,685.60254
2012-07-27 19:00:00,504.9786
2012-07-27 20:00:00,392.8584
2012-07-27 21:00:00,313.8727
2012-07-27 22:00:00,270.8478
2012-07-27 23:00:00,194.6317
2012-07-28 00:00:00,167.56403
2012-07-28 01:00:00,113.654236
2012-07-28 02:00:00,74.61272
2012-07-28 03:00:00,32.2608
2012-07-28 04:00:00,14.875774
2012-07-28 05:00:00,21.540966
2012-07-28 06:00:00,37.16797
2012-07-28 07:00:00,94.50987
2012-07-28 08:00:00,183.89786
2012-07-28 09:00:00,305.96927
2012-07-28 10:00:00,396.32678
2012-07-28 11:00:00,494.84213
2012-07-28 12:00:00,538.86084
2012-07-28 13:00:00,530.265
2012-07-28 14:00:00,524.6878
2012-07-28 15:00:00,515.4281
2012-07-28 16:00:00,512.26105
2012-07-28 17:00:00,510.48996
2012-07-28 18:00:00,486.69525
2012-07-28 19:00:00,328.0769
2012-07-28 20:00:00,272.75607
2012-07-28 21:00:00,273.90424
2012-07-28 22:00:00,241.10762
2012-07-28 23:00:00,190.77559
2012-07-29 00:00:00,155.51103
2012-07-29 01:00:00,122.96883
2012-07-29 02:00:00,92.071106
2012-07-29 03:00:00,39.556995
2012-07-29 04:00:00,14.924248
2012-07-29 05:00:00,7.942218
2012-07-29 06:00:00,17.286537
2012-07-29 07:00:00,57.021626
2012-07-29 08:00:00,127.98081
2012-07-29 09:00:00,244.60667
2012-07-29 10:00:00,373.12903
2012-07-29 11:00:00,465.0841
2012-07-29 12:00:00,516.6777
2012-07-29 13:00:00,515.0602
2012-07-29 14:00:00,487.04364
2012-07-29 15:00:00,480.16803
2012-07-29 16:00:00,469.36066
2012-07-29 17:00:00,478.13605
2012-07-29 18:00:00,455.08548
2012-07-29 19:00:00,386.22934
2012-07-29 20:00:00,275.39676
2012-07-29 21:00:00,196.94414
2012-07-29 22:00:00,143.87856
2012-07-29 23:00:00,91.30362
2012-07-30 00:00:00,46.34383
2012-07-30 01:00:00,14.337563
2012-07-30 02:00:00,5.7022276
2012-07-30 03:00:00,0.0
2012-07-30 04:00:00,0.0
2012-07-30 05:00:00,21.148832
2012-07-30 06:00:00,132.1467
2012-07-30 07:00:00,445.2373
2012-07-30 08:00:00,636.54016
2012-07-30 09:00:00,328.95035
2012-07-30 10:00:00,189.65785
2012-07-30 11:00:00,218.56578
2012-07-30 12:00:00,265.62863
2012-07-30 13:00:00,259.05624
2012-07-30 14:00:00,229.27234
2012-07-30 15:00:00,247.14688
2012-07-30 16:00:00,386.65552
2012-07-30 17:00:00,759.42596
2012-07-30 18:00:00,755.1551
2012-07-30 19:00:00,579.53107
2012-07-30 20:00:00,372.41904
2012-07-30 21:00:00,272.26944
2012-07-30 22:00:00,166.72063
2012-07-30 23:00:00,98.63608
2012-07-31 00:00:00,46.11734
2012-07-31 01:00:00,8.372165
2012-07-31 02:00:00,0.0
2012-07-31 03:00:00,0.0
2012-07-31 04:00:00,0.0
2012-07-31 05:00:00,27.225712
2012-07-31 06:00:00,155.02505
2012-07-31 07:00:00,433.21472
2012-07-31 08:00:00,653.9989
2012-07-31 09:00:00,333.77975
2012-07-31 10:00:00,195.56178
2012-07-31 11:00:00,210.44415
2012-07-31 12:00:00,277.9864
2012-07-31 13:00:00,245.18463
2012-07-31 14:00:00,222.91759
2012-07-31 15:00:00,234.63863
2012-07-31 16:00:00,371.39822
2012-07-31 17:00:00,781.83
2012-07-31 18:00:00,756.8409
2012-07-31 19:00:00,462.0565
2012-07-31 20:00:00,313.13876
2012-07-31 21:00:00,284.50772
2012-07-31 22:00:00,192.19489
2012-07-31 23:00:00,97.21129
2012-08-20 00:00:00,23.814497
2012-08-20 01:00:00,7.84778
2012-08-20 02:00:00,0.0
2012-08-20 03:00:00,0.0
2012-08-20 04:00:00,0.0
2012-08-20 05:00:00,15.012539
2012-08-20 06:00:00,145.18182
2012-08-20 07:00:00,439.57083
2012-08-20 08:00:00,645.04425
2012-08-20 09:00:00,305.75723
2012-08-20 10:00:00,176.28816
2012-08-20 11:00:00,209.20505
2012-08-20 12:00:00,262.07742
2012-08-20 13:00:00,272.92044
2012-08-20 14:00:00,249.83475
2012-08-20 15:00:00,274.46765
2012-08-20 16:00:00,417.33014
2012-08-20 17:00:00,802.96875
2012-08-20 18:00:00,578.95135
2012-08-20 19:00:00,435.01248
2012-08-20 20:00:00,247.56668
2012-08-20 21:00:00,185.97212
2012-08-20 22:00:00,93.353806
2012-08-20 23:00:00,37.486347
2012-08-21 00:00:00,19.10725
2012-08-21 01:00:00,4.8185167
2012-08-21 02:00:00,0.5925274
2012-08-21 03:00:00,0.0
2012-08-21 04:00:00,0.0
2012-08-21 05:00:00,25.870108
2012-08-21 06:00:00,153.80016
2012-08-21 07:00:00,485.55212
2012-08-21 08:00:00,681.98615
2012-08-21 09:00:00,323.36285
2012-08-21 10:00:00,201.68456
2012-08-21 11:00:00,243.70541
2012-08-21 12:00:00,308.93112
2012-08-21 13:00:00,283.08618
2012-08-21 14:00:00,270.0694
2012-08-21 15:00:00,287.51367
2012-08-21 16:00:00,443.26056
2012-08-21 17:00:00,825.37384
2012-08-21 18:00:00,842.27124
2012-08-21 19:00:00,393.61697
2012-08-21 20:00:00,373.50513
2012-08-21 21:00:00,276.2049
2012-08-21 22:00:00,179.29997
2012-08-21 23:00:00,83.576355
2012-08-22 00:00:00,43.575047
2012-08-22 01:00:00,18.462803
2012-08-22 02:00:00,8.395514
2012-08-22 03:00:00,4.693849
2012-08-22 04:00:00,3.5398955
2012-08-22 05:00:00,39.457745
2012-08-22 06:00:00,165.65794
2012-08-22 07:00:00,478.979
2012-08-22 08:00:00,693.391
2012-08-22 09:00:00,339.58566
2012-08-22 10:00:00,213.75317
2012-08-22 11:00:00,239.06497
2012-08-22 12:00:00,292.11203
2012-08-22 13:00:00,276.903
2012-08-22 14:00:00,248.89384
2012-08-22 15:00:00,274.31003
2012-08-22 16:00:00,346.59674
2012-08-22 17:00:00,756.2719
2012-08-22 18:00:00,739.8426
2012-08-22 19:00:00,498.5899
2012-08-22 20:00:00,415.49115
2012-08-22 21:00:00,292.86325
2012-08-22 22:00:00,219.36661
2012-08-22 23:00:00,101.0337
2012-08-23 00:00:00,55.948597
2012-08-23 01:00:00,12.948479
2012-08-23 02:00:00,1.7782652
2012-08-23 03:00:00,0.0
2012-08-23 04:00:00,0.0
2012-08-23 05:00:00,29.739296
2012-08-23 06:00:00,137.86382
2012-08-23 07:00:00,411.44183
2012-08-23 08:00:00,685.53125
2012-08-23 09:00:00,358.8633
2012-08-23 10:00:00,218.4683
2012-08-23 11:00:00,248.42328
2012-08-23 12:00:00,308.3518
2012-08-23 13:00:00,288.5615
2012-08-23 14:00:00,235.65703
2012-08-23 15:00:00,263.99884
2012-08-23 16:00:00,430.53705
2012-08-23 17:00:00,832.7557
2012-08-23 18:00:00,828.1184
2012-08-23 19:00:00,608.8512
2012-08-23 20:00:00,441.52707
2012-08-23 21:00:00,340.8352
2012-08-23 22:00:00,247.1782
2012-08-23 23:00:00,162.43703
2012-08-24 00:00:00,80.935455
2012-08-24 01:00:00,27.813469
2012-08-24 02:00:00,24.933903
2012-08-24 03:00:00,5.321697
2012-08-24 04:00:00,3.3488386
2012-08-24 05:00:00,35.56478
2012-08-24 06:00:00,129.53758
2012-08-24 07:00:00,405.11252
2012-08-24 08:00:00,658.7823
2012-08-24 09:00:00,367.7033
2012-08-24 10:00:00,259.72406
2012-08-24 11:00:00,289.56543
2012-08-24 12:00:00,356.38196
2012-08-24 13:00:00,344.96112
2012-08-24 14:00:00,316.74414
2012-08-24 15:00:00,338.08246
2012-08-24 16:00:00,467.57886
2012-08-24 17:00:00,765.9601
2012-08-24 18:00:00,673.1838
2012-08-24 19:00:00,512.5116
2012-08-24 20:00:00,369.56165
2012-08-24 21:00:00,290.74185
2012-08-24 22:00:00,252.31914
2012-08-24 23:00:00,200.81987
2012-08-25 00:00:00,163.01186
2012-08-25 01:00:00,125.77342
2012-08-25 02:00:00,87.29114
2012-08-25 03:00:00,46.40101
2012-08-25 04:00:00,27.287903
2012-08-25 05:00:00,17.883545
2012-08-25 06:00:00,32.853706
2012-08-25 07:00:00,75.707
2012-08-25 08:00:00,177.36961
2012-08-25 09:00:00,296.06372
2012-08-25 10:00:00,408.19638
2012-08-25 11:00:00,496.03998
2012-08-25 12:00:00,486.0906
2012-08-25 13:00:00,576.30383
2012-08-25 14:00:00,419.48053
2012-08-25 15:00:00,473.06302
2012-08-25 16:00:00,466.0819
2012-08-25 17:00:00,396.77893
2012-08-25 18:00:00,388.49612
2012-08-25 19:00:00,338.2984
2012-08-25 20:00:00,154.0815
2012-08-25 21:00:00,208.72346
2012-08-25 22:00:00,174.48103
2012-08-25 23:00:00,131.1763
2012-08-26 00:00:00,141.84113
2012-08-26 01:00:00,114.83131
2012-08-26 02:00:00,77.46309
2012-08-26 03:00:00,35.430275
2012-08-26 04:00:00,9.71381
2012-08-26 05:00:00,7.431107
2012-08-26 06:00:00,4.880639
2012-08-26 07:00:00,30.53244
2012-08-26 08:00:00,128.47923
2012-08-26 09:00:00,235.73694
2012-08-26 10:00:00,359.78015
2012-08-26 11:00:00,439.36447
2012-08-26 12:00:00,358.37836
2012-08-26 13:00:00,321.1733
2012-08-26 14:00:00,353.17728
2012-08-26 15:00:00,219.4116
2012-08-26 16:00:00,199.46675
2012-08-26 17:00:00,242.44608
2012-08-26 18:00:00,201.95
2012-08-26 19:00:00,215.41295
2012-08-26 20:00:00,182.66885
2012-08-26 21:00:00,143.28506
2012-08-26 22:00:00,108.89718
2012-08-26 23:00:00,74.769104
2012-08-27 00:00:00,27.235111
2012-08-27 01:00:00,7.062078
2012-08-27 02:00:00,0.0
2012-08-27 03:00:00,0.0
2012-08-27 04:00:00,0.0
2012-08-27 05:00:00,20.936146
2012-08-27 06:00:00,128.6969
2012-08-27 07:00:00,381.88327
2012-08-27 08:00:00,562.78754
2012-08-27 09:00:00,277.65887
2012-08-27 10:00:00,181.96237
2012-08-27 11:00:00,209.40349
2012-08-27 12:00:00,266.66333
2012-08-27 13:00:00,262.68155
2012-08-27 14:00:00,249.56091
2012-08-27 15:00:00,262.22348
2012-08-27 16:00:00,398.12085
2012-08-27 17:00:00,819.46027
2012-08-27 18:00:00,811.3395
2012-08-27 19:00:00,531.2745
2012-08-27 20:00:00,396.9274
2012-08-27 21:00:00,264.8888
2012-08-27 22:00:00,155.2448
2012-08-27 23:00:00,82.722626
2012-08-28 00:00:00,36.47364
2012-08-28 01:00:00,23.006824
2012-08-28 02:00:00,3.239369
2012-08-28 03:00:00,9.77001
2012-08-28 04:00:00,0.0
2012-08-28 05:00:00,2.4183943
2012-08-28 06:00:00,152.10822
2012-08-28 07:00:00,389.7092
2012-08-28 08:00:00,586.1154
2012-08-28 09:00:00,332.98477
2012-08-28 10:00:00,191.88567
2012-08-28 11:00:00,221.97348
2012-08-28 12:00:00,281.059
2012-08-28 13:00:00,271.57593
2012-08-28 14:00:00,245.91257
2012-08-28 15:00:00,281.9249
2012-08-28 16:00:00,425.1079
2012-08-28 17:00:00,852.28656
2012-08-28 18:00:00,831.85095
2012-08-28 19:00:00,598.8928
2012-08-28 20:00:00,444.66052
2012-08-28 21:00:00,335.50357
2012-08-28 22:00:00,255.03418
2012-08-28 23:00:00,160.88463
2012-08-29 00:00:00,56.884792
2012-08-29 01:00:00,20.305456
2012-08-29 02:00:00,9.16315
2012-08-29 03:00:00,6.96807
2012-08-29 04:00:00,8.360712
2012-08-29 05:00:00,42.32103
2012-08-29 06:00:00,171.29652
2012-08-29 07:00:00,466.41864
2012-08-29 08:00:00,695.1553
2012-08-29 09:00:00,345.2702
2012-08-29 10:00:00,213.63136
2012-08-29 11:00:00,247.45007
2012-08-29 12:00:00,305.14902
2012-08-29 13:00:00,273.82086
2012-08-29 14:00:00,262.029
2012-08-29 15:00:00,291.08087
2012-08-29 16:00:00,447.8348
2012-08-29 17:00:00,864.2462
2012-08-29 18:00:00,846.3658
2012-08-29 19:00:00,615.4311
2012-08-29 20:00:00,445.59497
2012-08-29 21:00:00,353.1661
2012-08-29 22:00:00,267.8613
2012-08-29 23:00:00,174.19142
2012-08-30 00:00:00,53.870514
2012-08-30 01:00:00,17.406296
2012-08-30 02:00:00,8.596257
2012-08-30 03:00:00,4.5441527
2012-08-30 04:00:00,5.60233
2012-08-30 05:00:00,37.223995
2012-08-30 06:00:00,160.72932
2012-08-30 07:00:00,468.2243
2012-08-30 08:00:00,692.21326
2012-08-30 09:00:00,355.6838
2012-08-30 10:00:00,220.29843
2012-08-30 11:00:00,259.7668
2012-08-30 12:00:00,309.7128
2012-08-30 13:00:00,286.0823
2012-08-30 14:00:00,256.84497
2012-08-30 15:00:00,270.03223
2012-08-30 16:00:00,421.0592
2012-08-30 17:00:00,852.20667
2012-08-30 18:00:00,834.5761
2012-08-30 19:00:00,621.9231
2012-08-30 20:00:00,457.42795
2012-08-30 21:00:00,328.07593
2012-08-30 22:00:00,243.58951
2012-08-30 23:00:00,166.22388
2012-08-31 00:00:00,76.10088
2012-08-31 01:00:00,35.71313
2012-08-31 02:00:00,23.200033
2012-08-31 03:00:00,15.420349
2012-08-31 04:00:00,5.585658
2012-08-31 05:00:00,31.181065
2012-08-31 06:00:00,134.2968
2012-08-31 07:00:00,354.42392
2012-08-31 08:00:00,673.6041
2012-08-31 09:00:00,345.92517
2012-08-31 10:00:00,255.99036
2012-08-31 11:00:00,289.1347
2012-08-31 12:00:00,345.46625
2012-08-31 13:00:00,340.56085
2012-08-31 14:00:00,315.68173
2012-08-31 15:00:00,331.0095
2012-08-31 16:00:00,444.62854
2012-08-31 17:00:00,761.7872
2012-08-31 18:00:00,719.94415
2012-08-31 19:00:00,531.3004
2012-08-31 20:00:00,411.3603
2012-08-31 21:00:00,315.73483
2012-08-31 22:00:00,272.80988
2012-08-31 23:00:00,210.46307
2012-09-20 00:00:00,58.195972
2012-09-20 01:00:00,21.520239
2012-09-20 02:00:00,10.871962
2012-09-20 03:00:00,8.483662
2012-09-20 04:00:00,10.6340685
2012-09-20 05:00:00,46.024887
2012-09-20 06:00:00,178.32663
2012-09-20 07:00:00,520.0619
2012-09-20 08:00:00,763.8941
2012-09-20 09:00:00,367.73782
2012-09-20 10:00:00,233.58783
2012-09-20 11:00:00,242.14914
2012-09-20 12:00:00,315.0506
2012-09-20 13:00:00,300.74615
2012-09-20 14:00:00,279.2829
2012-09-20 15:00:00,309.98172
2012-09-20 16:00:00,461.13205
2012-09-20 17:00:00,862.02606
2012-09-20 18:00:00,830.9204
2012-09-20 19:00:00,587.92285
2012-09-20 20:00:00,414.66968
2012-09-20 21:00:00,316.61945
2012-09-20 22:00:00,227.82784
2012-09-20 23:00:00,161.03438
2012-09-21 00:00:00,69.842224
2012-09-21 01:00:00,34.707253
2012-09-21 02:00:00,18.999668
2012-09-21 03:00:00,16.110397
2012-09-21 04:00:00,14.082817
2012-09-21 05:00:00,46.09176
2012-09-21 06:00:00,172.38475
2012-09-21 07:00:00,456.44357
2012-09-21 08:00:00,700.22314
2012-09-21 09:00:00,364.19412
2012-09-21 10:00:00,271.4969
2012-09-21 11:00:00,323.35712
2012-09-21 12:00:00,396.57202
2012-09-21 13:00:00,396.02075
2012-09-21 14:00:00,373.73184
2012-09-21 15:00:00,398.74564
2012-09-21 16:00:00,535.6282
2012-09-21 17:00:00,814.55225
2012-09-21 18:00:00,724.36487
2012-09-21 19:00:00,535.9097
2012-09-21 20:00:00,382.49054
2012-09-21 21:00:00,276.8274
2012-09-21 22:00:00,235.32236
2012-09-21 23:00:00,180.62837
2012-09-22 00:00:00,155.11772
2012-09-22 01:00:00,110.11317
2012-09-22 02:00:00,74.69552
2012-09-22 03:00:00,34.495956
2012-09-22 04:00:00,16.00667
2012-09-22 05:00:00,19.856575
2012-09-22 06:00:00,36.331856
2012-09-22 07:00:00,103.8567
2012-09-22 08:00:00,211.64839
2012-09-22 09:00:00,345.30853
2012-09-22 10:00:00,455.14032
2012-09-22 11:00:00,582.5902
2012-09-22 12:00:00,648.4543
2012-09-22 13:00:00,625.5177
2012-09-22 14:00:00,613.01965
2012-09-22 15:00:00,611.4835
2012-09-22 16:00:00,611.62384
2012-09-22 17:00:00,617.3281
2012-09-22 18:00:00,565.91766
2012-09-22 19:00:00,481.1432
2012-09-22 20:00:00,395.95074
2012-09-22 21:00:00,327.02078
2012-09-22 22:00:00,276.24512
2012-09-22 23:00:00,220.46704
2012-09-23 00:00:00,198.62192
2012-09-23 01:00:00,112.38569
2012-09-23 02:00:00,90.212105
2012-09-23 03:00:00,43.04952
2012-09-23 04:00:00,26.534702
2012-09-23 05:00:00,24.747606
2012-09-23 06:00:00,24.735977
2012-09-23 07:00:00,82.39757
2012-09-23 08:00:00,158.6073
2012-09-23 09:00:00,270.68207
2012-09-23 10:00:00,415.26205
2012-09-23 11:00:00,525.5775
2012-09-23 12:00:00,592.36664
2012-09-23 13:00:00,645.2651
2012-09-23 14:00:00,618.02747
2012-09-23 15:00:00,627.78174
2012-09-23 16:00:00,626.21405
2012-09-23 17:00:00,604.89044
2012-09-23 18:00:00,519.04694
2012-09-23 19:00:00,360.1256
2012-09-23 20:00:00,254.11517
2012-09-23 21:00:00,169.43187
2012-09-23 22:00:00,147.15012
2012-09-23 23:00:00,90.08853
2012-09-24 00:00:00,39.785656
2012-09-24 01:00:00,14.86737
2012-09-24 02:00:00,12.031424
2012-09-24 03:00:00,7.811975
2012-09-24 04:00:00,3.386566
2012-09-24 05:00:00,37.372986
2012-09-24 06:00:00,164.46503
2012-09-24 07:00:00,473.99554
2012-09-24 08:00:00,717.5847
2012-09-24 09:00:00,342.31094
2012-09-24 10:00:00,203.8114
2012-09-24 11:00:00,257.0366
2012-09-24 12:00:00,331.85825
2012-09-24 13:00:00,303.68726
2012-09-24 14:00:00,277.0775
2012-09-24 15:00:00,293.28336
2012-09-24 16:00:00,476.7443
2012-09-24 17:00:00,836.02905
2012-09-24 18:00:00,826.441
2012-09-24 19:00:00,556.47626
2012-09-24 20:00:00,370.29523
2012-09-24 21:00:00,265.20865
2012-09-24 22:00:00,179.70837
2012-09-24 23:00:00,96.70001
2012-09-25 00:00:00,39.807487
2012-09-25 01:00:00,16.348793
2012-09-25 02:00:00,7.923953
2012-09-25 03:00:00,5.373217
2012-09-25 04:00:00,7.8040457
2012-09-25 05:00:00,42.56256
2012-09-25 06:00:00,172.27292
2012-09-25 07:00:00,492.05243
2012-09-25 08:00:00,747.678
2012-09-25 09:00:00,361.71198
2012-09-25 10:00:00,210.45555
2012-09-25 11:00:00,241.26558
2012-09-25 12:00:00,313.5998
2012-09-25 13:00:00,307.39096
2012-09-25 14:00:00,290.59064
2012-09-25 15:00:00,330.50613
2012-09-25 16:00:00,482.8608
2012-09-25 17:00:00,905.681
2012-09-25 18:00:00,882.5033
2012-09-25 19:00:00,583.1334
2012-09-25 20:00:00,420.85858
2012-09-25 21:00:00,307.67645
2012-09-25 22:00:00,229.6899
2012-09-25 23:00:00,147.54105
2012-09-26 00:00:00,57.40013
2012-09-26 01:00:00,30.63385
2012-09-26 02:00:00,22.663801
2012-09-26 03:00:00,20.596228
2012-09-26 04:00:00,9.022186
2012-09-26 05:00:00,46.453857
2012-09-26 06:00:00,179.30785
2012-09-26 07:00:00,510.72363
2012-09-26 08:00:00,744.1825
2012-09-26 09:00:00,370.13168
2012-09-26 10:00:00,212.18358
2012-09-26 11:00:00,250.07591
2012-09-26 12:00:00,309.19345
2012-09-26 13:00:00,305.51474
2012-09-26 14:00:00,267.75284
2012-09-26 15:00:00,297.32767
2012-09-26 16:00:00,451.27985
2012-09-26 17:00:00,869.52814
2012-09-26 18:00:00,869.7918
2012-09-26 19:00:00,616.5484
2012-09-26 20:00:00,432.3621
2012-09-26 21:00:00,333.76865
2012-09-26 22:00:00,223.78159
2012-09-26 23:00:00,123.15588
2012-09-27 00:00:00,65.56378
2012-09-27 01:00:00,29.15081
2012-09-27 02:00:00,17.896973
2012-09-27 03:00:00,11.840051
2012-09-27 04:00:00,6.0050325
2012-09-27 05:00:00,41.734077
2012-09-27 06:00:00,162.45888
2012-09-27 07:00:00,507.00388
2012-09-27 08:00:00,749.75183
2012-09-27 09:00:00,355.30304
2012-09-27 10:00:00,221.44911
2012-09-27 11:00:00,250.84097
2012-09-27 12:00:00,308.97665
2012-09-27 13:00:00,280.794
2012-09-27 14:00:00,261.6841
2012-09-27 15:00:00,283.1212
2012-09-27 16:00:00,454.01685
2012-09-27 17:00:00,739.3561
2012-09-27 18:00:00,738.73987
2012-09-27 19:00:00,580.2369
2012-09-27 20:00:00,416.32626
2012-09-27 21:00:00,219.0031
2012-09-27 22:00:00,156.67143
2012-09-27 23:00:00,121.92019
2012-09-28 00:00:00,45.621956
2012-09-28 01:00:00,1.9952327
2012-09-28 02:00:00,15.408511
2012-09-28 03:00:00,17.334484
2012-09-28 04:00:00,0.0
2012-09-28 05:00:00,33.08676
2012-09-28 06:00:00,129.33414
2012-09-28 07:00:00,366.5121
2012-09-28 08:00:00,676.37415
2012-09-28 09:00:00,345.2792
2012-09-28 10:00:00,237.79764
2012-09-28 11:00:00,274.42572
2012-09-28 12:00:00,391.6417
2012-09-28 13:00:00,384.3376
2012-09-28 14:00:00,362.39627
2012-09-28 15:00:00,377.49026
2012-09-28 16:00:00,520.7583
2012-09-28 17:00:00,804.12775
2012-09-28 18:00:00,744.9094
2012-09-28 19:00:00,458.98416
2012-09-28 20:00:00,332.63098
2012-09-28 21:00:00,284.8921
2012-09-28 22:00:00,251.49782
2012-09-28 23:00:00,198.74313
2012-09-29 00:00:00,157.86214
2012-09-29 01:00:00,117.453186
2012-09-29 02:00:00,87.99838
2012-09-29 03:00:00,50.42631
2012-09-29 04:00:00,31.78784
2012-09-29 05:00:00,30.627043
2012-09-29 06:00:00,52.17047
2012-09-29 07:00:00,98.69419
2012-09-29 08:00:00,213.62859
2012-09-29 09:00:00,327.61044
2012-09-29 10:00:00,439.7202
2012-09-29 11:00:00,553.9501
2012-09-29 12:00:00,661.6325
2012-09-29 13:00:00,673.35583
2012-09-29 14:00:00,660.05585
2012-09-29 15:00:00,644.4129
2012-09-29 16:00:00,664.1239
2012-09-29 17:00:00,640.09
2012-09-29 18:00:00,525.0289
2012-09-29 19:00:00,406.0988
2012-09-29 20:00:00,309.92917
2012-09-29 21:00:00,258.839
2012-09-29 22:00:00,217.42584
2012-09-29 23:00:00,199.14955
2012-09-30 00:00:00,154.87123
2012-09-30 01:00:00,125.78539
2012-09-30 02:00:00,74.96873
2012-09-30 03:00:00,34.118046
2012-09-30 04:00:00,11.702057
2012-09-30 05:00:00,5.6176043
2012-09-30 06:00:00,18.51398
2012-09-30 07:00:00,57.976505
2012-09-30 08:00:00,146.81032
2012-09-30 09:00:00,276.6126
2012-09-30 10:00:00,423.74472
2012-09-30 11:00:00,549.22485
2012-09-30 12:00:00,628.9291
2012-09-30 13:00:00,644.1374
2012-09-30 14:00:00,613.15137
2012-09-30 15:00:00,642.53485
2012-09-30 16:00:00,651.03375
2012-09-30 17:00:00,609.5832
2012-09-30 18:00:00,439.55197
2012-09-30 19:00:00,206.64395
2012-09-30 20:00:00,142.49408
2012-09-30 21:00:00,151.59184
2012-09-30 22:00:00,103.16824
2012-09-30 23:00:00,78.908554
2012-10-20 00:00:00,141.24554
2012-10-20 01:00:00,96.50969
2012-10-20 02:00:00,60.357407
2012-10-20 03:00:00,24.941807
2012-10-20 04:00:00,5.4216514
2012-10-20 05:00:00,17.28304
2012-10-20 06:00:00,34.78244
2012-10-20 07:00:00,99.86055
2012-10-20 08:00:00,205.21536
2012-10-20 09:00:00,343.41385
2012-10-20 10:00:00,432.4948
2012-10-20 11:00:00,546.7002
2012-10-20 12:00:00,617.0076
2012-10-20 13:00:00,636.8126
2012-10-20 14:00:00,606.2236
2012-10-20 15:00:00,588.1722
2012-10-20 16:00:00,613.71765
2012-10-20 17:00:00,603.6866
2012-10-20 18:00:00,501.93762
2012-10-20 19:00:00,358.8969
2012-10-20 20:00:00,290.24356
2012-10-20 21:00:00,202.53648
2012-10-20 22:00:00,178.22728
2012-10-20 23:00:00,151.24243
2012-10-21 00:00:00,138.42947
2012-10-21 01:00:00,111.77591
2012-10-21 02:00:00,72.13444
2012-10-21 03:00:00,33.132927
2012-10-21 04:00:00,8.875024
2012-10-21 05:00:00,10.038796
2012-10-21 06:00:00,21.525167
2012-10-21 07:00:00,64.39257
2012-10-21 08:00:00,136.60806
2012-10-21 09:00:00,267.51065
2012-10-21 10:00:00,393.56436
2012-10-21 11:00:00,508.9747
2012-10-21 12:00:00,602.7229
2012-10-21 13:00:00,646.2086
2012-10-21 14:00:00,623.7051
2012-10-21 15:00:00,611.3237
2012-10-21 16:00:00,610.8756
2012-10-21 17:00:00,535.3446
2012-10-21 18:00:00,458.66064
2012-10-21 19:00:00,314.54718
2012-10-21 20:00:00,197.99887
2012-10-21 21:00:00,123.47215
2012-10-21 22:00:00,94.94116
2012-10-21 23:00:00,64.93782
2012-10-22 00:00:00,34.4674
2012-10-22 01:00:00,8.8132
2012-10-22 02:00:00,0.15687305
2012-10-22 03:00:00,4.0320015
2012-10-22 04:00:00,0.0
2012-10-22 05:00:00,28.351448
2012-10-22 06:00:00,137.27429
2012-10-22 07:00:00,421.17902
2012-10-22 08:00:00,721.26
2012-10-22 09:00:00,347.92212
2012-10-22 10:00:00,205.34245
2012-10-22 11:00:00,252.74072
2012-10-22 12:00:00,323.63373
2012-10-22 13:00:00,307.77408
2012-10-22 14:00:00,306.08148
2012-10-22 15:00:00,312.32678
2012-10-22 16:00:00,464.75208
2012-10-22 17:00:00,828.18396
2012-10-22 18:00:00,697.81323
2012-10-22 19:00:00,490.16312
2012-10-22 20:00:00,338.46002
2012-10-22 21:00:00,211.26076
2012-10-22 22:00:00,136.43819
2012-10-22 23:00:00,81.028275
2012-10-23 00:00:00,35.74065
2012-10-23 01:00:00,13.606848
2012-10-23 02:00:00,3.8120496
2012-10-23 03:00:00,2.4705908
2012-10-23 04:00:00,3.8396003
2012-10-23 05:00:00,39.374508
2012-10-23 06:00:00,163.19452
2012-10-23 07:00:00,472.84186
2012-10-23 08:00:00,731.625
2012-10-23 09:00:00,364.79736
2012-10-23 10:00:00,220.1222
2012-10-23 11:00:00,248.00764
2012-10-23 12:00:00,299.53003
2012-10-23 13:00:00,283.23227
2012-10-23 14:00:00,277.33862
2012-10-23 15:00:00,316.41708
2012-10-23 16:00:00,451.9882
2012-10-23 17:00:00,837.13855
2012-10-23 18:00:00,799.32324
2012-10-23 19:00:00,540.03326
2012-10-23 20:00:00,373.95627
2012-10-23 21:00:00,247.96779
2012-10-23 22:00:00,186.04173
2012-10-23 23:00:00,108.12897
2012-10-24 00:00:00,42.39192
2012-10-24 01:00:00,11.800564
2012-10-24 02:00:00,2.4283872
2012-10-24 03:00:00,5.079458
2012-10-24 04:00:00,6.86455
2012-10-24 05:00:00,42.250397
2012-10-24 06:00:00,173.8803
2012-10-24 07:00:00,472.67636
2012-10-24 08:00:00,685.3758
2012-10-24 09:00:00,364.7993
2012-10-24 10:00:00,200.39107
2012-10-24 11:00:00,250.59557
2012-10-24 12:00:00,314.43234
2012-10-24 13:00:00,293.20108
2012-10-24 14:00:00,287.17407
2012-10-24 15:00:00,312.55267
2012-10-24 16:00:00,476.71164
2012-10-24 17:00:00,816.0774
2012-10-24 18:00:00,802.4734
2012-10-24 19:00:00,541.73584
2012-10-24 20:00:00,393.1207
2012-10-24 21:00:00,304.42056
2012-10-24 22:00:00,228.84177
2012-10-24 23:00:00,133.15274
2012-10-25 00:00:00,67.59731
2012-10-25 01:00:00,23.346075
2012-10-25 02:00:00,3.6317189
2012-10-25 03:00:00,0.9851048
2012-10-25 04:00:00,0.0
2012-10-25 05:00:00,34.46646
2012-10-25 06:00:00,152.26746
2012-10-25 07:00:00,442.14786
2012-10-25 08:00:00,686.53375
2012-10-25 09:00:00,339.04437
2012-10-25 10:00:00,174.49957
2012-10-25 11:00:00,161.59119
2012-10-25 12:00:00,243.4276
2012-10-25 13:00:00,207.48898
2012-10-25 14:00:00,255.4391
2012-10-25 15:00:00,311.1373
2012-10-25 16:00:00,437.37573
2012-10-25 17:00:00,726.30615
2012-10-25 18:00:00,402.92935
2012-10-25 19:00:00,359.8029
2012-10-25 20:00:00,265.47864
2012-10-25 21:00:00,200.536
2012-10-25 22:00:00,162.28157
2012-10-25 23:00:00,107.81787
2012-10-26 00:00:00,59.750134
2012-10-26 01:00:00,18.128988
2012-10-26 02:00:00,3.1786911
2012-10-26 03:00:00,1.1717256
2012-10-26 04:00:00,0.00620428
2012-10-26 05:00:00,21.584166
2012-10-26 06:00:00,129.41544
2012-10-26 07:00:00,381.55057
2012-10-26 08:00:00,604.2949
2012-10-26 09:00:00,326.12106
2012-10-26 10:00:00,201.30145
2012-10-26 11:00:00,246.24422
2012-10-26 12:00:00,326.49048
2012-10-26 13:00:00,331.21732
2012-10-26 14:00:00,332.30508
2012-10-26 15:00:00,368.4509
2012-10-26 16:00:00,440.61023
2012-10-26 17:00:00,516.86835
2012-10-26 18:00:00,430.10696
2012-10-26 19:00:00,270.40634
2012-10-26 20:00:00,211.12508
2012-10-26 21:00:00,207.26846
2012-10-26 22:00:00,148.13638
2012-10-26 23:00:00,121.65401
2012-10-27 00:00:00,134.6798
2012-10-27 01:00:00,97.35756
2012-10-27 02:00:00,64.19851
2012-10-27 03:00:00,24.52849
2012-10-27 04:00:00,10.045331
2012-10-27 05:00:00,24.28686
2012-10-27 06:00:00,41.162834
2012-10-27 07:00:00,92.869675
2012-10-27 08:00:00,211.99419
2012-10-27 09:00:00,312.90424
2012-10-27 10:00:00,410.1682
2012-10-27 11:00:00,540.87756
2012-10-27 12:00:00,649.87964
2012-10-27 13:00:00,666.0278
2012-10-27 14:00:00,632.06244
2012-10-27 15:00:00,572.4607
2012-10-27 16:00:00,556.45447
2012-10-27 17:00:00,511.44836
2012-10-27 18:00:00,446.03397
2012-10-27 19:00:00,326.06738
2012-10-27 20:00:00,246.4224
2012-10-27 21:00:00,197.93501
2012-10-27 22:00:00,171.1807
2012-10-27 23:00:00,137.42607
2012-10-28 00:00:00,123.98047
2012-10-28 01:00:00,105.167496
2012-10-28 02:00:00,75.18527
2012-10-28 03:00:00,40.830463
2012-10-28 04:00:00,16.492617
2012-10-28 05:00:00,17.866909
2012-10-28 06:00:00,32.80359
2012-10-28 07:00:00,80.18942
2012-10-28 08:00:00,167.90239
2012-10-28 09:00:00,255.9427
2012-10-28 10:00:00,342.47638
2012-10-28 11:00:00,459.64978
2012-10-28 12:00:00,482.04544
2012-10-28 13:00:00,480.3622
2012-10-28 14:00:00,486.7207
2012-10-28 15:00:00,461.05194
2012-10-28 16:00:00,344.4265
2012-10-28 17:00:00,231.38058
2012-10-28 18:00:00,102.29061
2012-10-28 19:00:00,117.358955
2012-10-28 20:00:00,96.49388
2012-10-28 21:00:00,91.885414
2012-10-28 22:00:00,57.701046
2012-10-28 23:00:00,42.13825
2012-10-29 00:00:00,40.48808
2012-10-30 13:00:00,134.9099
2012-10-30 14:00:00,127.88809
2012-10-30 15:00:00,116.565445
2012-10-30 16:00:00,185.91159
2012-10-30 17:00:00,353.23285
2012-10-30 18:00:00,358.80902
2012-10-30 19:00:00,471.827
2012-10-30 20:00:00,231.07123
2012-10-30 21:00:00,167.45184
2012-10-30 22:00:00,133.72125
2012-10-30 23:00:00,86.9117
2012-10-31 00:00:00,45.635994
2012-10-31 01:00:00,21.945414
2012-10-31 02:00:00,12.546539
2012-10-31 03:00:00,8.381308
2012-10-31 04:00:00,8.936074
2012-10-31 05:00:00,37.277264
2012-10-31 06:00:00,144.59958
2012-10-31 07:00:00,386.1475
2012-10-31 08:00:00,710.4238
2012-10-31 09:00:00,345.7501
2012-10-31 10:00:00,177.18262
2012-10-31 11:00:00,179.1864
2012-10-31 12:00:00,265.47333
2012-10-31 13:00:00,246.47287
2012-10-31 14:00:00,213.73428
2012-10-31 15:00:00,260.65085
2012-10-31 16:00:00,366.40955
2012-10-31 17:00:00,644.6614
2012-10-31 18:00:00,622.9319
2012-10-31 19:00:00,432.18073
2012-10-31 20:00:00,309.89883
2012-10-31 21:00:00,233.20268
2012-10-31 22:00:00,173.72592
2012-10-31 23:00:00,120.29311
2012-11-20 00:00:00,30.71899
2012-11-20 01:00:00,12.191613
2012-11-20 02:00:00,3.7797282
2012-11-20 03:00:00,3.9246202
2012-11-20 04:00:00,9.352967
2012-11-20 05:00:00,35.877773
2012-11-20 06:00:00,136.3308
2012-11-20 07:00:00,414.44403
2012-11-20 08:00:00,688.62067
2012-11-20 09:00:00,337.90054
2012-11-20 10:00:00,177.33546
2012-11-20 11:00:00,189.27983
2012-11-20 12:00:00,233.05812
2012-11-20 13:00:00,227.4547
2012-11-20 14:00:00,219.52473
2012-11-20 15:00:00,252.04839
2012-11-20 16:00:00,355.55917
2012-11-20 17:00:00,577.1992
2012-11-20 18:00:00,564.0248
2012-11-20 19:00:00,395.72098
2012-11-20 20:00:00,268.102
2012-11-20 21:00:00,208.1651
2012-11-20 22:00:00,155.66669
2012-11-20 23:00:00,93.09556
2012-11-21 00:00:00,39.70276
2012-11-21 01:00:00,17.162806
2012-11-21 02:00:00,11.272077
2012-11-21 03:00:00,8.380986
2012-11-21 04:00:00,9.343221
2012-11-21 05:00:00,36.55674
2012-11-21 06:00:00,137.38469
2012-11-21 07:00:00,396.65286
2012-11-21 08:00:00,674.9784
2012-11-21 09:00:00,334.6142
2012-11-21 10:00:00,190.04596
2012-11-21 11:00:00,192.67061
2012-11-21 12:00:00,247.33522
2012-11-21 13:00:00,248.72171
2012-11-21 14:00:00,241.99896
2012-11-21 15:00:00,261.9595
2012-11-21 16:00:00,366.04654
2012-11-21 17:00:00,609.1507
2012-11-21 18:00:00,582.61304
2012-11-21 19:00:00,400.7906
2012-11-21 20:00:00,269.66022
2012-11-21 21:00:00,206.11484
2012-11-21 22:00:00,150.00012
2012-11-21 23:00:00,103.6172
2012-11-22 00:00:00,74.84247
2012-11-22 01:00:00,43.69723
2012-11-22 02:00:00,27.175611
2012-11-22 03:00:00,9.853136
2012-11-22 04:00:00,17.876993
2012-11-22 05:00:00,20.885803
2012-11-22 06:00:00,60.702106
2012-11-22 07:00:00,219.16628
2012-11-22 08:00:00,414.49542
2012-11-22 09:00:00,295.8469
2012-11-22 10:00:00,281.0361
2012-11-22 11:00:00,329.42404
2012-11-22 12:00:00,385.36322
2012-11-22 13:00:00,397.7067
2012-11-22 14:00:00,395.25543
2012-11-22 15:00:00,399.53714
2012-11-22 16:00:00,437.5098
2012-11-22 17:00:00,483.22318
2012-11-22 18:00:00,399.97052
2012-11-22 19:00:00,312.24225
2012-11-22 20:00:00,250.62018
2012-11-22 21:00:00,190.1721
2012-11-22 22:00:00,147.33217
2012-11-22 23:00:00,111.94149
2012-11-23 00:00:00,46.892776
2012-11-23 01:00:00,28.944378
2012-11-23 02:00:00,9.163348
2012-11-23 03:00:00,4.3945885
2012-11-23 04:00:00,4.014564
2012-11-23 05:00:00,31.334475
2012-11-23 06:00:00,124.48902
2012-11-23 07:00:00,372.10757
2012-11-23 08:00:00,631.3316
2012-11-23 09:00:00,325.78958
2012-11-23 10:00:00,200.10146
2012-11-23 11:00:00,227.24803
2012-11-23 12:00:00,296.94437
2012-11-23 13:00:00,313.07166
2012-11-23 14:00:00,356.32245
2012-11-23 15:00:00,342.6895
2012-11-23 16:00:00,417.25955
2012-11-23 17:00:00,624.9564
2012-11-23 18:00:00,528.77435
2012-11-23 19:00:00,388.43002
2012-11-23 20:00:00,263.93732
2012-11-23 21:00:00,213.6638
2012-11-23 22:00:00,165.4945
2012-11-23 23:00:00,133.76505
2012-11-24 00:00:00,122.38239
2012-11-24 01:00:00,77.65218
2012-11-24 02:00:00,51.381847
2012-11-24 03:00:00,19.331852
2012-11-24 04:00:00,2.6215708
2012-11-24 05:00:00,7.239607
2012-11-24 06:00:00,17.199205
2012-11-24 07:00:00,59.792377
2012-11-24 08:00:00,137.17491
2012-11-24 09:00:00,221.90105
2012-11-24 10:00:00,290.26697
2012-11-24 11:00:00,363.12476
2012-11-24 12:00:00,410.05362
2012-11-24 13:00:00,459.48465
2012-11-24 14:00:00,434.09933
2012-11-24 15:00:00,432.42798
2012-11-24 16:00:00,412.71005
2012-11-24 17:00:00,359.28976
2012-11-24 18:00:00,301.5601
2012-11-24 19:00:00,242.9411
2012-11-24 20:00:00,176.01288
2012-11-24 21:00:00,134.87401
2012-11-24 22:00:00,119.94134
2012-11-24 23:00:00,100.124596
2012-11-25 00:00:00,108.82404
2012-11-25 01:00:00,89.44234
2012-11-25 02:00:00,59.2336
2012-11-25 03:00:00,23.98979
2012-11-25 04:00:00,6.5192585
2012-11-25 05:00:00,7.8367767
2012-11-25 06:00:00,8.433848
2012-11-25 07:00:00,36.724293
2012-11-25 08:00:00,102.52072
2012-11-25 09:00:00,183.63942
2012-11-25 10:00:00,283.03748
2012-11-25 11:00:00,339.36325
2012-11-25 12:00:00,390.2011
2012-11-25 13:00:00,390.24802
2012-11-25 14:00:00,369.78796
2012-11-25 15:00:00,386.6363
2012-11-25 16:00:00,389.9709
2012-11-25 17:00:00,304.66095
2012-11-25 18:00:00,226.63164
2012-11-25 19:00:00,192.52956
2012-11-25 20:00:00,136.05978
2012-11-25 21:00:00,97.0915
2012-11-25 22:00:00,81.89862
2012-11-25 23:00:00,62.20882
2012-11-26 00:00:00,22.998741
2012-11-26 01:00:00,7.805398
2012-11-26 02:00:00,0.80199426
2012-11-26 03:00:00,0.0
2012-11-26 04:00:00,0.8444947
2012-11-26 05:00:00,25.80995
2012-11-26 06:00:00,120.781
2012-11-26 07:00:00,386.24268
2012-11-26 08:00:00,649.38104
2012-11-26 09:00:00,314.20837
2012-11-26 10:00:00,165.36514
2012-11-26 11:00:00,190.73465
2012-11-26 12:00:00,245.89076
2012-11-26 13:00:00,240.09639
2012-11-26 14:00:00,210.74872
2012-11-26 15:00:00,250.89462
2012-11-26 16:00:00,347.93552
2012-11-26 17:00:00,610.6391
2012-11-26 18:00:00,552.5825
2012-11-26 19:00:00,372.16736
2012-11-26 20:00:00,253.26393
2012-11-26 21:00:00,179.65645
2012-11-26 22:00:00,119.38996
2012-11-26 23:00:00,69.97177
2012-11-27 00:00:00,33.76331
2012-11-27 01:00:00,14.337883
2012-11-27 02:00:00,6.786782
2012-11-27 03:00:00,0.0
2012-11-27 04:00:00,0.0
2012-11-27 05:00:00,27.894903
2012-11-27 06:00:00,127.61923
2012-11-27 07:00:00,211.26149
2012-11-27 08:00:00,379.06357
2012-11-27 09:00:00,315.55508
2012-11-27 10:00:00,72.64504
2012-11-27 11:00:00,80.60508
2012-11-27 12:00:00,121.358635
2012-11-27 13:00:00,115.20949
2012-11-27 14:00:00,122.88058
2012-11-27 15:00:00,186.06853
2012-11-27 16:00:00,279.45184
2012-11-27 17:00:00,503.41754
2012-11-27 18:00:00,427.17694
2012-11-27 19:00:00,335.18546
2012-11-27 20:00:00,234.38232
2012-11-27 21:00:00,166.48006
2012-11-27 22:00:00,127.950516
2012-11-27 23:00:00,68.16869
2012-11-28 00:00:00,36.85971
2012-11-28 01:00:00,14.277726
2012-11-28 02:00:00,5.871838
2012-11-28 03:00:00,7.174011
2012-11-28 04:00:00,9.699677
2012-11-28 05:00:00,33.882675
2012-11-28 06:00:00,134.46045
2012-11-28 07:00:00,397.4025
2012-11-28 08:00:00,679.8741
2012-11-28 09:00:00,321.40063
2012-11-28 10:00:00,168.65118
2012-11-28 11:00:00,170.91794
2012-11-28 12:00:00,223.3905
2012-11-28 13:00:00,221.63802
2012-11-28 14:00:00,202.82094
2012-11-28 15:00:00,235.9814
2012-11-28 16:00:00,324.72574
2012-11-28 17:00:00,594.3149
2012-11-28 18:00:00,546.4944
2012-11-28 19:00:00,383.7281
2012-11-28 20:00:00,269.26532
2012-11-28 21:00:00,199.85092
2012-11-28 22:00:00,132.59384
2012-11-28 23:00:00,86.29171
2012-11-29 00:00:00,42.14781
2012-11-29 01:00:00,15.741097
2012-11-29 02:00:00,4.8901567
2012-11-29 04:00:00,4.994255
2012-11-29 05:00:00,31.8928
2012-11-29 06:00:00,130.65721
2012-11-29 07:00:00,394.1332
2012-11-29 08:00:00,663.0361
2012-11-29 09:00:00,329.9373
2012-11-29 10:00:00,175.58366
2012-11-29 11:00:00,195.28362
2012-11-29 12:00:00,232.84702
2012-11-29 13:00:00,235.73723
2012-11-29 14:00:00,207.44698
2012-11-29 15:00:00,238.79692
2012-11-29 16:00:00,337.81995
2012-11-29 17:00:00,592.5676
2012-11-29 18:00:00,536.55475
2012-11-29 19:00:00,370.14758
2012-11-29 20:00:00,269.13623
2012-11-29 21:00:00,194.31084
2012-11-29 22:00:00,152.40724
2012-11-29 23:00:00,118.70623
2012-11-30 00:00:00,47.16555
2012-11-30 01:00:00,24.329731
2012-11-30 02:00:00,7.801256
2012-11-30 03:00:00,3.5142362
2012-11-30 04:00:00,3.0335333
2012-11-30 05:00:00,29.817396
2012-11-30 06:00:00,119.45521
2012-11-30 07:00:00,366.51508
2012-11-30 08:00:00,632.0011
2012-11-30 09:00:00,327.0843
2012-11-30 10:00:00,186.85657
2012-11-30 11:00:00,207.91283
2012-11-30 12:00:00,266.64084
2012-11-30 13:00:00,274.91763
2012-11-30 14:00:00,246.76677
2012-11-30 15:00:00,285.0043
2012-11-30 16:00:00,371.12595
2012-11-30 17:00:00,553.3978
2012-11-30 18:00:00,474.06036
2012-11-30 19:00:00,317.1168
2012-11-30 20:00:00,223.17982
2012-11-30 21:00:00,178.38237
2012-11-30 22:00:00,155.19199
2012-11-30 23:00:00,124.45238
2012-12-20 00:00:00,38.32488
2012-12-20 01:00:00,10.504152
2012-12-20 02:00:00,1.8834391
2012-12-20 03:00:00,2.9460695
2012-12-20 04:00:00,3.2041955
2012-12-20 05:00:00,26.903769
2012-12-20 06:00:00,123.90657
2012-12-20 07:00:00,391.46753
2012-12-20 08:00:00,673.14294
2012-12-20 09:00:00,313.52432
2012-12-20 10:00:00,160.19855
2012-12-20 11:00:00,185.78181
2012-12-20 12:00:00,229.16637
2012-12-20 13:00:00,223.05678
2012-12-20 14:00:00,198.27411
2012-12-20 15:00:00,230.74303
2012-12-20 16:00:00,315.1009
2012-12-20 17:00:00,550.96735
2012-12-20 18:00:00,504.2671
2012-12-20 19:00:00,285.108
2012-12-20 20:00:00,198.81372
2012-12-20 21:00:00,164.53304
2012-12-20 22:00:00,109.36491
2012-12-20 23:00:00,81.93743
2012-12-21 00:00:00,55.08419
2012-12-21 01:00:00,42.0124
2012-12-21 02:00:00,36.214016
2012-12-21 03:00:00,31.0438
2012-12-21 04:00:00,0.0
2012-12-21 05:00:00,20.044188
2012-12-21 06:00:00,114.78226
2012-12-21 07:00:00,356.9581
2012-12-21 08:00:00,638.14
2012-12-21 09:00:00,296.97858
2012-12-21 10:00:00,171.2691
2012-12-21 11:00:00,188.62112
2012-12-21 12:00:00,256.3673
2012-12-21 13:00:00,252.55669
2012-12-21 14:00:00,240.1161
2012-12-21 15:00:00,254.92688
2012-12-21 16:00:00,349.08734
2012-12-21 17:00:00,511.004
2012-12-21 18:00:00,451.14548
2012-12-21 19:00:00,292.73718
2012-12-21 20:00:00,207.38382
2012-12-21 21:00:00,150.87352
2012-12-21 22:00:00,118.82643
2012-12-21 23:00:00,94.76797
2012-12-22 00:00:00,85.36089
2012-12-22 01:00:00,65.68425
2012-12-22 02:00:00,38.5897
2012-12-22 03:00:00,6.693664
2012-12-22 04:00:00,0.0
2012-12-22 05:00:00,0.0
2012-12-22 06:00:00,4.794422
2012-12-22 07:00:00,51.219704
2012-12-22 08:00:00,130.24327
2012-12-22 09:00:00,213.18677
2012-12-22 10:00:00,279.96915
2012-12-22 11:00:00,363.22458
2012-12-22 12:00:00,409.80634
2012-12-22 13:00:00,434.47937
2012-12-22 14:00:00,422.8941
2012-12-22 15:00:00,414.0906
2012-12-22 16:00:00,404.28842
2012-12-22 17:00:00,336.87308
2012-12-22 18:00:00,256.6916
2012-12-22 19:00:00,216.3671
2012-12-22 20:00:00,154.089
2012-12-22 21:00:00,126.76115
2012-12-22 22:00:00,106.868904
2012-12-22 23:00:00,88.79288
2012-12-23 00:00:00,98.602425
2012-12-23 01:00:00,83.090866
2012-12-23 02:00:00,54.255943
2012-12-23 03:00:00,22.947926
2012-12-23 04:00:00,3.4812737
2012-12-23 05:00:00,0.96679085
2012-12-23 06:00:00,3.8580277
2012-12-23 07:00:00,30.531612
2012-12-23 08:00:00,93.39719
2012-12-23 09:00:00,180.82623
2012-12-23 10:00:00,257.5111
2012-12-23 11:00:00,324.21
2012-12-23 12:00:00,388.3917
2012-12-23 13:00:00,415.71832
2012-12-23 14:00:00,410.2725
2012-12-23 15:00:00,411.87854
2012-12-23 16:00:00,411.3455
2012-12-23 17:00:00,280.2775
2012-12-23 18:00:00,208.90448
2012-12-23 19:00:00,173.54605
2012-12-23 20:00:00,122.85869
2012-12-23 21:00:00,94.712746
2012-12-23 22:00:00,70.286865
2012-12-23 23:00:00,48.664986
2012-12-24 00:00:00,22.720842
2012-12-24 01:00:00,8.485938
2012-12-24 02:00:00,1.2948592
2012-12-24 03:00:00,0.04769075
2012-12-24 05:00:00,26.24255
2012-12-24 06:00:00,108.81408
2012-12-24 07:00:00,362.1866
2012-12-24 08:00:00,630.1854
2012-12-24 09:00:00,288.74265
2012-12-24 10:00:00,144.37294
2012-12-24 11:00:00,163.06221
2012-12-24 12:00:00,210.6677
2012-12-24 13:00:00,153.9955
2012-12-24 14:00:00,127.50261
2012-12-24 15:00:00,147.068
2012-12-24 16:00:00,214.1719
2012-12-24 17:00:00,381.03143
2012-12-24 18:00:00,366.35773
2012-12-24 19:00:00,269.44543
2012-12-24 20:00:00,158.91116
2012-12-24 21:00:00,141.21623
2012-12-24 22:00:00,92.452194
2012-12-24 23:00:00,55.823963
2012-12-25 00:00:00,67.66613
2012-12-25 01:00:00,66.31222
2012-12-25 02:00:00,49.948433
2012-12-25 04:00:00,25.169308
2012-12-25 05:00:00,32.46108
2012-12-25 06:00:00,55.06811
2012-12-25 07:00:00,191.18187
2012-12-25 08:00:00,379.80038
2012-12-25 09:00:00,280.4921
2012-12-25 10:00:00,261.76526
2012-12-25 11:00:00,292.65552
2012-12-25 12:00:00,332.25754
2012-12-25 13:00:00,345.90067
2012-12-25 14:00:00,338.06128
2012-12-25 15:00:00,329.218
2012-12-25 16:00:00,358.47345
2012-12-25 17:00:00,407.5017
2012-12-25 18:00:00,371.91467
2012-12-25 19:00:00,292.72577
2012-12-25 20:00:00,213.18845
2012-12-25 21:00:00,152.86046
2012-12-25 22:00:00,114.57808
2012-12-25 23:00:00,70.115654
2012-12-26 00:00:00,45.73237
2012-12-26 01:00:00,23.913591
2012-12-26 02:00:00,15.633039
2012-12-26 03:00:00,7.5560513
2012-12-26 04:00:00,7.6055317
2012-12-26 05:00:00,33.33681
2012-12-26 06:00:00,118.63919
2012-12-26 07:00:00,201.28886
2012-12-26 08:00:00,378.54364
2012-12-26 09:00:00,188.26472
2012-12-26 10:00:00,89.93732
2012-12-26 11:00:00,104.75938
2012-12-26 12:00:00,140.13396
2012-12-26 13:00:00,142.75262
2012-12-26 14:00:00,131.4635
2012-12-26 15:00:00,155.5293
2012-12-26 16:00:00,216.65317
2012-12-26 17:00:00,359.21164
2012-12-26 18:00:00,331.8966
2012-12-26 19:00:00,211.36299
2012-12-26 20:00:00,140.5156
2012-12-26 21:00:00,147.55055
2012-12-26 22:00:00,87.74176
2012-12-26 23:00:00,45.567806
2012-12-27 00:00:00,34.714127
2012-12-27 01:00:00,19.709803
2012-12-27 02:00:00,13.162406
2012-12-27 03:00:00,11.863772
2012-12-27 04:00:00,12.114149
2012-12-27 05:00:00,27.250381
2012-12-27 06:00:00,117.03055
2012-12-27 07:00:00,376.47076
2012-12-27 08:00:00,672.47455
2012-12-27 09:00:00,315.33118
2012-12-27 10:00:00,170.8704
2012-12-27 11:00:00,170.67453
2012-12-27 12:00:00,212.05942
2012-12-27 13:00:00,204.10233
2012-12-27 14:00:00,187.26274
2012-12-27 15:00:00,208.46632
2012-12-27 16:00:00,300.63693
2012-12-27 17:00:00,526.37775
2012-12-27 18:00:00,506.75128
2012-12-27 19:00:00,343.51382
2012-12-27 20:00:00,242.48994
2012-12-27 21:00:00,175.54895
2012-12-27 22:00:00,127.47777
2012-12-27 23:00:00,90.521484
2012-12-28 00:00:00,46.84643
2012-12-28 01:00:00,24.77112
2012-12-28 02:00:00,13.389068
2012-12-28 03:00:00,8.081736
2012-12-28 04:00:00,5.598604
2012-12-28 05:00:00,25.863552
2012-12-28 06:00:00,116.957634
2012-12-28 07:00:00,342.51724
2012-12-28 08:00:00,625.34924
2012-12-28 09:00:00,306.48538
2012-12-28 10:00:00,174.58461
2012-12-28 11:00:00,195.32593
2012-12-28 12:00:00,243.791
2012-12-28 13:00:00,236.6128
2012-12-28 14:00:00,214.9683
2012-12-28 15:00:00,236.25298
2012-12-28 16:00:00,332.32562
2012-12-28 17:00:00,510.98615
2012-12-28 18:00:00,452.39197
2012-12-28 19:00:00,302.4649
2012-12-28 20:00:00,201.87746
2012-12-28 21:00:00,153.40314
2012-12-28 22:00:00,130.2128
2012-12-28 23:00:00,108.43959
2012-12-29 00:00:00,98.33057
2012-12-29 01:00:00,80.106186
2012-12-29 02:00:00,48.96534
2012-12-29 03:00:00,16.75225
2012-12-29 04:00:00,4.388351
2012-12-29 05:00:00,4.0666504
2012-12-29 06:00:00,6.840806
2012-12-29 07:00:00,40.93997
2012-12-29 08:00:00,143.1837
2012-12-29 09:00:00,225.82442
2012-12-29 10:00:00,208.36499
2012-12-29 11:00:00,258.0944
2012-12-29 12:00:00,290.65482
2012-12-29 13:00:00,290.42236
2012-12-29 14:00:00,366.36066
2012-12-29 15:00:00,364.4086
2012-12-29 16:00:00,377.38797
2012-12-29 17:00:00,267.95886
2012-12-29 18:00:00,226.53331
2012-12-29 19:00:00,227.37259
2012-12-29 20:00:00,162.98537
2012-12-29 21:00:00,127.5374
2012-12-29 22:00:00,110.24859
2012-12-29 23:00:00,107.06691
2012-12-30 00:00:00,104.94686
2012-12-30 01:00:00,83.92455
2012-12-30 02:00:00,62.954742
2012-12-30 03:00:00,21.278904
2012-12-30 04:00:00,9.612425
2012-12-30 05:00:00,0.0
2012-12-30 06:00:00,0.0
2012-12-30 07:00:00,33.785213
2012-12-30 08:00:00,94.37492
2012-12-30 09:00:00,174.71371
2012-12-30 10:00:00,260.68182
2012-12-30 11:00:00,329.1669
2012-12-30 12:00:00,384.6722
2012-12-30 13:00:00,389.38644
2012-12-30 14:00:00,381.22083
2012-12-30 15:00:00,380.39566
2012-12-30 16:00:00,369.70493
2012-12-30 17:00:00,299.80777
2012-12-30 18:00:00,217.71358
2012-12-30 19:00:00,184.63736
2012-12-30 20:00:00,118.46771
2012-12-30 21:00:00,72.60132
2012-12-30 22:00:00,54.49634
2012-12-30 23:00:00,25.646616
2012-12-31 00:00:00,23.585995
2012-12-31 01:00:00,9.345405
2012-12-31 02:00:00,5.064244
2012-12-31 03:00:00,4.060183
2012-12-31 04:00:00,2.4997945
2012-12-31 05:00:00,26.288073
2012-12-31 06:00:00,107.13285
2012-12-31 07:00:00,353.01663
2012-12-31 08:00:00,607.4736
2012-12-31 09:00:00,285.514
2012-12-31 10:00:00,137.99677
2012-12-31 11:00:00,165.7362
2012-12-31 12:00:00,214.18817
2012-12-31 13:00:00,201.63156
2012-12-31 14:00:00,187.41434
2012-12-31 15:00:00,202.63293
2012-12-31 16:00:00,303.3659
2012-12-31 17:00:00,527.2069
2012-12-31 18:00:00,508.51273
2012-12-31 19:00:00,332.3917
2012-12-31 20:00:00,215.71574
2012-12-31 21:00:00,150.63518
2012-12-31 22:00:00,93.577515
2012-12-31 23:00:00,44.021748
